Copyright 1986-2022 Xilinx, Inc. All Rights Reserved. Copyright 2022-2025 Advanced Micro Devices, Inc. All Rights Reserved.
---------------------------------------------------------------------------------------------------------------------------------------------
| Tool Version : Vivado v.2025.1 (lin64) Build 6140274 Wed May 21 22:58:25 MDT 2025
| Date         : Tue May 26 20:01:43 2026
| Host         : nemo running 64-bit Ubuntu 24.04.4 LTS
| Command      : report_drc -file system_top_drc_routed.rpt -pb system_top_drc_routed.pb -rpx system_top_drc_routed.rpx
| Design       : system_top
| Device       : xczu3eg-sfva625-2-e
| Speed File   : -2
| Design State : Fully Routed
---------------------------------------------------------------------------------------------------------------------------------------------

Report DRC

Table of Contents
-----------------
1. REPORT SUMMARY
2. REPORT DETAILS

1. REPORT SUMMARY
-----------------
            Netlist: netlist
          Floorplan: design_1
      Design limits: <entire design considered>
           Ruledeck: default
             Max checks: <unlimited>
             Checks found: 161
+-----------+----------+---------------------------------------------------------------------+--------+
| Rule      | Severity | Description                                                         | Checks |
+-----------+----------+---------------------------------------------------------------------+--------+
| DPIP-2    | Warning  | Input pipelining                                                    | 51     |
| DPOP-3    | Warning  | PREG Output pipelining                                              | 34     |
| DPOP-4    | Warning  | MREG Output pipelining                                              | 49     |
| REQP-1774 | Warning  | RAMB36E2_WRITE_WIDTH_A_18_doesnt_use_WEA32                          | 2      |
| RTSTAT-10 | Warning  | No routable loads                                                   | 1      |
| AVAL-155  | Advisory | enum_AMULTSEL_BMULTSEL_enum_DREG_ADREG_0_connects_CED_CEAD_RSTD_GND | 12     |
| REQP-1701 | Advisory | enum_DREG_0_connects_CED_GND                                        | 12     |
+-----------+----------+---------------------------------------------------------------------+--------+

2. REPORT DETAILS
-----------------
DPIP-2#1 Warning
Input pipelining  
DSP i_system_wrapper/system_i/Receiver_ip_0/inst/u_Receiver_ip_dut_inst/u_Receiver_ip_src_Receiver/u_QPSK_Rx/u_Automatic_Gain_Control/Product_mul_temp input i_system_wrapper/system_i/Receiver_ip_0/inst/u_Receiver_ip_dut_inst/u_Receiver_ip_src_Receiver/u_QPSK_Rx/u_Automatic_Gain_Control/Product_mul_temp/A[29:0] is not pipelined. Pipelining DSP48 input will improve performance.
Related violations: <none>

DPIP-2#2 Warning
Input pipelining  
DSP i_system_wrapper/system_i/Receiver_ip_0/inst/u_Receiver_ip_dut_inst/u_Receiver_ip_src_Receiver/u_QPSK_Rx/u_Automatic_Gain_Control/Product_mul_temp input i_system_wrapper/system_i/Receiver_ip_0/inst/u_Receiver_ip_dut_inst/u_Receiver_ip_src_Receiver/u_QPSK_Rx/u_Automatic_Gain_Control/Product_mul_temp/B[17:0] is not pipelined. Pipelining DSP48 input will improve performance.
Related violations: <none>

DPIP-2#3 Warning
Input pipelining  
DSP i_system_wrapper/system_i/Receiver_ip_0/inst/u_Receiver_ip_dut_inst/u_Receiver_ip_src_Receiver/u_QPSK_Rx/u_Automatic_Gain_Control/Product_mul_temp_1 input i_system_wrapper/system_i/Receiver_ip_0/inst/u_Receiver_ip_dut_inst/u_Receiver_ip_src_Receiver/u_QPSK_Rx/u_Automatic_Gain_Control/Product_mul_temp_1/A[29:0] is not pipelined. Pipelining DSP48 input will improve performance.
Related violations: <none>

DPIP-2#4 Warning
Input pipelining  
DSP i_system_wrapper/system_i/Receiver_ip_0/inst/u_Receiver_ip_dut_inst/u_Receiver_ip_src_Receiver/u_QPSK_Rx/u_Automatic_Gain_Control/Product_mul_temp_1 input i_system_wrapper/system_i/Receiver_ip_0/inst/u_Receiver_ip_dut_inst/u_Receiver_ip_src_Receiver/u_QPSK_Rx/u_Automatic_Gain_Control/Product_mul_temp_1/B[17:0] is not pipelined. Pipelining DSP48 input will improve performance.
Related violations: <none>

DPIP-2#5 Warning
Input pipelining  
DSP i_system_wrapper/system_i/Receiver_ip_0/inst/u_Receiver_ip_dut_inst/u_Receiver_ip_src_Receiver/u_QPSK_Rx/u_Automatic_Gain_Control/Product_mul_temp_2 input i_system_wrapper/system_i/Receiver_ip_0/inst/u_Receiver_ip_dut_inst/u_Receiver_ip_src_Receiver/u_QPSK_Rx/u_Automatic_Gain_Control/Product_mul_temp_2/A[29:0] is not pipelined. Pipelining DSP48 input will improve performance.
Related violations: <none>

DPIP-2#6 Warning
Input pipelining  
DSP i_system_wrapper/system_i/Receiver_ip_0/inst/u_Receiver_ip_dut_inst/u_Receiver_ip_src_Receiver/u_QPSK_Rx/u_Automatic_Gain_Control/Product_mul_temp_2 input i_system_wrapper/system_i/Receiver_ip_0/inst/u_Receiver_ip_dut_inst/u_Receiver_ip_src_Receiver/u_QPSK_Rx/u_Automatic_Gain_Control/Product_mul_temp_2/B[17:0] is not pipelined. Pipelining DSP48 input will improve performance.
Related violations: <none>

DPIP-2#7 Warning
Input pipelining  
DSP i_system_wrapper/system_i/Receiver_ip_0/inst/u_Receiver_ip_dut_inst/u_Receiver_ip_src_Receiver/u_QPSK_Rx/u_Automatic_Gain_Control/Product_mul_temp_3 input i_system_wrapper/system_i/Receiver_ip_0/inst/u_Receiver_ip_dut_inst/u_Receiver_ip_src_Receiver/u_QPSK_Rx/u_Automatic_Gain_Control/Product_mul_temp_3/A[29:0] is not pipelined. Pipelining DSP48 input will improve performance.
Related violations: <none>

DPIP-2#8 Warning
Input pipelining  
DSP i_system_wrapper/system_i/Receiver_ip_0/inst/u_Receiver_ip_dut_inst/u_Receiver_ip_src_Receiver/u_QPSK_Rx/u_Automatic_Gain_Control/Product_mul_temp_3 input i_system_wrapper/system_i/Receiver_ip_0/inst/u_Receiver_ip_dut_inst/u_Receiver_ip_src_Receiver/u_QPSK_Rx/u_Automatic_Gain_Control/Product_mul_temp_3/B[17:0] is not pipelined. Pipelining DSP48 input will improve performance.
Related violations: <none>

DPIP-2#9 Warning
Input pipelining  
DSP i_system_wrapper/system_i/Receiver_ip_0/inst/u_Receiver_ip_dut_inst/u_Receiver_ip_src_Receiver/u_QPSK_Rx/u_Automatic_Gain_Control/u_Error_Detector/Product_mul_temp input i_system_wrapper/system_i/Receiver_ip_0/inst/u_Receiver_ip_dut_inst/u_Receiver_ip_src_Receiver/u_QPSK_Rx/u_Automatic_Gain_Control/u_Error_Detector/Product_mul_temp/A[29:0] is not pipelined. Pipelining DSP48 input will improve performance.
Related violations: <none>

DPIP-2#10 Warning
Input pipelining  
DSP i_system_wrapper/system_i/Receiver_ip_0/inst/u_Receiver_ip_dut_inst/u_Receiver_ip_src_Receiver/u_QPSK_Rx/u_Automatic_Gain_Control/u_Error_Detector/Product_mul_temp input i_system_wrapper/system_i/Receiver_ip_0/inst/u_Receiver_ip_dut_inst/u_Receiver_ip_src_Receiver/u_QPSK_Rx/u_Automatic_Gain_Control/u_Error_Detector/Product_mul_temp/B[17:0] is not pipelined. Pipelining DSP48 input will improve performance.
Related violations: <none>

DPIP-2#11 Warning
Input pipelining  
DSP i_system_wrapper/system_i/Receiver_ip_0/inst/u_Receiver_ip_dut_inst/u_Receiver_ip_src_Receiver/u_QPSK_Rx/u_Automatic_Gain_Control/u_Error_Detector/Product_mul_temp_2 input i_system_wrapper/system_i/Receiver_ip_0/inst/u_Receiver_ip_dut_inst/u_Receiver_ip_src_Receiver/u_QPSK_Rx/u_Automatic_Gain_Control/u_Error_Detector/Product_mul_temp_2/A[29:0] is not pipelined. Pipelining DSP48 input will improve performance.
Related violations: <none>

DPIP-2#12 Warning
Input pipelining  
DSP i_system_wrapper/system_i/Receiver_ip_0/inst/u_Receiver_ip_dut_inst/u_Receiver_ip_src_Receiver/u_QPSK_Rx/u_Automatic_Gain_Control/u_Error_Detector/Product_mul_temp_2 input i_system_wrapper/system_i/Receiver_ip_0/inst/u_Receiver_ip_dut_inst/u_Receiver_ip_src_Receiver/u_QPSK_Rx/u_Automatic_Gain_Control/u_Error_Detector/Product_mul_temp_2/B[17:0] is not pipelined. Pipelining DSP48 input will improve performance.
Related violations: <none>

DPIP-2#13 Warning
Input pipelining  
DSP i_system_wrapper/system_i/Receiver_ip_0/inst/u_Receiver_ip_dut_inst/u_Receiver_ip_src_Receiver/u_QPSK_Rx/u_Automatic_Gain_Control/u_Error_Detector/Product_out1_im input i_system_wrapper/system_i/Receiver_ip_0/inst/u_Receiver_ip_dut_inst/u_Receiver_ip_src_Receiver/u_QPSK_Rx/u_Automatic_Gain_Control/u_Error_Detector/Product_out1_im/A[29:0] is not pipelined. Pipelining DSP48 input will improve performance.
Related violations: <none>

DPIP-2#14 Warning
Input pipelining  
DSP i_system_wrapper/system_i/Receiver_ip_0/inst/u_Receiver_ip_dut_inst/u_Receiver_ip_src_Receiver/u_QPSK_Rx/u_Automatic_Gain_Control/u_Error_Detector/Product_out1_im input i_system_wrapper/system_i/Receiver_ip_0/inst/u_Receiver_ip_dut_inst/u_Receiver_ip_src_Receiver/u_QPSK_Rx/u_Automatic_Gain_Control/u_Error_Detector/Product_out1_im/B[17:0] is not pipelined. Pipelining DSP48 input will improve performance.
Related violations: <none>

DPIP-2#15 Warning
Input pipelining  
DSP i_system_wrapper/system_i/Receiver_ip_0/inst/u_Receiver_ip_dut_inst/u_Receiver_ip_src_Receiver/u_QPSK_Rx/u_Automatic_Gain_Control/u_Error_Detector/Product_out1_re input i_system_wrapper/system_i/Receiver_ip_0/inst/u_Receiver_ip_dut_inst/u_Receiver_ip_src_Receiver/u_QPSK_Rx/u_Automatic_Gain_Control/u_Error_Detector/Product_out1_re/A[29:0] is not pipelined. Pipelining DSP48 input will improve performance.
Related violations: <none>

DPIP-2#16 Warning
Input pipelining  
DSP i_system_wrapper/system_i/Receiver_ip_0/inst/u_Receiver_ip_dut_inst/u_Receiver_ip_src_Receiver/u_QPSK_Rx/u_Automatic_Gain_Control/u_Error_Detector/Product_out1_re input i_system_wrapper/system_i/Receiver_ip_0/inst/u_Receiver_ip_dut_inst/u_Receiver_ip_src_Receiver/u_QPSK_Rx/u_Automatic_Gain_Control/u_Error_Detector/Product_out1_re/B[17:0] is not pipelined. Pipelining DSP48 input will improve performance.
Related violations: <none>

DPIP-2#17 Warning
Input pipelining  
DSP i_system_wrapper/system_i/Receiver_ip_0/inst/u_Receiver_ip_dut_inst/u_Receiver_ip_src_Receiver/u_QPSK_Rx/u_Automatic_Gain_Control/u_Loop_Filter/Gain1_mul_temp input i_system_wrapper/system_i/Receiver_ip_0/inst/u_Receiver_ip_dut_inst/u_Receiver_ip_src_Receiver/u_QPSK_Rx/u_Automatic_Gain_Control/u_Loop_Filter/Gain1_mul_temp/A[29:0] is not pipelined. Pipelining DSP48 input will improve performance.
Related violations: <none>

DPIP-2#18 Warning
Input pipelining  
DSP i_system_wrapper/system_i/Receiver_ip_0/inst/u_Receiver_ip_dut_inst/u_Receiver_ip_src_Receiver/u_QPSK_Rx/u_Automatic_Gain_Control/u_Loop_Filter/Gain1_mul_temp_1 input i_system_wrapper/system_i/Receiver_ip_0/inst/u_Receiver_ip_dut_inst/u_Receiver_ip_src_Receiver/u_QPSK_Rx/u_Automatic_Gain_Control/u_Loop_Filter/Gain1_mul_temp_1/A[29:0] is not pipelined. Pipelining DSP48 input will improve performance.
Related violations: <none>

DPIP-2#19 Warning
Input pipelining  
DSP i_system_wrapper/system_i/Receiver_ip_0/inst/u_Receiver_ip_dut_inst/u_Receiver_ip_src_Receiver/u_QPSK_Rx/u_Automatic_Gain_Control/u_Loop_Filter/Gain1_mul_temp_1__0 input i_system_wrapper/system_i/Receiver_ip_0/inst/u_Receiver_ip_dut_inst/u_Receiver_ip_src_Receiver/u_QPSK_Rx/u_Automatic_Gain_Control/u_Loop_Filter/Gain1_mul_temp_1__0/B[17:0] is not pipelined. Pipelining DSP48 input will improve performance.
Related violations: <none>

DPIP-2#20 Warning
Input pipelining  
DSP i_system_wrapper/system_i/Receiver_ip_0/inst/u_Receiver_ip_dut_inst/u_Receiver_ip_src_Receiver/u_QPSK_Rx/u_Automatic_Gain_Control/u_Loop_Filter/Gain1_mul_temp_1__1 input i_system_wrapper/system_i/Receiver_ip_0/inst/u_Receiver_ip_dut_inst/u_Receiver_ip_src_Receiver/u_QPSK_Rx/u_Automatic_Gain_Control/u_Loop_Filter/Gain1_mul_temp_1__1/A[29:0] is not pipelined. Pipelining DSP48 input will improve performance.
Related violations: <none>

DPIP-2#21 Warning
Input pipelining  
DSP i_system_wrapper/system_i/Receiver_ip_0/inst/u_Receiver_ip_dut_inst/u_Receiver_ip_src_Receiver/u_QPSK_Rx/u_Automatic_Gain_Control/u_Loop_Filter/Gain1_mul_temp_1__2 input i_system_wrapper/system_i/Receiver_ip_0/inst/u_Receiver_ip_dut_inst/u_Receiver_ip_src_Receiver/u_QPSK_Rx/u_Automatic_Gain_Control/u_Loop_Filter/Gain1_mul_temp_1__2/B[17:0] is not pipelined. Pipelining DSP48 input will improve performance.
Related violations: <none>

DPIP-2#22 Warning
Input pipelining  
DSP i_system_wrapper/system_i/Receiver_ip_0/inst/u_Receiver_ip_dut_inst/u_Receiver_ip_src_Receiver/u_QPSK_Rx/u_Automatic_Gain_Control/u_Loop_Filter/Gain1_mul_temp__0 input i_system_wrapper/system_i/Receiver_ip_0/inst/u_Receiver_ip_dut_inst/u_Receiver_ip_src_Receiver/u_QPSK_Rx/u_Automatic_Gain_Control/u_Loop_Filter/Gain1_mul_temp__0/B[17:0] is not pipelined. Pipelining DSP48 input will improve performance.
Related violations: <none>

DPIP-2#23 Warning
Input pipelining  
DSP i_system_wrapper/system_i/Receiver_ip_0/inst/u_Receiver_ip_dut_inst/u_Receiver_ip_src_Receiver/u_QPSK_Rx/u_Automatic_Gain_Control/u_Loop_Filter/Gain1_mul_temp__1 input i_system_wrapper/system_i/Receiver_ip_0/inst/u_Receiver_ip_dut_inst/u_Receiver_ip_src_Receiver/u_QPSK_Rx/u_Automatic_Gain_Control/u_Loop_Filter/Gain1_mul_temp__1/A[29:0] is not pipelined. Pipelining DSP48 input will improve performance.
Related violations: <none>

DPIP-2#24 Warning
Input pipelining  
DSP i_system_wrapper/system_i/Receiver_ip_0/inst/u_Receiver_ip_dut_inst/u_Receiver_ip_src_Receiver/u_QPSK_Rx/u_Automatic_Gain_Control/u_Loop_Filter/Gain1_mul_temp__2 input i_system_wrapper/system_i/Receiver_ip_0/inst/u_Receiver_ip_dut_inst/u_Receiver_ip_src_Receiver/u_QPSK_Rx/u_Automatic_Gain_Control/u_Loop_Filter/Gain1_mul_temp__2/B[17:0] is not pipelined. Pipelining DSP48 input will improve performance.
Related violations: <none>

DPIP-2#25 Warning
Input pipelining  
DSP i_system_wrapper/system_i/Receiver_ip_0/inst/u_Receiver_ip_dut_inst/u_Receiver_ip_src_Receiver/u_QPSK_Rx/u_Frequency_and_Time_Synchronizer/u_Carrier_Synchronizer/Delay6_reg_im_reg[0] input i_system_wrapper/system_i/Receiver_ip_0/inst/u_Receiver_ip_dut_inst/u_Receiver_ip_src_Receiver/u_QPSK_Rx/u_Frequency_and_Time_Synchronizer/u_Carrier_Synchronizer/Delay6_reg_im_reg[0]/C[47:0] is not pipelined. Pipelining DSP48 input will improve performance.
Related violations: <none>

DPIP-2#26 Warning
Input pipelining  
DSP i_system_wrapper/system_i/Receiver_ip_0/inst/u_Receiver_ip_dut_inst/u_Receiver_ip_src_Receiver/u_QPSK_Rx/u_Frequency_and_Time_Synchronizer/u_Carrier_Synchronizer/Delay6_reg_re_reg[0] input i_system_wrapper/system_i/Receiver_ip_0/inst/u_Receiver_ip_dut_inst/u_Receiver_ip_src_Receiver/u_QPSK_Rx/u_Frequency_and_Time_Synchronizer/u_Carrier_Synchronizer/Delay6_reg_re_reg[0]/C[47:0] is not pipelined. Pipelining DSP48 input will improve performance.
Related violations: <none>

DPIP-2#27 Warning
Input pipelining  
DSP i_system_wrapper/system_i/Receiver_ip_0/inst/u_Receiver_ip_dut_inst/u_Receiver_ip_src_Receiver/u_QPSK_Rx/u_Frequency_and_Time_Synchronizer/u_Carrier_Synchronizer/u_Loop_Filter/Gain1_mul_temp input i_system_wrapper/system_i/Receiver_ip_0/inst/u_Receiver_ip_dut_inst/u_Receiver_ip_src_Receiver/u_QPSK_Rx/u_Frequency_and_Time_Synchronizer/u_Carrier_Synchronizer/u_Loop_Filter/Gain1_mul_temp/A[29:0] is not pipelined. Pipelining DSP48 input will improve performance.
Related violations: <none>

DPIP-2#28 Warning
Input pipelining  
DSP i_system_wrapper/system_i/Receiver_ip_0/inst/u_Receiver_ip_dut_inst/u_Receiver_ip_src_Receiver/u_QPSK_Rx/u_Frequency_and_Time_Synchronizer/u_Coarse_Frequency_Compensator/Product1_mul_temp input i_system_wrapper/system_i/Receiver_ip_0/inst/u_Receiver_ip_dut_inst/u_Receiver_ip_src_Receiver/u_QPSK_Rx/u_Frequency_and_Time_Synchronizer/u_Coarse_Frequency_Compensator/Product1_mul_temp/A[29:0] is not pipelined. Pipelining DSP48 input will improve performance.
Related violations: <none>

DPIP-2#29 Warning
Input pipelining  
DSP i_system_wrapper/system_i/Receiver_ip_0/inst/u_Receiver_ip_dut_inst/u_Receiver_ip_src_Receiver/u_QPSK_Rx/u_Frequency_and_Time_Synchronizer/u_Coarse_Frequency_Compensator/Product1_mul_temp input i_system_wrapper/system_i/Receiver_ip_0/inst/u_Receiver_ip_dut_inst/u_Receiver_ip_src_Receiver/u_QPSK_Rx/u_Frequency_and_Time_Synchronizer/u_Coarse_Frequency_Compensator/Product1_mul_temp/B[17:0] is not pipelined. Pipelining DSP48 input will improve performance.
Related violations: <none>

DPIP-2#30 Warning
Input pipelining  
DSP i_system_wrapper/system_i/Receiver_ip_0/inst/u_Receiver_ip_dut_inst/u_Receiver_ip_src_Receiver/u_QPSK_Rx/u_Frequency_and_Time_Synchronizer/u_Coarse_Frequency_Compensator/Product1_mul_temp_1 input i_system_wrapper/system_i/Receiver_ip_0/inst/u_Receiver_ip_dut_inst/u_Receiver_ip_src_Receiver/u_QPSK_Rx/u_Frequency_and_Time_Synchronizer/u_Coarse_Frequency_Compensator/Product1_mul_temp_1/A[29:0] is not pipelined. Pipelining DSP48 input will improve performance.
Related violations: <none>

DPIP-2#31 Warning
Input pipelining  
DSP i_system_wrapper/system_i/Receiver_ip_0/inst/u_Receiver_ip_dut_inst/u_Receiver_ip_src_Receiver/u_QPSK_Rx/u_Frequency_and_Time_Synchronizer/u_Coarse_Frequency_Compensator/Product1_mul_temp_1 input i_system_wrapper/system_i/Receiver_ip_0/inst/u_Receiver_ip_dut_inst/u_Receiver_ip_src_Receiver/u_QPSK_Rx/u_Frequency_and_Time_Synchronizer/u_Coarse_Frequency_Compensator/Product1_mul_temp_1/B[17:0] is not pipelined. Pipelining DSP48 input will improve performance.
Related violations: <none>

DPIP-2#32 Warning
Input pipelining  
DSP i_system_wrapper/system_i/Receiver_ip_0/inst/u_Receiver_ip_dut_inst/u_Receiver_ip_src_Receiver/u_QPSK_Rx/u_Frequency_and_Time_Synchronizer/u_Coarse_Frequency_Compensator/Product1_mul_temp_2 input i_system_wrapper/system_i/Receiver_ip_0/inst/u_Receiver_ip_dut_inst/u_Receiver_ip_src_Receiver/u_QPSK_Rx/u_Frequency_and_Time_Synchronizer/u_Coarse_Frequency_Compensator/Product1_mul_temp_2/A[29:0] is not pipelined. Pipelining DSP48 input will improve performance.
Related violations: <none>

DPIP-2#33 Warning
Input pipelining  
DSP i_system_wrapper/system_i/Receiver_ip_0/inst/u_Receiver_ip_dut_inst/u_Receiver_ip_src_Receiver/u_QPSK_Rx/u_Frequency_and_Time_Synchronizer/u_Coarse_Frequency_Compensator/Product1_mul_temp_2 input i_system_wrapper/system_i/Receiver_ip_0/inst/u_Receiver_ip_dut_inst/u_Receiver_ip_src_Receiver/u_QPSK_Rx/u_Frequency_and_Time_Synchronizer/u_Coarse_Frequency_Compensator/Product1_mul_temp_2/B[17:0] is not pipelined. Pipelining DSP48 input will improve performance.
Related violations: <none>

DPIP-2#34 Warning
Input pipelining  
DSP i_system_wrapper/system_i/Receiver_ip_0/inst/u_Receiver_ip_dut_inst/u_Receiver_ip_src_Receiver/u_QPSK_Rx/u_Frequency_and_Time_Synchronizer/u_Coarse_Frequency_Compensator/Product1_mul_temp_3 input i_system_wrapper/system_i/Receiver_ip_0/inst/u_Receiver_ip_dut_inst/u_Receiver_ip_src_Receiver/u_QPSK_Rx/u_Frequency_and_Time_Synchronizer/u_Coarse_Frequency_Compensator/Product1_mul_temp_3/A[29:0] is not pipelined. Pipelining DSP48 input will improve performance.
Related violations: <none>

DPIP-2#35 Warning
Input pipelining  
DSP i_system_wrapper/system_i/Receiver_ip_0/inst/u_Receiver_ip_dut_inst/u_Receiver_ip_src_Receiver/u_QPSK_Rx/u_Frequency_and_Time_Synchronizer/u_Coarse_Frequency_Compensator/Product1_mul_temp_3 input i_system_wrapper/system_i/Receiver_ip_0/inst/u_Receiver_ip_dut_inst/u_Receiver_ip_src_Receiver/u_QPSK_Rx/u_Frequency_and_Time_Synchronizer/u_Coarse_Frequency_Compensator/Product1_mul_temp_3/B[17:0] is not pipelined. Pipelining DSP48 input will improve performance.
Related violations: <none>

DPIP-2#36 Warning
Input pipelining  
DSP i_system_wrapper/system_i/Receiver_ip_0/inst/u_Receiver_ip_dut_inst/u_Receiver_ip_src_Receiver/u_QPSK_Rx/u_Frequency_and_Time_Synchronizer/u_Coarse_Frequency_Compensator/u_Coarse_Frequency_Estimator/Product_mul_temp input i_system_wrapper/system_i/Receiver_ip_0/inst/u_Receiver_ip_dut_inst/u_Receiver_ip_src_Receiver/u_QPSK_Rx/u_Frequency_and_Time_Synchronizer/u_Coarse_Frequency_Compensator/u_Coarse_Frequency_Estimator/Product_mul_temp/A[29:0] is not pipelined. Pipelining DSP48 input will improve performance.
Related violations: <none>

DPIP-2#37 Warning
Input pipelining  
DSP i_system_wrapper/system_i/Receiver_ip_0/inst/u_Receiver_ip_dut_inst/u_Receiver_ip_src_Receiver/u_QPSK_Rx/u_Frequency_and_Time_Synchronizer/u_Coarse_Frequency_Compensator/u_Coarse_Frequency_Estimator/Product_mul_temp input i_system_wrapper/system_i/Receiver_ip_0/inst/u_Receiver_ip_dut_inst/u_Receiver_ip_src_Receiver/u_QPSK_Rx/u_Frequency_and_Time_Synchronizer/u_Coarse_Frequency_Compensator/u_Coarse_Frequency_Estimator/Product_mul_temp/B[17:0] is not pipelined. Pipelining DSP48 input will improve performance.
Related violations: <none>

DPIP-2#38 Warning
Input pipelining  
DSP i_system_wrapper/system_i/Receiver_ip_0/inst/u_Receiver_ip_dut_inst/u_Receiver_ip_src_Receiver/u_QPSK_Rx/u_Frequency_and_Time_Synchronizer/u_Coarse_Frequency_Compensator/u_Coarse_Frequency_Estimator/Product_mul_temp_2 input i_system_wrapper/system_i/Receiver_ip_0/inst/u_Receiver_ip_dut_inst/u_Receiver_ip_src_Receiver/u_QPSK_Rx/u_Frequency_and_Time_Synchronizer/u_Coarse_Frequency_Compensator/u_Coarse_Frequency_Estimator/Product_mul_temp_2/A[29:0] is not pipelined. Pipelining DSP48 input will improve performance.
Related violations: <none>

DPIP-2#39 Warning
Input pipelining  
DSP i_system_wrapper/system_i/Receiver_ip_0/inst/u_Receiver_ip_dut_inst/u_Receiver_ip_src_Receiver/u_QPSK_Rx/u_Frequency_and_Time_Synchronizer/u_Coarse_Frequency_Compensator/u_Coarse_Frequency_Estimator/Product_mul_temp_2 input i_system_wrapper/system_i/Receiver_ip_0/inst/u_Receiver_ip_dut_inst/u_Receiver_ip_src_Receiver/u_QPSK_Rx/u_Frequency_and_Time_Synchronizer/u_Coarse_Frequency_Compensator/u_Coarse_Frequency_Estimator/Product_mul_temp_2/B[17:0] is not pipelined. Pipelining DSP48 input will improve performance.
Related violations: <none>

DPIP-2#40 Warning
Input pipelining  
DSP i_system_wrapper/system_i/Receiver_ip_0/inst/u_Receiver_ip_dut_inst/u_Receiver_ip_src_Receiver/u_QPSK_Rx/u_Frequency_and_Time_Synchronizer/u_Coarse_Frequency_Compensator/u_Coarse_Frequency_Estimator/Product_out1_im input i_system_wrapper/system_i/Receiver_ip_0/inst/u_Receiver_ip_dut_inst/u_Receiver_ip_src_Receiver/u_QPSK_Rx/u_Frequency_and_Time_Synchronizer/u_Coarse_Frequency_Compensator/u_Coarse_Frequency_Estimator/Product_out1_im/A[29:0] is not pipelined. Pipelining DSP48 input will improve performance.
Related violations: <none>

DPIP-2#41 Warning
Input pipelining  
DSP i_system_wrapper/system_i/Receiver_ip_0/inst/u_Receiver_ip_dut_inst/u_Receiver_ip_src_Receiver/u_QPSK_Rx/u_Frequency_and_Time_Synchronizer/u_Coarse_Frequency_Compensator/u_Coarse_Frequency_Estimator/Product_out1_im input i_system_wrapper/system_i/Receiver_ip_0/inst/u_Receiver_ip_dut_inst/u_Receiver_ip_src_Receiver/u_QPSK_Rx/u_Frequency_and_Time_Synchronizer/u_Coarse_Frequency_Compensator/u_Coarse_Frequency_Estimator/Product_out1_im/B[17:0] is not pipelined. Pipelining DSP48 input will improve performance.
Related violations: <none>

DPIP-2#42 Warning
Input pipelining  
DSP i_system_wrapper/system_i/Receiver_ip_0/inst/u_Receiver_ip_dut_inst/u_Receiver_ip_src_Receiver/u_QPSK_Rx/u_Frequency_and_Time_Synchronizer/u_Coarse_Frequency_Compensator/u_Coarse_Frequency_Estimator/Product_out1_re input i_system_wrapper/system_i/Receiver_ip_0/inst/u_Receiver_ip_dut_inst/u_Receiver_ip_src_Receiver/u_QPSK_Rx/u_Frequency_and_Time_Synchronizer/u_Coarse_Frequency_Compensator/u_Coarse_Frequency_Estimator/Product_out1_re/A[29:0] is not pipelined. Pipelining DSP48 input will improve performance.
Related violations: <none>

DPIP-2#43 Warning
Input pipelining  
DSP i_system_wrapper/system_i/Receiver_ip_0/inst/u_Receiver_ip_dut_inst/u_Receiver_ip_src_Receiver/u_QPSK_Rx/u_Frequency_and_Time_Synchronizer/u_Coarse_Frequency_Compensator/u_Coarse_Frequency_Estimator/Product_out1_re input i_system_wrapper/system_i/Receiver_ip_0/inst/u_Receiver_ip_dut_inst/u_Receiver_ip_src_Receiver/u_QPSK_Rx/u_Frequency_and_Time_Synchronizer/u_Coarse_Frequency_Compensator/u_Coarse_Frequency_Estimator/Product_out1_re/B[17:0] is not pipelined. Pipelining DSP48 input will improve performance.
Related violations: <none>

DPIP-2#44 Warning
Input pipelining  
DSP i_system_wrapper/system_i/Receiver_ip_0/inst/u_Receiver_ip_dut_inst/u_Receiver_ip_src_Receiver/u_QPSK_Rx/u_Frequency_and_Time_Synchronizer/u_Symbol_Synchronizer/u_Gardner_TED/p_1_out input i_system_wrapper/system_i/Receiver_ip_0/inst/u_Receiver_ip_dut_inst/u_Receiver_ip_src_Receiver/u_QPSK_Rx/u_Frequency_and_Time_Synchronizer/u_Symbol_Synchronizer/u_Gardner_TED/p_1_out/A[29:0] is not pipelined. Pipelining DSP48 input will improve performance.
Related violations: <none>

DPIP-2#45 Warning
Input pipelining  
DSP i_system_wrapper/system_i/Receiver_ip_0/inst/u_Receiver_ip_dut_inst/u_Receiver_ip_src_Receiver/u_QPSK_Rx/u_Frequency_and_Time_Synchronizer/u_Symbol_Synchronizer/u_Gardner_TED/p_1_out input i_system_wrapper/system_i/Receiver_ip_0/inst/u_Receiver_ip_dut_inst/u_Receiver_ip_src_Receiver/u_QPSK_Rx/u_Frequency_and_Time_Synchronizer/u_Symbol_Synchronizer/u_Gardner_TED/p_1_out/B[17:0] is not pipelined. Pipelining DSP48 input will improve performance.
Related violations: <none>

DPIP-2#46 Warning
Input pipelining  
DSP i_system_wrapper/system_i/Receiver_ip_0/inst/u_Receiver_ip_dut_inst/u_Receiver_ip_src_Receiver/u_QPSK_Rx/u_Frequency_and_Time_Synchronizer/u_Symbol_Synchronizer/u_Gardner_TED/p_1_out input i_system_wrapper/system_i/Receiver_ip_0/inst/u_Receiver_ip_dut_inst/u_Receiver_ip_src_Receiver/u_QPSK_Rx/u_Frequency_and_Time_Synchronizer/u_Symbol_Synchronizer/u_Gardner_TED/p_1_out/C[47:0] is not pipelined. Pipelining DSP48 input will improve performance.
Related violations: <none>

DPIP-2#47 Warning
Input pipelining  
DSP i_system_wrapper/system_i/Receiver_ip_0/inst/u_Receiver_ip_dut_inst/u_Receiver_ip_src_Receiver/u_QPSK_Rx/u_Frequency_and_Time_Synchronizer/u_Symbol_Synchronizer/u_Gardner_TED/p_1_out__0 input i_system_wrapper/system_i/Receiver_ip_0/inst/u_Receiver_ip_dut_inst/u_Receiver_ip_src_Receiver/u_QPSK_Rx/u_Frequency_and_Time_Synchronizer/u_Symbol_Synchronizer/u_Gardner_TED/p_1_out__0/A[29:0] is not pipelined. Pipelining DSP48 input will improve performance.
Related violations: <none>

DPIP-2#48 Warning
Input pipelining  
DSP i_system_wrapper/system_i/Receiver_ip_0/inst/u_Receiver_ip_dut_inst/u_Receiver_ip_src_Receiver/u_QPSK_Rx/u_Frequency_and_Time_Synchronizer/u_Symbol_Synchronizer/u_Gardner_TED/p_1_out__0 input i_system_wrapper/system_i/Receiver_ip_0/inst/u_Receiver_ip_dut_inst/u_Receiver_ip_src_Receiver/u_QPSK_Rx/u_Frequency_and_Time_Synchronizer/u_Symbol_Synchronizer/u_Gardner_TED/p_1_out__0/B[17:0] is not pipelined. Pipelining DSP48 input will improve performance.
Related violations: <none>

DPIP-2#49 Warning
Input pipelining  
DSP i_system_wrapper/system_i/Receiver_ip_0/inst/u_Receiver_ip_dut_inst/u_Receiver_ip_src_Receiver/u_QPSK_Rx/u_Frequency_and_Time_Synchronizer/u_Symbol_Synchronizer/u_Gardner_TED/p_1_out__0 input i_system_wrapper/system_i/Receiver_ip_0/inst/u_Receiver_ip_dut_inst/u_Receiver_ip_src_Receiver/u_QPSK_Rx/u_Frequency_and_Time_Synchronizer/u_Symbol_Synchronizer/u_Gardner_TED/p_1_out__0/C[47:0] is not pipelined. Pipelining DSP48 input will improve performance.
Related violations: <none>

DPIP-2#50 Warning
Input pipelining  
DSP i_system_wrapper/system_i/Receiver_ip_0/inst/u_Receiver_ip_dut_inst/u_Receiver_ip_src_Receiver/u_QPSK_Rx/u_Frequency_and_Time_Synchronizer/u_Symbol_Synchronizer/u_Loop_Filter/K1_mul_temp input i_system_wrapper/system_i/Receiver_ip_0/inst/u_Receiver_ip_dut_inst/u_Receiver_ip_src_Receiver/u_QPSK_Rx/u_Frequency_and_Time_Synchronizer/u_Symbol_Synchronizer/u_Loop_Filter/K1_mul_temp/B[17:0] is not pipelined. Pipelining DSP48 input will improve performance.
Related violations: <none>

DPIP-2#51 Warning
Input pipelining  
DSP i_system_wrapper/system_i/Receiver_ip_0/inst/u_Receiver_ip_dut_inst/u_Receiver_ip_src_Receiver/u_QPSK_Rx/u_Frequency_and_Time_Synchronizer/u_Symbol_Synchronizer/u_Loop_Filter/K1_mul_temp__0 input i_system_wrapper/system_i/Receiver_ip_0/inst/u_Receiver_ip_dut_inst/u_Receiver_ip_src_Receiver/u_QPSK_Rx/u_Frequency_and_Time_Synchronizer/u_Symbol_Synchronizer/u_Loop_Filter/K1_mul_temp__0/A[29:0] is not pipelined. Pipelining DSP48 input will improve performance.
Related violations: <none>

DPOP-3#1 Warning
PREG Output pipelining  
DSP i_system_wrapper/system_i/Receiver_ip_0/inst/u_Receiver_ip_dut_inst/u_Receiver_ip_src_Receiver/u_QPSK_Rx/u_Automatic_Gain_Control/Product_mul_temp output i_system_wrapper/system_i/Receiver_ip_0/inst/u_Receiver_ip_dut_inst/u_Receiver_ip_src_Receiver/u_QPSK_Rx/u_Automatic_Gain_Control/Product_mul_temp/P[47:0] is not pipelined (PREG=0). Pipelining the DSP48 output will improve performance and often saves power so it is suggested whenever possible to fully pipeline this function.  If this DSP48 function was inferred, it is suggested to describe an additional register stage after this function.  If the DSP48 was instantiated in the design, it is suggested to set the PREG attribute to 1.
Related violations: <none>

DPOP-3#2 Warning
PREG Output pipelining  
DSP i_system_wrapper/system_i/Receiver_ip_0/inst/u_Receiver_ip_dut_inst/u_Receiver_ip_src_Receiver/u_QPSK_Rx/u_Automatic_Gain_Control/Product_mul_temp_1 output i_system_wrapper/system_i/Receiver_ip_0/inst/u_Receiver_ip_dut_inst/u_Receiver_ip_src_Receiver/u_QPSK_Rx/u_Automatic_Gain_Control/Product_mul_temp_1/P[47:0] is not pipelined (PREG=0). Pipelining the DSP48 output will improve performance and often saves power so it is suggested whenever possible to fully pipeline this function.  If this DSP48 function was inferred, it is suggested to describe an additional register stage after this function.  If the DSP48 was instantiated in the design, it is suggested to set the PREG attribute to 1.
Related violations: <none>

DPOP-3#3 Warning
PREG Output pipelining  
DSP i_system_wrapper/system_i/Receiver_ip_0/inst/u_Receiver_ip_dut_inst/u_Receiver_ip_src_Receiver/u_QPSK_Rx/u_Automatic_Gain_Control/Product_mul_temp_2 output i_system_wrapper/system_i/Receiver_ip_0/inst/u_Receiver_ip_dut_inst/u_Receiver_ip_src_Receiver/u_QPSK_Rx/u_Automatic_Gain_Control/Product_mul_temp_2/P[47:0] is not pipelined (PREG=0). Pipelining the DSP48 output will improve performance and often saves power so it is suggested whenever possible to fully pipeline this function.  If this DSP48 function was inferred, it is suggested to describe an additional register stage after this function.  If the DSP48 was instantiated in the design, it is suggested to set the PREG attribute to 1.
Related violations: <none>

DPOP-3#4 Warning
PREG Output pipelining  
DSP i_system_wrapper/system_i/Receiver_ip_0/inst/u_Receiver_ip_dut_inst/u_Receiver_ip_src_Receiver/u_QPSK_Rx/u_Automatic_Gain_Control/Product_mul_temp_3 output i_system_wrapper/system_i/Receiver_ip_0/inst/u_Receiver_ip_dut_inst/u_Receiver_ip_src_Receiver/u_QPSK_Rx/u_Automatic_Gain_Control/Product_mul_temp_3/P[47:0] is not pipelined (PREG=0). Pipelining the DSP48 output will improve performance and often saves power so it is suggested whenever possible to fully pipeline this function.  If this DSP48 function was inferred, it is suggested to describe an additional register stage after this function.  If the DSP48 was instantiated in the design, it is suggested to set the PREG attribute to 1.
Related violations: <none>

DPOP-3#5 Warning
PREG Output pipelining  
DSP i_system_wrapper/system_i/Receiver_ip_0/inst/u_Receiver_ip_dut_inst/u_Receiver_ip_src_Receiver/u_QPSK_Rx/u_Automatic_Gain_Control/u_Loop_Filter/Gain1_mul_temp output i_system_wrapper/system_i/Receiver_ip_0/inst/u_Receiver_ip_dut_inst/u_Receiver_ip_src_Receiver/u_QPSK_Rx/u_Automatic_Gain_Control/u_Loop_Filter/Gain1_mul_temp/P[47:0] is not pipelined (PREG=0). Pipelining the DSP48 output will improve performance and often saves power so it is suggested whenever possible to fully pipeline this function.  If this DSP48 function was inferred, it is suggested to describe an additional register stage after this function.  If the DSP48 was instantiated in the design, it is suggested to set the PREG attribute to 1.
Related violations: <none>

DPOP-3#6 Warning
PREG Output pipelining  
DSP i_system_wrapper/system_i/Receiver_ip_0/inst/u_Receiver_ip_dut_inst/u_Receiver_ip_src_Receiver/u_QPSK_Rx/u_Automatic_Gain_Control/u_Loop_Filter/Gain1_mul_temp_1 output i_system_wrapper/system_i/Receiver_ip_0/inst/u_Receiver_ip_dut_inst/u_Receiver_ip_src_Receiver/u_QPSK_Rx/u_Automatic_Gain_Control/u_Loop_Filter/Gain1_mul_temp_1/P[47:0] is not pipelined (PREG=0). Pipelining the DSP48 output will improve performance and often saves power so it is suggested whenever possible to fully pipeline this function.  If this DSP48 function was inferred, it is suggested to describe an additional register stage after this function.  If the DSP48 was instantiated in the design, it is suggested to set the PREG attribute to 1.
Related violations: <none>

DPOP-3#7 Warning
PREG Output pipelining  
DSP i_system_wrapper/system_i/Receiver_ip_0/inst/u_Receiver_ip_dut_inst/u_Receiver_ip_src_Receiver/u_QPSK_Rx/u_Automatic_Gain_Control/u_Loop_Filter/Gain1_mul_temp_1__0 output i_system_wrapper/system_i/Receiver_ip_0/inst/u_Receiver_ip_dut_inst/u_Receiver_ip_src_Receiver/u_QPSK_Rx/u_Automatic_Gain_Control/u_Loop_Filter/Gain1_mul_temp_1__0/P[47:0] is not pipelined (PREG=0). Pipelining the DSP48 output will improve performance and often saves power so it is suggested whenever possible to fully pipeline this function.  If this DSP48 function was inferred, it is suggested to describe an additional register stage after this function.  If the DSP48 was instantiated in the design, it is suggested to set the PREG attribute to 1.
Related violations: <none>

DPOP-3#8 Warning
PREG Output pipelining  
DSP i_system_wrapper/system_i/Receiver_ip_0/inst/u_Receiver_ip_dut_inst/u_Receiver_ip_src_Receiver/u_QPSK_Rx/u_Automatic_Gain_Control/u_Loop_Filter/Gain1_mul_temp_1__1 output i_system_wrapper/system_i/Receiver_ip_0/inst/u_Receiver_ip_dut_inst/u_Receiver_ip_src_Receiver/u_QPSK_Rx/u_Automatic_Gain_Control/u_Loop_Filter/Gain1_mul_temp_1__1/P[47:0] is not pipelined (PREG=0). Pipelining the DSP48 output will improve performance and often saves power so it is suggested whenever possible to fully pipeline this function.  If this DSP48 function was inferred, it is suggested to describe an additional register stage after this function.  If the DSP48 was instantiated in the design, it is suggested to set the PREG attribute to 1.
Related violations: <none>

DPOP-3#9 Warning
PREG Output pipelining  
DSP i_system_wrapper/system_i/Receiver_ip_0/inst/u_Receiver_ip_dut_inst/u_Receiver_ip_src_Receiver/u_QPSK_Rx/u_Automatic_Gain_Control/u_Loop_Filter/Gain1_mul_temp_1__2 output i_system_wrapper/system_i/Receiver_ip_0/inst/u_Receiver_ip_dut_inst/u_Receiver_ip_src_Receiver/u_QPSK_Rx/u_Automatic_Gain_Control/u_Loop_Filter/Gain1_mul_temp_1__2/P[47:0] is not pipelined (PREG=0). Pipelining the DSP48 output will improve performance and often saves power so it is suggested whenever possible to fully pipeline this function.  If this DSP48 function was inferred, it is suggested to describe an additional register stage after this function.  If the DSP48 was instantiated in the design, it is suggested to set the PREG attribute to 1.
Related violations: <none>

DPOP-3#10 Warning
PREG Output pipelining  
DSP i_system_wrapper/system_i/Receiver_ip_0/inst/u_Receiver_ip_dut_inst/u_Receiver_ip_src_Receiver/u_QPSK_Rx/u_Automatic_Gain_Control/u_Loop_Filter/Gain1_mul_temp__0 output i_system_wrapper/system_i/Receiver_ip_0/inst/u_Receiver_ip_dut_inst/u_Receiver_ip_src_Receiver/u_QPSK_Rx/u_Automatic_Gain_Control/u_Loop_Filter/Gain1_mul_temp__0/P[47:0] is not pipelined (PREG=0). Pipelining the DSP48 output will improve performance and often saves power so it is suggested whenever possible to fully pipeline this function.  If this DSP48 function was inferred, it is suggested to describe an additional register stage after this function.  If the DSP48 was instantiated in the design, it is suggested to set the PREG attribute to 1.
Related violations: <none>

DPOP-3#11 Warning
PREG Output pipelining  
DSP i_system_wrapper/system_i/Receiver_ip_0/inst/u_Receiver_ip_dut_inst/u_Receiver_ip_src_Receiver/u_QPSK_Rx/u_Automatic_Gain_Control/u_Loop_Filter/Gain1_mul_temp__1 output i_system_wrapper/system_i/Receiver_ip_0/inst/u_Receiver_ip_dut_inst/u_Receiver_ip_src_Receiver/u_QPSK_Rx/u_Automatic_Gain_Control/u_Loop_Filter/Gain1_mul_temp__1/P[47:0] is not pipelined (PREG=0). Pipelining the DSP48 output will improve performance and often saves power so it is suggested whenever possible to fully pipeline this function.  If this DSP48 function was inferred, it is suggested to describe an additional register stage after this function.  If the DSP48 was instantiated in the design, it is suggested to set the PREG attribute to 1.
Related violations: <none>

DPOP-3#12 Warning
PREG Output pipelining  
DSP i_system_wrapper/system_i/Receiver_ip_0/inst/u_Receiver_ip_dut_inst/u_Receiver_ip_src_Receiver/u_QPSK_Rx/u_Automatic_Gain_Control/u_Loop_Filter/Gain1_mul_temp__2 output i_system_wrapper/system_i/Receiver_ip_0/inst/u_Receiver_ip_dut_inst/u_Receiver_ip_src_Receiver/u_QPSK_Rx/u_Automatic_Gain_Control/u_Loop_Filter/Gain1_mul_temp__2/P[47:0] is not pipelined (PREG=0). Pipelining the DSP48 output will improve performance and often saves power so it is suggested whenever possible to fully pipeline this function.  If this DSP48 function was inferred, it is suggested to describe an additional register stage after this function.  If the DSP48 was instantiated in the design, it is suggested to set the PREG attribute to 1.
Related violations: <none>

DPOP-3#13 Warning
PREG Output pipelining  
DSP i_system_wrapper/system_i/Receiver_ip_0/inst/u_Receiver_ip_dut_inst/u_Receiver_ip_src_Receiver/u_QPSK_Rx/u_Frequency_and_Time_Synchronizer/u_Carrier_Synchronizer/Product_mul_temp output i_system_wrapper/system_i/Receiver_ip_0/inst/u_Receiver_ip_dut_inst/u_Receiver_ip_src_Receiver/u_QPSK_Rx/u_Frequency_and_Time_Synchronizer/u_Carrier_Synchronizer/Product_mul_temp/P[47:0] is not pipelined (PREG=0). Pipelining the DSP48 output will improve performance and often saves power so it is suggested whenever possible to fully pipeline this function.  If this DSP48 function was inferred, it is suggested to describe an additional register stage after this function.  If the DSP48 was instantiated in the design, it is suggested to set the PREG attribute to 1.
Related violations: <none>

DPOP-3#14 Warning
PREG Output pipelining  
DSP i_system_wrapper/system_i/Receiver_ip_0/inst/u_Receiver_ip_dut_inst/u_Receiver_ip_src_Receiver/u_QPSK_Rx/u_Frequency_and_Time_Synchronizer/u_Carrier_Synchronizer/Product_mul_temp_2 output i_system_wrapper/system_i/Receiver_ip_0/inst/u_Receiver_ip_dut_inst/u_Receiver_ip_src_Receiver/u_QPSK_Rx/u_Frequency_and_Time_Synchronizer/u_Carrier_Synchronizer/Product_mul_temp_2/P[47:0] is not pipelined (PREG=0). Pipelining the DSP48 output will improve performance and often saves power so it is suggested whenever possible to fully pipeline this function.  If this DSP48 function was inferred, it is suggested to describe an additional register stage after this function.  If the DSP48 was instantiated in the design, it is suggested to set the PREG attribute to 1.
Related violations: <none>

DPOP-3#15 Warning
PREG Output pipelining  
DSP i_system_wrapper/system_i/Receiver_ip_0/inst/u_Receiver_ip_dut_inst/u_Receiver_ip_src_Receiver/u_QPSK_Rx/u_Frequency_and_Time_Synchronizer/u_Coarse_Frequency_Compensator/Product1_mul_temp output i_system_wrapper/system_i/Receiver_ip_0/inst/u_Receiver_ip_dut_inst/u_Receiver_ip_src_Receiver/u_QPSK_Rx/u_Frequency_and_Time_Synchronizer/u_Coarse_Frequency_Compensator/Product1_mul_temp/P[47:0] is not pipelined (PREG=0). Pipelining the DSP48 output will improve performance and often saves power so it is suggested whenever possible to fully pipeline this function.  If this DSP48 function was inferred, it is suggested to describe an additional register stage after this function.  If the DSP48 was instantiated in the design, it is suggested to set the PREG attribute to 1.
Related violations: <none>

DPOP-3#16 Warning
PREG Output pipelining  
DSP i_system_wrapper/system_i/Receiver_ip_0/inst/u_Receiver_ip_dut_inst/u_Receiver_ip_src_Receiver/u_QPSK_Rx/u_Frequency_and_Time_Synchronizer/u_Coarse_Frequency_Compensator/Product1_mul_temp_1 output i_system_wrapper/system_i/Receiver_ip_0/inst/u_Receiver_ip_dut_inst/u_Receiver_ip_src_Receiver/u_QPSK_Rx/u_Frequency_and_Time_Synchronizer/u_Coarse_Frequency_Compensator/Product1_mul_temp_1/P[47:0] is not pipelined (PREG=0). Pipelining the DSP48 output will improve performance and often saves power so it is suggested whenever possible to fully pipeline this function.  If this DSP48 function was inferred, it is suggested to describe an additional register stage after this function.  If the DSP48 was instantiated in the design, it is suggested to set the PREG attribute to 1.
Related violations: <none>

DPOP-3#17 Warning
PREG Output pipelining  
DSP i_system_wrapper/system_i/Receiver_ip_0/inst/u_Receiver_ip_dut_inst/u_Receiver_ip_src_Receiver/u_QPSK_Rx/u_Frequency_and_Time_Synchronizer/u_Coarse_Frequency_Compensator/Product1_mul_temp_2 output i_system_wrapper/system_i/Receiver_ip_0/inst/u_Receiver_ip_dut_inst/u_Receiver_ip_src_Receiver/u_QPSK_Rx/u_Frequency_and_Time_Synchronizer/u_Coarse_Frequency_Compensator/Product1_mul_temp_2/P[47:0] is not pipelined (PREG=0). Pipelining the DSP48 output will improve performance and often saves power so it is suggested whenever possible to fully pipeline this function.  If this DSP48 function was inferred, it is suggested to describe an additional register stage after this function.  If the DSP48 was instantiated in the design, it is suggested to set the PREG attribute to 1.
Related violations: <none>

DPOP-3#18 Warning
PREG Output pipelining  
DSP i_system_wrapper/system_i/Receiver_ip_0/inst/u_Receiver_ip_dut_inst/u_Receiver_ip_src_Receiver/u_QPSK_Rx/u_Frequency_and_Time_Synchronizer/u_Coarse_Frequency_Compensator/Product1_mul_temp_3 output i_system_wrapper/system_i/Receiver_ip_0/inst/u_Receiver_ip_dut_inst/u_Receiver_ip_src_Receiver/u_QPSK_Rx/u_Frequency_and_Time_Synchronizer/u_Coarse_Frequency_Compensator/Product1_mul_temp_3/P[47:0] is not pipelined (PREG=0). Pipelining the DSP48 output will improve performance and often saves power so it is suggested whenever possible to fully pipeline this function.  If this DSP48 function was inferred, it is suggested to describe an additional register stage after this function.  If the DSP48 was instantiated in the design, it is suggested to set the PREG attribute to 1.
Related violations: <none>

DPOP-3#19 Warning
PREG Output pipelining  
DSP i_system_wrapper/system_i/Receiver_ip_0/inst/u_Receiver_ip_dut_inst/u_Receiver_ip_src_Receiver/u_QPSK_Rx/u_Frequency_and_Time_Synchronizer/u_Coarse_Frequency_Compensator/u_Raise_Power_to_4/Product1_mul_temp output i_system_wrapper/system_i/Receiver_ip_0/inst/u_Receiver_ip_dut_inst/u_Receiver_ip_src_Receiver/u_QPSK_Rx/u_Frequency_and_Time_Synchronizer/u_Coarse_Frequency_Compensator/u_Raise_Power_to_4/Product1_mul_temp/P[47:0] is not pipelined (PREG=0). Pipelining the DSP48 output will improve performance and often saves power so it is suggested whenever possible to fully pipeline this function.  If this DSP48 function was inferred, it is suggested to describe an additional register stage after this function.  If the DSP48 was instantiated in the design, it is suggested to set the PREG attribute to 1.
Related violations: <none>

DPOP-3#20 Warning
PREG Output pipelining  
DSP i_system_wrapper/system_i/Receiver_ip_0/inst/u_Receiver_ip_dut_inst/u_Receiver_ip_src_Receiver/u_QPSK_Rx/u_Frequency_and_Time_Synchronizer/u_Coarse_Frequency_Compensator/u_Raise_Power_to_4/Product1_mul_temp_1 output i_system_wrapper/system_i/Receiver_ip_0/inst/u_Receiver_ip_dut_inst/u_Receiver_ip_src_Receiver/u_QPSK_Rx/u_Frequency_and_Time_Synchronizer/u_Coarse_Frequency_Compensator/u_Raise_Power_to_4/Product1_mul_temp_1/P[47:0] is not pipelined (PREG=0). Pipelining the DSP48 output will improve performance and often saves power so it is suggested whenever possible to fully pipeline this function.  If this DSP48 function was inferred, it is suggested to describe an additional register stage after this function.  If the DSP48 was instantiated in the design, it is suggested to set the PREG attribute to 1.
Related violations: <none>

DPOP-3#21 Warning
PREG Output pipelining  
DSP i_system_wrapper/system_i/Receiver_ip_0/inst/u_Receiver_ip_dut_inst/u_Receiver_ip_src_Receiver/u_QPSK_Rx/u_Frequency_and_Time_Synchronizer/u_Coarse_Frequency_Compensator/u_Raise_Power_to_4/Product1_mul_temp_2 output i_system_wrapper/system_i/Receiver_ip_0/inst/u_Receiver_ip_dut_inst/u_Receiver_ip_src_Receiver/u_QPSK_Rx/u_Frequency_and_Time_Synchronizer/u_Coarse_Frequency_Compensator/u_Raise_Power_to_4/Product1_mul_temp_2/P[47:0] is not pipelined (PREG=0). Pipelining the DSP48 output will improve performance and often saves power so it is suggested whenever possible to fully pipeline this function.  If this DSP48 function was inferred, it is suggested to describe an additional register stage after this function.  If the DSP48 was instantiated in the design, it is suggested to set the PREG attribute to 1.
Related violations: <none>

DPOP-3#22 Warning
PREG Output pipelining  
DSP i_system_wrapper/system_i/Receiver_ip_0/inst/u_Receiver_ip_dut_inst/u_Receiver_ip_src_Receiver/u_QPSK_Rx/u_Frequency_and_Time_Synchronizer/u_Coarse_Frequency_Compensator/u_Raise_Power_to_4/Product1_mul_temp_3 output i_system_wrapper/system_i/Receiver_ip_0/inst/u_Receiver_ip_dut_inst/u_Receiver_ip_src_Receiver/u_QPSK_Rx/u_Frequency_and_Time_Synchronizer/u_Coarse_Frequency_Compensator/u_Raise_Power_to_4/Product1_mul_temp_3/P[47:0] is not pipelined (PREG=0). Pipelining the DSP48 output will improve performance and often saves power so it is suggested whenever possible to fully pipeline this function.  If this DSP48 function was inferred, it is suggested to describe an additional register stage after this function.  If the DSP48 was instantiated in the design, it is suggested to set the PREG attribute to 1.
Related violations: <none>

DPOP-3#23 Warning
PREG Output pipelining  
DSP i_system_wrapper/system_i/Receiver_ip_0/inst/u_Receiver_ip_dut_inst/u_Receiver_ip_src_Receiver/u_QPSK_Rx/u_Frequency_and_Time_Synchronizer/u_Coarse_Frequency_Compensator/u_Raise_Power_to_4/Product2_mul_temp output i_system_wrapper/system_i/Receiver_ip_0/inst/u_Receiver_ip_dut_inst/u_Receiver_ip_src_Receiver/u_QPSK_Rx/u_Frequency_and_Time_Synchronizer/u_Coarse_Frequency_Compensator/u_Raise_Power_to_4/Product2_mul_temp/P[47:0] is not pipelined (PREG=0). Pipelining the DSP48 output will improve performance and often saves power so it is suggested whenever possible to fully pipeline this function.  If this DSP48 function was inferred, it is suggested to describe an additional register stage after this function.  If the DSP48 was instantiated in the design, it is suggested to set the PREG attribute to 1.
Related violations: <none>

DPOP-3#24 Warning
PREG Output pipelining  
DSP i_system_wrapper/system_i/Receiver_ip_0/inst/u_Receiver_ip_dut_inst/u_Receiver_ip_src_Receiver/u_QPSK_Rx/u_Frequency_and_Time_Synchronizer/u_Coarse_Frequency_Compensator/u_Raise_Power_to_4/Product2_mul_temp_1 output i_system_wrapper/system_i/Receiver_ip_0/inst/u_Receiver_ip_dut_inst/u_Receiver_ip_src_Receiver/u_QPSK_Rx/u_Frequency_and_Time_Synchronizer/u_Coarse_Frequency_Compensator/u_Raise_Power_to_4/Product2_mul_temp_1/P[47:0] is not pipelined (PREG=0). Pipelining the DSP48 output will improve performance and often saves power so it is suggested whenever possible to fully pipeline this function.  If this DSP48 function was inferred, it is suggested to describe an additional register stage after this function.  If the DSP48 was instantiated in the design, it is suggested to set the PREG attribute to 1.
Related violations: <none>

DPOP-3#25 Warning
PREG Output pipelining  
DSP i_system_wrapper/system_i/Receiver_ip_0/inst/u_Receiver_ip_dut_inst/u_Receiver_ip_src_Receiver/u_QPSK_Rx/u_Frequency_and_Time_Synchronizer/u_Coarse_Frequency_Compensator/u_Raise_Power_to_4/Product2_mul_temp_2 output i_system_wrapper/system_i/Receiver_ip_0/inst/u_Receiver_ip_dut_inst/u_Receiver_ip_src_Receiver/u_QPSK_Rx/u_Frequency_and_Time_Synchronizer/u_Coarse_Frequency_Compensator/u_Raise_Power_to_4/Product2_mul_temp_2/P[47:0] is not pipelined (PREG=0). Pipelining the DSP48 output will improve performance and often saves power so it is suggested whenever possible to fully pipeline this function.  If this DSP48 function was inferred, it is suggested to describe an additional register stage after this function.  If the DSP48 was instantiated in the design, it is suggested to set the PREG attribute to 1.
Related violations: <none>

DPOP-3#26 Warning
PREG Output pipelining  
DSP i_system_wrapper/system_i/Receiver_ip_0/inst/u_Receiver_ip_dut_inst/u_Receiver_ip_src_Receiver/u_QPSK_Rx/u_Frequency_and_Time_Synchronizer/u_Coarse_Frequency_Compensator/u_Raise_Power_to_4/Product2_mul_temp_3 output i_system_wrapper/system_i/Receiver_ip_0/inst/u_Receiver_ip_dut_inst/u_Receiver_ip_src_Receiver/u_QPSK_Rx/u_Frequency_and_Time_Synchronizer/u_Coarse_Frequency_Compensator/u_Raise_Power_to_4/Product2_mul_temp_3/P[47:0] is not pipelined (PREG=0). Pipelining the DSP48 output will improve performance and often saves power so it is suggested whenever possible to fully pipeline this function.  If this DSP48 function was inferred, it is suggested to describe an additional register stage after this function.  If the DSP48 was instantiated in the design, it is suggested to set the PREG attribute to 1.
Related violations: <none>

DPOP-3#27 Warning
PREG Output pipelining  
DSP i_system_wrapper/system_i/Receiver_ip_0/inst/u_Receiver_ip_dut_inst/u_Receiver_ip_src_Receiver/u_QPSK_Rx/u_Frequency_and_Time_Synchronizer/u_Phase_Ambiguity_Estimation_and_Correction/u_Phase_Ambiguity_Corrector/Product2_mul_temp output i_system_wrapper/system_i/Receiver_ip_0/inst/u_Receiver_ip_dut_inst/u_Receiver_ip_src_Receiver/u_QPSK_Rx/u_Frequency_and_Time_Synchronizer/u_Phase_Ambiguity_Estimation_and_Correction/u_Phase_Ambiguity_Corrector/Product2_mul_temp/P[47:0] is not pipelined (PREG=0). Pipelining the DSP48 output will improve performance and often saves power so it is suggested whenever possible to fully pipeline this function.  If this DSP48 function was inferred, it is suggested to describe an additional register stage after this function.  If the DSP48 was instantiated in the design, it is suggested to set the PREG attribute to 1.
Related violations: <none>

DPOP-3#28 Warning
PREG Output pipelining  
DSP i_system_wrapper/system_i/Receiver_ip_0/inst/u_Receiver_ip_dut_inst/u_Receiver_ip_src_Receiver/u_QPSK_Rx/u_Frequency_and_Time_Synchronizer/u_Phase_Ambiguity_Estimation_and_Correction/u_Phase_Ambiguity_Corrector/Product2_mul_temp_1 output i_system_wrapper/system_i/Receiver_ip_0/inst/u_Receiver_ip_dut_inst/u_Receiver_ip_src_Receiver/u_QPSK_Rx/u_Frequency_and_Time_Synchronizer/u_Phase_Ambiguity_Estimation_and_Correction/u_Phase_Ambiguity_Corrector/Product2_mul_temp_1/P[47:0] is not pipelined (PREG=0). Pipelining the DSP48 output will improve performance and often saves power so it is suggested whenever possible to fully pipeline this function.  If this DSP48 function was inferred, it is suggested to describe an additional register stage after this function.  If the DSP48 was instantiated in the design, it is suggested to set the PREG attribute to 1.
Related violations: <none>

DPOP-3#29 Warning
PREG Output pipelining  
DSP i_system_wrapper/system_i/Receiver_ip_0/inst/u_Receiver_ip_dut_inst/u_Receiver_ip_src_Receiver/u_QPSK_Rx/u_Frequency_and_Time_Synchronizer/u_Phase_Ambiguity_Estimation_and_Correction/u_Phase_Ambiguity_Corrector/Product2_mul_temp_2 output i_system_wrapper/system_i/Receiver_ip_0/inst/u_Receiver_ip_dut_inst/u_Receiver_ip_src_Receiver/u_QPSK_Rx/u_Frequency_and_Time_Synchronizer/u_Phase_Ambiguity_Estimation_and_Correction/u_Phase_Ambiguity_Corrector/Product2_mul_temp_2/P[47:0] is not pipelined (PREG=0). Pipelining the DSP48 output will improve performance and often saves power so it is suggested whenever possible to fully pipeline this function.  If this DSP48 function was inferred, it is suggested to describe an additional register stage after this function.  If the DSP48 was instantiated in the design, it is suggested to set the PREG attribute to 1.
Related violations: <none>

DPOP-3#30 Warning
PREG Output pipelining  
DSP i_system_wrapper/system_i/Receiver_ip_0/inst/u_Receiver_ip_dut_inst/u_Receiver_ip_src_Receiver/u_QPSK_Rx/u_Frequency_and_Time_Synchronizer/u_Phase_Ambiguity_Estimation_and_Correction/u_Phase_Ambiguity_Corrector/Product2_mul_temp_3 output i_system_wrapper/system_i/Receiver_ip_0/inst/u_Receiver_ip_dut_inst/u_Receiver_ip_src_Receiver/u_QPSK_Rx/u_Frequency_and_Time_Synchronizer/u_Phase_Ambiguity_Estimation_and_Correction/u_Phase_Ambiguity_Corrector/Product2_mul_temp_3/P[47:0] is not pipelined (PREG=0). Pipelining the DSP48 output will improve performance and often saves power so it is suggested whenever possible to fully pipeline this function.  If this DSP48 function was inferred, it is suggested to describe an additional register stage after this function.  If the DSP48 was instantiated in the design, it is suggested to set the PREG attribute to 1.
Related violations: <none>

DPOP-3#31 Warning
PREG Output pipelining  
DSP i_system_wrapper/system_i/Receiver_ip_0/inst/u_Receiver_ip_dut_inst/u_Receiver_ip_src_Receiver/u_QPSK_Rx/u_Frequency_and_Time_Synchronizer/u_Symbol_Synchronizer/u_Interpolation_Filter/Product1_mul_temp output i_system_wrapper/system_i/Receiver_ip_0/inst/u_Receiver_ip_dut_inst/u_Receiver_ip_src_Receiver/u_QPSK_Rx/u_Frequency_and_Time_Synchronizer/u_Symbol_Synchronizer/u_Interpolation_Filter/Product1_mul_temp/P[47:0] is not pipelined (PREG=0). Pipelining the DSP48 output will improve performance and often saves power so it is suggested whenever possible to fully pipeline this function.  If this DSP48 function was inferred, it is suggested to describe an additional register stage after this function.  If the DSP48 was instantiated in the design, it is suggested to set the PREG attribute to 1.
Related violations: <none>

DPOP-3#32 Warning
PREG Output pipelining  
DSP i_system_wrapper/system_i/Receiver_ip_0/inst/u_Receiver_ip_dut_inst/u_Receiver_ip_src_Receiver/u_QPSK_Rx/u_Frequency_and_Time_Synchronizer/u_Symbol_Synchronizer/u_Interpolation_Filter/Product1_mul_temp_1 output i_system_wrapper/system_i/Receiver_ip_0/inst/u_Receiver_ip_dut_inst/u_Receiver_ip_src_Receiver/u_QPSK_Rx/u_Frequency_and_Time_Synchronizer/u_Symbol_Synchronizer/u_Interpolation_Filter/Product1_mul_temp_1/P[47:0] is not pipelined (PREG=0). Pipelining the DSP48 output will improve performance and often saves power so it is suggested whenever possible to fully pipeline this function.  If this DSP48 function was inferred, it is suggested to describe an additional register stage after this function.  If the DSP48 was instantiated in the design, it is suggested to set the PREG attribute to 1.
Related violations: <none>

DPOP-3#33 Warning
PREG Output pipelining  
DSP i_system_wrapper/system_i/Receiver_ip_0/inst/u_Receiver_ip_dut_inst/u_Receiver_ip_src_Receiver/u_QPSK_Rx/u_Frequency_and_Time_Synchronizer/u_Symbol_Synchronizer/u_Interpolation_Filter/Product2_mul_temp output i_system_wrapper/system_i/Receiver_ip_0/inst/u_Receiver_ip_dut_inst/u_Receiver_ip_src_Receiver/u_QPSK_Rx/u_Frequency_and_Time_Synchronizer/u_Symbol_Synchronizer/u_Interpolation_Filter/Product2_mul_temp/P[47:0] is not pipelined (PREG=0). Pipelining the DSP48 output will improve performance and often saves power so it is suggested whenever possible to fully pipeline this function.  If this DSP48 function was inferred, it is suggested to describe an additional register stage after this function.  If the DSP48 was instantiated in the design, it is suggested to set the PREG attribute to 1.
Related violations: <none>

DPOP-3#34 Warning
PREG Output pipelining  
DSP i_system_wrapper/system_i/Receiver_ip_0/inst/u_Receiver_ip_dut_inst/u_Receiver_ip_src_Receiver/u_QPSK_Rx/u_Frequency_and_Time_Synchronizer/u_Symbol_Synchronizer/u_Interpolation_Filter/Product2_mul_temp_1 output i_system_wrapper/system_i/Receiver_ip_0/inst/u_Receiver_ip_dut_inst/u_Receiver_ip_src_Receiver/u_QPSK_Rx/u_Frequency_and_Time_Synchronizer/u_Symbol_Synchronizer/u_Interpolation_Filter/Product2_mul_temp_1/P[47:0] is not pipelined (PREG=0). Pipelining the DSP48 output will improve performance and often saves power so it is suggested whenever possible to fully pipeline this function.  If this DSP48 function was inferred, it is suggested to describe an additional register stage after this function.  If the DSP48 was instantiated in the design, it is suggested to set the PREG attribute to 1.
Related violations: <none>

DPOP-4#1 Warning
MREG Output pipelining  
DSP i_system_wrapper/system_i/Receiver_ip_0/inst/u_Receiver_ip_dut_inst/u_Receiver_ip_src_Receiver/u_QPSK_Rx/u_Automatic_Gain_Control/Product_mul_temp multiplier stage i_system_wrapper/system_i/Receiver_ip_0/inst/u_Receiver_ip_dut_inst/u_Receiver_ip_src_Receiver/u_QPSK_Rx/u_Automatic_Gain_Control/Product_mul_temp/P[47:0] is not pipelined (MREG=0). Pipelining the multiplier function will improve performance and will save significant power so it is suggested whenever possible to fully pipeline this function.  If this multiplier was inferred, it is suggested to describe an additional register stage after this function.  If there is no registered adder/accumulator following the multiply function, two pipeline stages are suggested to allow both the MREG and PREG registers to be used.  If the DSP48 was instantiated in the design, it is suggested to set both the MREG and PREG attributes to 1 when performing multiply functions.
Related violations: <none>

DPOP-4#2 Warning
MREG Output pipelining  
DSP i_system_wrapper/system_i/Receiver_ip_0/inst/u_Receiver_ip_dut_inst/u_Receiver_ip_src_Receiver/u_QPSK_Rx/u_Automatic_Gain_Control/Product_mul_temp_1 multiplier stage i_system_wrapper/system_i/Receiver_ip_0/inst/u_Receiver_ip_dut_inst/u_Receiver_ip_src_Receiver/u_QPSK_Rx/u_Automatic_Gain_Control/Product_mul_temp_1/P[47:0] is not pipelined (MREG=0). Pipelining the multiplier function will improve performance and will save significant power so it is suggested whenever possible to fully pipeline this function.  If this multiplier was inferred, it is suggested to describe an additional register stage after this function.  If there is no registered adder/accumulator following the multiply function, two pipeline stages are suggested to allow both the MREG and PREG registers to be used.  If the DSP48 was instantiated in the design, it is suggested to set both the MREG and PREG attributes to 1 when performing multiply functions.
Related violations: <none>

DPOP-4#3 Warning
MREG Output pipelining  
DSP i_system_wrapper/system_i/Receiver_ip_0/inst/u_Receiver_ip_dut_inst/u_Receiver_ip_src_Receiver/u_QPSK_Rx/u_Automatic_Gain_Control/Product_mul_temp_2 multiplier stage i_system_wrapper/system_i/Receiver_ip_0/inst/u_Receiver_ip_dut_inst/u_Receiver_ip_src_Receiver/u_QPSK_Rx/u_Automatic_Gain_Control/Product_mul_temp_2/P[47:0] is not pipelined (MREG=0). Pipelining the multiplier function will improve performance and will save significant power so it is suggested whenever possible to fully pipeline this function.  If this multiplier was inferred, it is suggested to describe an additional register stage after this function.  If there is no registered adder/accumulator following the multiply function, two pipeline stages are suggested to allow both the MREG and PREG registers to be used.  If the DSP48 was instantiated in the design, it is suggested to set both the MREG and PREG attributes to 1 when performing multiply functions.
Related violations: <none>

DPOP-4#4 Warning
MREG Output pipelining  
DSP i_system_wrapper/system_i/Receiver_ip_0/inst/u_Receiver_ip_dut_inst/u_Receiver_ip_src_Receiver/u_QPSK_Rx/u_Automatic_Gain_Control/Product_mul_temp_3 multiplier stage i_system_wrapper/system_i/Receiver_ip_0/inst/u_Receiver_ip_dut_inst/u_Receiver_ip_src_Receiver/u_QPSK_Rx/u_Automatic_Gain_Control/Product_mul_temp_3/P[47:0] is not pipelined (MREG=0). Pipelining the multiplier function will improve performance and will save significant power so it is suggested whenever possible to fully pipeline this function.  If this multiplier was inferred, it is suggested to describe an additional register stage after this function.  If there is no registered adder/accumulator following the multiply function, two pipeline stages are suggested to allow both the MREG and PREG registers to be used.  If the DSP48 was instantiated in the design, it is suggested to set both the MREG and PREG attributes to 1 when performing multiply functions.
Related violations: <none>

DPOP-4#5 Warning
MREG Output pipelining  
DSP i_system_wrapper/system_i/Receiver_ip_0/inst/u_Receiver_ip_dut_inst/u_Receiver_ip_src_Receiver/u_QPSK_Rx/u_Automatic_Gain_Control/u_Error_Detector/Product_out1_im multiplier stage i_system_wrapper/system_i/Receiver_ip_0/inst/u_Receiver_ip_dut_inst/u_Receiver_ip_src_Receiver/u_QPSK_Rx/u_Automatic_Gain_Control/u_Error_Detector/Product_out1_im/P[47:0] is not pipelined (MREG=0). Pipelining the multiplier function will improve performance and will save significant power so it is suggested whenever possible to fully pipeline this function.  If this multiplier was inferred, it is suggested to describe an additional register stage after this function.  If there is no registered adder/accumulator following the multiply function, two pipeline stages are suggested to allow both the MREG and PREG registers to be used.  If the DSP48 was instantiated in the design, it is suggested to set both the MREG and PREG attributes to 1 when performing multiply functions.
Related violations: <none>

DPOP-4#6 Warning
MREG Output pipelining  
DSP i_system_wrapper/system_i/Receiver_ip_0/inst/u_Receiver_ip_dut_inst/u_Receiver_ip_src_Receiver/u_QPSK_Rx/u_Automatic_Gain_Control/u_Error_Detector/Product_out1_re multiplier stage i_system_wrapper/system_i/Receiver_ip_0/inst/u_Receiver_ip_dut_inst/u_Receiver_ip_src_Receiver/u_QPSK_Rx/u_Automatic_Gain_Control/u_Error_Detector/Product_out1_re/P[47:0] is not pipelined (MREG=0). Pipelining the multiplier function will improve performance and will save significant power so it is suggested whenever possible to fully pipeline this function.  If this multiplier was inferred, it is suggested to describe an additional register stage after this function.  If there is no registered adder/accumulator following the multiply function, two pipeline stages are suggested to allow both the MREG and PREG registers to be used.  If the DSP48 was instantiated in the design, it is suggested to set both the MREG and PREG attributes to 1 when performing multiply functions.
Related violations: <none>

DPOP-4#7 Warning
MREG Output pipelining  
DSP i_system_wrapper/system_i/Receiver_ip_0/inst/u_Receiver_ip_dut_inst/u_Receiver_ip_src_Receiver/u_QPSK_Rx/u_Automatic_Gain_Control/u_Loop_Filter/Gain1_mul_temp multiplier stage i_system_wrapper/system_i/Receiver_ip_0/inst/u_Receiver_ip_dut_inst/u_Receiver_ip_src_Receiver/u_QPSK_Rx/u_Automatic_Gain_Control/u_Loop_Filter/Gain1_mul_temp/P[47:0] is not pipelined (MREG=0). Pipelining the multiplier function will improve performance and will save significant power so it is suggested whenever possible to fully pipeline this function.  If this multiplier was inferred, it is suggested to describe an additional register stage after this function.  If there is no registered adder/accumulator following the multiply function, two pipeline stages are suggested to allow both the MREG and PREG registers to be used.  If the DSP48 was instantiated in the design, it is suggested to set both the MREG and PREG attributes to 1 when performing multiply functions.
Related violations: <none>

DPOP-4#8 Warning
MREG Output pipelining  
DSP i_system_wrapper/system_i/Receiver_ip_0/inst/u_Receiver_ip_dut_inst/u_Receiver_ip_src_Receiver/u_QPSK_Rx/u_Automatic_Gain_Control/u_Loop_Filter/Gain1_mul_temp_1 multiplier stage i_system_wrapper/system_i/Receiver_ip_0/inst/u_Receiver_ip_dut_inst/u_Receiver_ip_src_Receiver/u_QPSK_Rx/u_Automatic_Gain_Control/u_Loop_Filter/Gain1_mul_temp_1/P[47:0] is not pipelined (MREG=0). Pipelining the multiplier function will improve performance and will save significant power so it is suggested whenever possible to fully pipeline this function.  If this multiplier was inferred, it is suggested to describe an additional register stage after this function.  If there is no registered adder/accumulator following the multiply function, two pipeline stages are suggested to allow both the MREG and PREG registers to be used.  If the DSP48 was instantiated in the design, it is suggested to set both the MREG and PREG attributes to 1 when performing multiply functions.
Related violations: <none>

DPOP-4#9 Warning
MREG Output pipelining  
DSP i_system_wrapper/system_i/Receiver_ip_0/inst/u_Receiver_ip_dut_inst/u_Receiver_ip_src_Receiver/u_QPSK_Rx/u_Automatic_Gain_Control/u_Loop_Filter/Gain1_mul_temp_1__0 multiplier stage i_system_wrapper/system_i/Receiver_ip_0/inst/u_Receiver_ip_dut_inst/u_Receiver_ip_src_Receiver/u_QPSK_Rx/u_Automatic_Gain_Control/u_Loop_Filter/Gain1_mul_temp_1__0/P[47:0] is not pipelined (MREG=0). Pipelining the multiplier function will improve performance and will save significant power so it is suggested whenever possible to fully pipeline this function.  If this multiplier was inferred, it is suggested to describe an additional register stage after this function.  If there is no registered adder/accumulator following the multiply function, two pipeline stages are suggested to allow both the MREG and PREG registers to be used.  If the DSP48 was instantiated in the design, it is suggested to set both the MREG and PREG attributes to 1 when performing multiply functions.
Related violations: <none>

DPOP-4#10 Warning
MREG Output pipelining  
DSP i_system_wrapper/system_i/Receiver_ip_0/inst/u_Receiver_ip_dut_inst/u_Receiver_ip_src_Receiver/u_QPSK_Rx/u_Automatic_Gain_Control/u_Loop_Filter/Gain1_mul_temp_1__1 multiplier stage i_system_wrapper/system_i/Receiver_ip_0/inst/u_Receiver_ip_dut_inst/u_Receiver_ip_src_Receiver/u_QPSK_Rx/u_Automatic_Gain_Control/u_Loop_Filter/Gain1_mul_temp_1__1/P[47:0] is not pipelined (MREG=0). Pipelining the multiplier function will improve performance and will save significant power so it is suggested whenever possible to fully pipeline this function.  If this multiplier was inferred, it is suggested to describe an additional register stage after this function.  If there is no registered adder/accumulator following the multiply function, two pipeline stages are suggested to allow both the MREG and PREG registers to be used.  If the DSP48 was instantiated in the design, it is suggested to set both the MREG and PREG attributes to 1 when performing multiply functions.
Related violations: <none>

DPOP-4#11 Warning
MREG Output pipelining  
DSP i_system_wrapper/system_i/Receiver_ip_0/inst/u_Receiver_ip_dut_inst/u_Receiver_ip_src_Receiver/u_QPSK_Rx/u_Automatic_Gain_Control/u_Loop_Filter/Gain1_mul_temp_1__2 multiplier stage i_system_wrapper/system_i/Receiver_ip_0/inst/u_Receiver_ip_dut_inst/u_Receiver_ip_src_Receiver/u_QPSK_Rx/u_Automatic_Gain_Control/u_Loop_Filter/Gain1_mul_temp_1__2/P[47:0] is not pipelined (MREG=0). Pipelining the multiplier function will improve performance and will save significant power so it is suggested whenever possible to fully pipeline this function.  If this multiplier was inferred, it is suggested to describe an additional register stage after this function.  If there is no registered adder/accumulator following the multiply function, two pipeline stages are suggested to allow both the MREG and PREG registers to be used.  If the DSP48 was instantiated in the design, it is suggested to set both the MREG and PREG attributes to 1 when performing multiply functions.
Related violations: <none>

DPOP-4#12 Warning
MREG Output pipelining  
DSP i_system_wrapper/system_i/Receiver_ip_0/inst/u_Receiver_ip_dut_inst/u_Receiver_ip_src_Receiver/u_QPSK_Rx/u_Automatic_Gain_Control/u_Loop_Filter/Gain1_mul_temp__0 multiplier stage i_system_wrapper/system_i/Receiver_ip_0/inst/u_Receiver_ip_dut_inst/u_Receiver_ip_src_Receiver/u_QPSK_Rx/u_Automatic_Gain_Control/u_Loop_Filter/Gain1_mul_temp__0/P[47:0] is not pipelined (MREG=0). Pipelining the multiplier function will improve performance and will save significant power so it is suggested whenever possible to fully pipeline this function.  If this multiplier was inferred, it is suggested to describe an additional register stage after this function.  If there is no registered adder/accumulator following the multiply function, two pipeline stages are suggested to allow both the MREG and PREG registers to be used.  If the DSP48 was instantiated in the design, it is suggested to set both the MREG and PREG attributes to 1 when performing multiply functions.
Related violations: <none>

DPOP-4#13 Warning
MREG Output pipelining  
DSP i_system_wrapper/system_i/Receiver_ip_0/inst/u_Receiver_ip_dut_inst/u_Receiver_ip_src_Receiver/u_QPSK_Rx/u_Automatic_Gain_Control/u_Loop_Filter/Gain1_mul_temp__1 multiplier stage i_system_wrapper/system_i/Receiver_ip_0/inst/u_Receiver_ip_dut_inst/u_Receiver_ip_src_Receiver/u_QPSK_Rx/u_Automatic_Gain_Control/u_Loop_Filter/Gain1_mul_temp__1/P[47:0] is not pipelined (MREG=0). Pipelining the multiplier function will improve performance and will save significant power so it is suggested whenever possible to fully pipeline this function.  If this multiplier was inferred, it is suggested to describe an additional register stage after this function.  If there is no registered adder/accumulator following the multiply function, two pipeline stages are suggested to allow both the MREG and PREG registers to be used.  If the DSP48 was instantiated in the design, it is suggested to set both the MREG and PREG attributes to 1 when performing multiply functions.
Related violations: <none>

DPOP-4#14 Warning
MREG Output pipelining  
DSP i_system_wrapper/system_i/Receiver_ip_0/inst/u_Receiver_ip_dut_inst/u_Receiver_ip_src_Receiver/u_QPSK_Rx/u_Automatic_Gain_Control/u_Loop_Filter/Gain1_mul_temp__2 multiplier stage i_system_wrapper/system_i/Receiver_ip_0/inst/u_Receiver_ip_dut_inst/u_Receiver_ip_src_Receiver/u_QPSK_Rx/u_Automatic_Gain_Control/u_Loop_Filter/Gain1_mul_temp__2/P[47:0] is not pipelined (MREG=0). Pipelining the multiplier function will improve performance and will save significant power so it is suggested whenever possible to fully pipeline this function.  If this multiplier was inferred, it is suggested to describe an additional register stage after this function.  If there is no registered adder/accumulator following the multiply function, two pipeline stages are suggested to allow both the MREG and PREG registers to be used.  If the DSP48 was instantiated in the design, it is suggested to set both the MREG and PREG attributes to 1 when performing multiply functions.
Related violations: <none>

DPOP-4#15 Warning
MREG Output pipelining  
DSP i_system_wrapper/system_i/Receiver_ip_0/inst/u_Receiver_ip_dut_inst/u_Receiver_ip_src_Receiver/u_QPSK_Rx/u_Frequency_and_Time_Synchronizer/u_Carrier_Synchronizer/Delay6_reg_im_reg[0] multiplier stage i_system_wrapper/system_i/Receiver_ip_0/inst/u_Receiver_ip_dut_inst/u_Receiver_ip_src_Receiver/u_QPSK_Rx/u_Frequency_and_Time_Synchronizer/u_Carrier_Synchronizer/Delay6_reg_im_reg[0]/P[47:0] is not pipelined (MREG=0). Pipelining the multiplier function will improve performance and will save significant power so it is suggested whenever possible to fully pipeline this function.  If this multiplier was inferred, it is suggested to describe an additional register stage after this function.  If there is no registered adder/accumulator following the multiply function, two pipeline stages are suggested to allow both the MREG and PREG registers to be used.  If the DSP48 was instantiated in the design, it is suggested to set both the MREG and PREG attributes to 1 when performing multiply functions.
Related violations: <none>

DPOP-4#16 Warning
MREG Output pipelining  
DSP i_system_wrapper/system_i/Receiver_ip_0/inst/u_Receiver_ip_dut_inst/u_Receiver_ip_src_Receiver/u_QPSK_Rx/u_Frequency_and_Time_Synchronizer/u_Carrier_Synchronizer/Delay6_reg_re_reg[0] multiplier stage i_system_wrapper/system_i/Receiver_ip_0/inst/u_Receiver_ip_dut_inst/u_Receiver_ip_src_Receiver/u_QPSK_Rx/u_Frequency_and_Time_Synchronizer/u_Carrier_Synchronizer/Delay6_reg_re_reg[0]/P[47:0] is not pipelined (MREG=0). Pipelining the multiplier function will improve performance and will save significant power so it is suggested whenever possible to fully pipeline this function.  If this multiplier was inferred, it is suggested to describe an additional register stage after this function.  If there is no registered adder/accumulator following the multiply function, two pipeline stages are suggested to allow both the MREG and PREG registers to be used.  If the DSP48 was instantiated in the design, it is suggested to set both the MREG and PREG attributes to 1 when performing multiply functions.
Related violations: <none>

DPOP-4#17 Warning
MREG Output pipelining  
DSP i_system_wrapper/system_i/Receiver_ip_0/inst/u_Receiver_ip_dut_inst/u_Receiver_ip_src_Receiver/u_QPSK_Rx/u_Frequency_and_Time_Synchronizer/u_Carrier_Synchronizer/Product_mul_temp multiplier stage i_system_wrapper/system_i/Receiver_ip_0/inst/u_Receiver_ip_dut_inst/u_Receiver_ip_src_Receiver/u_QPSK_Rx/u_Frequency_and_Time_Synchronizer/u_Carrier_Synchronizer/Product_mul_temp/P[47:0] is not pipelined (MREG=0). Pipelining the multiplier function will improve performance and will save significant power so it is suggested whenever possible to fully pipeline this function.  If this multiplier was inferred, it is suggested to describe an additional register stage after this function.  If there is no registered adder/accumulator following the multiply function, two pipeline stages are suggested to allow both the MREG and PREG registers to be used.  If the DSP48 was instantiated in the design, it is suggested to set both the MREG and PREG attributes to 1 when performing multiply functions.
Related violations: <none>

DPOP-4#18 Warning
MREG Output pipelining  
DSP i_system_wrapper/system_i/Receiver_ip_0/inst/u_Receiver_ip_dut_inst/u_Receiver_ip_src_Receiver/u_QPSK_Rx/u_Frequency_and_Time_Synchronizer/u_Carrier_Synchronizer/Product_mul_temp_2 multiplier stage i_system_wrapper/system_i/Receiver_ip_0/inst/u_Receiver_ip_dut_inst/u_Receiver_ip_src_Receiver/u_QPSK_Rx/u_Frequency_and_Time_Synchronizer/u_Carrier_Synchronizer/Product_mul_temp_2/P[47:0] is not pipelined (MREG=0). Pipelining the multiplier function will improve performance and will save significant power so it is suggested whenever possible to fully pipeline this function.  If this multiplier was inferred, it is suggested to describe an additional register stage after this function.  If there is no registered adder/accumulator following the multiply function, two pipeline stages are suggested to allow both the MREG and PREG registers to be used.  If the DSP48 was instantiated in the design, it is suggested to set both the MREG and PREG attributes to 1 when performing multiply functions.
Related violations: <none>

DPOP-4#19 Warning
MREG Output pipelining  
DSP i_system_wrapper/system_i/Receiver_ip_0/inst/u_Receiver_ip_dut_inst/u_Receiver_ip_src_Receiver/u_QPSK_Rx/u_Frequency_and_Time_Synchronizer/u_Carrier_Synchronizer/u_Loop_Filter/Gain1_mul_temp multiplier stage i_system_wrapper/system_i/Receiver_ip_0/inst/u_Receiver_ip_dut_inst/u_Receiver_ip_src_Receiver/u_QPSK_Rx/u_Frequency_and_Time_Synchronizer/u_Carrier_Synchronizer/u_Loop_Filter/Gain1_mul_temp/P[47:0] is not pipelined (MREG=0). Pipelining the multiplier function will improve performance and will save significant power so it is suggested whenever possible to fully pipeline this function.  If this multiplier was inferred, it is suggested to describe an additional register stage after this function.  If there is no registered adder/accumulator following the multiply function, two pipeline stages are suggested to allow both the MREG and PREG registers to be used.  If the DSP48 was instantiated in the design, it is suggested to set both the MREG and PREG attributes to 1 when performing multiply functions.
Related violations: <none>

DPOP-4#20 Warning
MREG Output pipelining  
DSP i_system_wrapper/system_i/Receiver_ip_0/inst/u_Receiver_ip_dut_inst/u_Receiver_ip_src_Receiver/u_QPSK_Rx/u_Frequency_and_Time_Synchronizer/u_Coarse_Frequency_Compensator/Product1_mul_temp multiplier stage i_system_wrapper/system_i/Receiver_ip_0/inst/u_Receiver_ip_dut_inst/u_Receiver_ip_src_Receiver/u_QPSK_Rx/u_Frequency_and_Time_Synchronizer/u_Coarse_Frequency_Compensator/Product1_mul_temp/P[47:0] is not pipelined (MREG=0). Pipelining the multiplier function will improve performance and will save significant power so it is suggested whenever possible to fully pipeline this function.  If this multiplier was inferred, it is suggested to describe an additional register stage after this function.  If there is no registered adder/accumulator following the multiply function, two pipeline stages are suggested to allow both the MREG and PREG registers to be used.  If the DSP48 was instantiated in the design, it is suggested to set both the MREG and PREG attributes to 1 when performing multiply functions.
Related violations: <none>

DPOP-4#21 Warning
MREG Output pipelining  
DSP i_system_wrapper/system_i/Receiver_ip_0/inst/u_Receiver_ip_dut_inst/u_Receiver_ip_src_Receiver/u_QPSK_Rx/u_Frequency_and_Time_Synchronizer/u_Coarse_Frequency_Compensator/Product1_mul_temp_1 multiplier stage i_system_wrapper/system_i/Receiver_ip_0/inst/u_Receiver_ip_dut_inst/u_Receiver_ip_src_Receiver/u_QPSK_Rx/u_Frequency_and_Time_Synchronizer/u_Coarse_Frequency_Compensator/Product1_mul_temp_1/P[47:0] is not pipelined (MREG=0). Pipelining the multiplier function will improve performance and will save significant power so it is suggested whenever possible to fully pipeline this function.  If this multiplier was inferred, it is suggested to describe an additional register stage after this function.  If there is no registered adder/accumulator following the multiply function, two pipeline stages are suggested to allow both the MREG and PREG registers to be used.  If the DSP48 was instantiated in the design, it is suggested to set both the MREG and PREG attributes to 1 when performing multiply functions.
Related violations: <none>

DPOP-4#22 Warning
MREG Output pipelining  
DSP i_system_wrapper/system_i/Receiver_ip_0/inst/u_Receiver_ip_dut_inst/u_Receiver_ip_src_Receiver/u_QPSK_Rx/u_Frequency_and_Time_Synchronizer/u_Coarse_Frequency_Compensator/Product1_mul_temp_2 multiplier stage i_system_wrapper/system_i/Receiver_ip_0/inst/u_Receiver_ip_dut_inst/u_Receiver_ip_src_Receiver/u_QPSK_Rx/u_Frequency_and_Time_Synchronizer/u_Coarse_Frequency_Compensator/Product1_mul_temp_2/P[47:0] is not pipelined (MREG=0). Pipelining the multiplier function will improve performance and will save significant power so it is suggested whenever possible to fully pipeline this function.  If this multiplier was inferred, it is suggested to describe an additional register stage after this function.  If there is no registered adder/accumulator following the multiply function, two pipeline stages are suggested to allow both the MREG and PREG registers to be used.  If the DSP48 was instantiated in the design, it is suggested to set both the MREG and PREG attributes to 1 when performing multiply functions.
Related violations: <none>

DPOP-4#23 Warning
MREG Output pipelining  
DSP i_system_wrapper/system_i/Receiver_ip_0/inst/u_Receiver_ip_dut_inst/u_Receiver_ip_src_Receiver/u_QPSK_Rx/u_Frequency_and_Time_Synchronizer/u_Coarse_Frequency_Compensator/Product1_mul_temp_3 multiplier stage i_system_wrapper/system_i/Receiver_ip_0/inst/u_Receiver_ip_dut_inst/u_Receiver_ip_src_Receiver/u_QPSK_Rx/u_Frequency_and_Time_Synchronizer/u_Coarse_Frequency_Compensator/Product1_mul_temp_3/P[47:0] is not pipelined (MREG=0). Pipelining the multiplier function will improve performance and will save significant power so it is suggested whenever possible to fully pipeline this function.  If this multiplier was inferred, it is suggested to describe an additional register stage after this function.  If there is no registered adder/accumulator following the multiply function, two pipeline stages are suggested to allow both the MREG and PREG registers to be used.  If the DSP48 was instantiated in the design, it is suggested to set both the MREG and PREG attributes to 1 when performing multiply functions.
Related violations: <none>

DPOP-4#24 Warning
MREG Output pipelining  
DSP i_system_wrapper/system_i/Receiver_ip_0/inst/u_Receiver_ip_dut_inst/u_Receiver_ip_src_Receiver/u_QPSK_Rx/u_Frequency_and_Time_Synchronizer/u_Coarse_Frequency_Compensator/u_Coarse_Frequency_Estimator/Product_out1_im multiplier stage i_system_wrapper/system_i/Receiver_ip_0/inst/u_Receiver_ip_dut_inst/u_Receiver_ip_src_Receiver/u_QPSK_Rx/u_Frequency_and_Time_Synchronizer/u_Coarse_Frequency_Compensator/u_Coarse_Frequency_Estimator/Product_out1_im/P[47:0] is not pipelined (MREG=0). Pipelining the multiplier function will improve performance and will save significant power so it is suggested whenever possible to fully pipeline this function.  If this multiplier was inferred, it is suggested to describe an additional register stage after this function.  If there is no registered adder/accumulator following the multiply function, two pipeline stages are suggested to allow both the MREG and PREG registers to be used.  If the DSP48 was instantiated in the design, it is suggested to set both the MREG and PREG attributes to 1 when performing multiply functions.
Related violations: <none>

DPOP-4#25 Warning
MREG Output pipelining  
DSP i_system_wrapper/system_i/Receiver_ip_0/inst/u_Receiver_ip_dut_inst/u_Receiver_ip_src_Receiver/u_QPSK_Rx/u_Frequency_and_Time_Synchronizer/u_Coarse_Frequency_Compensator/u_Coarse_Frequency_Estimator/Product_out1_re multiplier stage i_system_wrapper/system_i/Receiver_ip_0/inst/u_Receiver_ip_dut_inst/u_Receiver_ip_src_Receiver/u_QPSK_Rx/u_Frequency_and_Time_Synchronizer/u_Coarse_Frequency_Compensator/u_Coarse_Frequency_Estimator/Product_out1_re/P[47:0] is not pipelined (MREG=0). Pipelining the multiplier function will improve performance and will save significant power so it is suggested whenever possible to fully pipeline this function.  If this multiplier was inferred, it is suggested to describe an additional register stage after this function.  If there is no registered adder/accumulator following the multiply function, two pipeline stages are suggested to allow both the MREG and PREG registers to be used.  If the DSP48 was instantiated in the design, it is suggested to set both the MREG and PREG attributes to 1 when performing multiply functions.
Related violations: <none>

DPOP-4#26 Warning
MREG Output pipelining  
DSP i_system_wrapper/system_i/Receiver_ip_0/inst/u_Receiver_ip_dut_inst/u_Receiver_ip_src_Receiver/u_QPSK_Rx/u_Frequency_and_Time_Synchronizer/u_Coarse_Frequency_Compensator/u_Raise_Power_to_4/Product1_mul_temp multiplier stage i_system_wrapper/system_i/Receiver_ip_0/inst/u_Receiver_ip_dut_inst/u_Receiver_ip_src_Receiver/u_QPSK_Rx/u_Frequency_and_Time_Synchronizer/u_Coarse_Frequency_Compensator/u_Raise_Power_to_4/Product1_mul_temp/P[47:0] is not pipelined (MREG=0). Pipelining the multiplier function will improve performance and will save significant power so it is suggested whenever possible to fully pipeline this function.  If this multiplier was inferred, it is suggested to describe an additional register stage after this function.  If there is no registered adder/accumulator following the multiply function, two pipeline stages are suggested to allow both the MREG and PREG registers to be used.  If the DSP48 was instantiated in the design, it is suggested to set both the MREG and PREG attributes to 1 when performing multiply functions.
Related violations: <none>

DPOP-4#27 Warning
MREG Output pipelining  
DSP i_system_wrapper/system_i/Receiver_ip_0/inst/u_Receiver_ip_dut_inst/u_Receiver_ip_src_Receiver/u_QPSK_Rx/u_Frequency_and_Time_Synchronizer/u_Coarse_Frequency_Compensator/u_Raise_Power_to_4/Product1_mul_temp_1 multiplier stage i_system_wrapper/system_i/Receiver_ip_0/inst/u_Receiver_ip_dut_inst/u_Receiver_ip_src_Receiver/u_QPSK_Rx/u_Frequency_and_Time_Synchronizer/u_Coarse_Frequency_Compensator/u_Raise_Power_to_4/Product1_mul_temp_1/P[47:0] is not pipelined (MREG=0). Pipelining the multiplier function will improve performance and will save significant power so it is suggested whenever possible to fully pipeline this function.  If this multiplier was inferred, it is suggested to describe an additional register stage after this function.  If there is no registered adder/accumulator following the multiply function, two pipeline stages are suggested to allow both the MREG and PREG registers to be used.  If the DSP48 was instantiated in the design, it is suggested to set both the MREG and PREG attributes to 1 when performing multiply functions.
Related violations: <none>

DPOP-4#28 Warning
MREG Output pipelining  
DSP i_system_wrapper/system_i/Receiver_ip_0/inst/u_Receiver_ip_dut_inst/u_Receiver_ip_src_Receiver/u_QPSK_Rx/u_Frequency_and_Time_Synchronizer/u_Coarse_Frequency_Compensator/u_Raise_Power_to_4/Product1_mul_temp_2 multiplier stage i_system_wrapper/system_i/Receiver_ip_0/inst/u_Receiver_ip_dut_inst/u_Receiver_ip_src_Receiver/u_QPSK_Rx/u_Frequency_and_Time_Synchronizer/u_Coarse_Frequency_Compensator/u_Raise_Power_to_4/Product1_mul_temp_2/P[47:0] is not pipelined (MREG=0). Pipelining the multiplier function will improve performance and will save significant power so it is suggested whenever possible to fully pipeline this function.  If this multiplier was inferred, it is suggested to describe an additional register stage after this function.  If there is no registered adder/accumulator following the multiply function, two pipeline stages are suggested to allow both the MREG and PREG registers to be used.  If the DSP48 was instantiated in the design, it is suggested to set both the MREG and PREG attributes to 1 when performing multiply functions.
Related violations: <none>

DPOP-4#29 Warning
MREG Output pipelining  
DSP i_system_wrapper/system_i/Receiver_ip_0/inst/u_Receiver_ip_dut_inst/u_Receiver_ip_src_Receiver/u_QPSK_Rx/u_Frequency_and_Time_Synchronizer/u_Coarse_Frequency_Compensator/u_Raise_Power_to_4/Product1_mul_temp_3 multiplier stage i_system_wrapper/system_i/Receiver_ip_0/inst/u_Receiver_ip_dut_inst/u_Receiver_ip_src_Receiver/u_QPSK_Rx/u_Frequency_and_Time_Synchronizer/u_Coarse_Frequency_Compensator/u_Raise_Power_to_4/Product1_mul_temp_3/P[47:0] is not pipelined (MREG=0). Pipelining the multiplier function will improve performance and will save significant power so it is suggested whenever possible to fully pipeline this function.  If this multiplier was inferred, it is suggested to describe an additional register stage after this function.  If there is no registered adder/accumulator following the multiply function, two pipeline stages are suggested to allow both the MREG and PREG registers to be used.  If the DSP48 was instantiated in the design, it is suggested to set both the MREG and PREG attributes to 1 when performing multiply functions.
Related violations: <none>

DPOP-4#30 Warning
MREG Output pipelining  
DSP i_system_wrapper/system_i/Receiver_ip_0/inst/u_Receiver_ip_dut_inst/u_Receiver_ip_src_Receiver/u_QPSK_Rx/u_Frequency_and_Time_Synchronizer/u_Coarse_Frequency_Compensator/u_Raise_Power_to_4/Product2_mul_temp multiplier stage i_system_wrapper/system_i/Receiver_ip_0/inst/u_Receiver_ip_dut_inst/u_Receiver_ip_src_Receiver/u_QPSK_Rx/u_Frequency_and_Time_Synchronizer/u_Coarse_Frequency_Compensator/u_Raise_Power_to_4/Product2_mul_temp/P[47:0] is not pipelined (MREG=0). Pipelining the multiplier function will improve performance and will save significant power so it is suggested whenever possible to fully pipeline this function.  If this multiplier was inferred, it is suggested to describe an additional register stage after this function.  If there is no registered adder/accumulator following the multiply function, two pipeline stages are suggested to allow both the MREG and PREG registers to be used.  If the DSP48 was instantiated in the design, it is suggested to set both the MREG and PREG attributes to 1 when performing multiply functions.
Related violations: <none>

DPOP-4#31 Warning
MREG Output pipelining  
DSP i_system_wrapper/system_i/Receiver_ip_0/inst/u_Receiver_ip_dut_inst/u_Receiver_ip_src_Receiver/u_QPSK_Rx/u_Frequency_and_Time_Synchronizer/u_Coarse_Frequency_Compensator/u_Raise_Power_to_4/Product2_mul_temp_1 multiplier stage i_system_wrapper/system_i/Receiver_ip_0/inst/u_Receiver_ip_dut_inst/u_Receiver_ip_src_Receiver/u_QPSK_Rx/u_Frequency_and_Time_Synchronizer/u_Coarse_Frequency_Compensator/u_Raise_Power_to_4/Product2_mul_temp_1/P[47:0] is not pipelined (MREG=0). Pipelining the multiplier function will improve performance and will save significant power so it is suggested whenever possible to fully pipeline this function.  If this multiplier was inferred, it is suggested to describe an additional register stage after this function.  If there is no registered adder/accumulator following the multiply function, two pipeline stages are suggested to allow both the MREG and PREG registers to be used.  If the DSP48 was instantiated in the design, it is suggested to set both the MREG and PREG attributes to 1 when performing multiply functions.
Related violations: <none>

DPOP-4#32 Warning
MREG Output pipelining  
DSP i_system_wrapper/system_i/Receiver_ip_0/inst/u_Receiver_ip_dut_inst/u_Receiver_ip_src_Receiver/u_QPSK_Rx/u_Frequency_and_Time_Synchronizer/u_Coarse_Frequency_Compensator/u_Raise_Power_to_4/Product2_mul_temp_2 multiplier stage i_system_wrapper/system_i/Receiver_ip_0/inst/u_Receiver_ip_dut_inst/u_Receiver_ip_src_Receiver/u_QPSK_Rx/u_Frequency_and_Time_Synchronizer/u_Coarse_Frequency_Compensator/u_Raise_Power_to_4/Product2_mul_temp_2/P[47:0] is not pipelined (MREG=0). Pipelining the multiplier function will improve performance and will save significant power so it is suggested whenever possible to fully pipeline this function.  If this multiplier was inferred, it is suggested to describe an additional register stage after this function.  If there is no registered adder/accumulator following the multiply function, two pipeline stages are suggested to allow both the MREG and PREG registers to be used.  If the DSP48 was instantiated in the design, it is suggested to set both the MREG and PREG attributes to 1 when performing multiply functions.
Related violations: <none>

DPOP-4#33 Warning
MREG Output pipelining  
DSP i_system_wrapper/system_i/Receiver_ip_0/inst/u_Receiver_ip_dut_inst/u_Receiver_ip_src_Receiver/u_QPSK_Rx/u_Frequency_and_Time_Synchronizer/u_Coarse_Frequency_Compensator/u_Raise_Power_to_4/Product2_mul_temp_3 multiplier stage i_system_wrapper/system_i/Receiver_ip_0/inst/u_Receiver_ip_dut_inst/u_Receiver_ip_src_Receiver/u_QPSK_Rx/u_Frequency_and_Time_Synchronizer/u_Coarse_Frequency_Compensator/u_Raise_Power_to_4/Product2_mul_temp_3/P[47:0] is not pipelined (MREG=0). Pipelining the multiplier function will improve performance and will save significant power so it is suggested whenever possible to fully pipeline this function.  If this multiplier was inferred, it is suggested to describe an additional register stage after this function.  If there is no registered adder/accumulator following the multiply function, two pipeline stages are suggested to allow both the MREG and PREG registers to be used.  If the DSP48 was instantiated in the design, it is suggested to set both the MREG and PREG attributes to 1 when performing multiply functions.
Related violations: <none>

DPOP-4#34 Warning
MREG Output pipelining  
DSP i_system_wrapper/system_i/Receiver_ip_0/inst/u_Receiver_ip_dut_inst/u_Receiver_ip_src_Receiver/u_QPSK_Rx/u_Frequency_and_Time_Synchronizer/u_Phase_Ambiguity_Estimation_and_Correction/u_Phase_Ambiguity_Corrector/Product2_mul_temp multiplier stage i_system_wrapper/system_i/Receiver_ip_0/inst/u_Receiver_ip_dut_inst/u_Receiver_ip_src_Receiver/u_QPSK_Rx/u_Frequency_and_Time_Synchronizer/u_Phase_Ambiguity_Estimation_and_Correction/u_Phase_Ambiguity_Corrector/Product2_mul_temp/P[47:0] is not pipelined (MREG=0). Pipelining the multiplier function will improve performance and will save significant power so it is suggested whenever possible to fully pipeline this function.  If this multiplier was inferred, it is suggested to describe an additional register stage after this function.  If there is no registered adder/accumulator following the multiply function, two pipeline stages are suggested to allow both the MREG and PREG registers to be used.  If the DSP48 was instantiated in the design, it is suggested to set both the MREG and PREG attributes to 1 when performing multiply functions.
Related violations: <none>

DPOP-4#35 Warning
MREG Output pipelining  
DSP i_system_wrapper/system_i/Receiver_ip_0/inst/u_Receiver_ip_dut_inst/u_Receiver_ip_src_Receiver/u_QPSK_Rx/u_Frequency_and_Time_Synchronizer/u_Phase_Ambiguity_Estimation_and_Correction/u_Phase_Ambiguity_Corrector/Product2_mul_temp_1 multiplier stage i_system_wrapper/system_i/Receiver_ip_0/inst/u_Receiver_ip_dut_inst/u_Receiver_ip_src_Receiver/u_QPSK_Rx/u_Frequency_and_Time_Synchronizer/u_Phase_Ambiguity_Estimation_and_Correction/u_Phase_Ambiguity_Corrector/Product2_mul_temp_1/P[47:0] is not pipelined (MREG=0). Pipelining the multiplier function will improve performance and will save significant power so it is suggested whenever possible to fully pipeline this function.  If this multiplier was inferred, it is suggested to describe an additional register stage after this function.  If there is no registered adder/accumulator following the multiply function, two pipeline stages are suggested to allow both the MREG and PREG registers to be used.  If the DSP48 was instantiated in the design, it is suggested to set both the MREG and PREG attributes to 1 when performing multiply functions.
Related violations: <none>

DPOP-4#36 Warning
MREG Output pipelining  
DSP i_system_wrapper/system_i/Receiver_ip_0/inst/u_Receiver_ip_dut_inst/u_Receiver_ip_src_Receiver/u_QPSK_Rx/u_Frequency_and_Time_Synchronizer/u_Phase_Ambiguity_Estimation_and_Correction/u_Phase_Ambiguity_Corrector/Product2_mul_temp_2 multiplier stage i_system_wrapper/system_i/Receiver_ip_0/inst/u_Receiver_ip_dut_inst/u_Receiver_ip_src_Receiver/u_QPSK_Rx/u_Frequency_and_Time_Synchronizer/u_Phase_Ambiguity_Estimation_and_Correction/u_Phase_Ambiguity_Corrector/Product2_mul_temp_2/P[47:0] is not pipelined (MREG=0). Pipelining the multiplier function will improve performance and will save significant power so it is suggested whenever possible to fully pipeline this function.  If this multiplier was inferred, it is suggested to describe an additional register stage after this function.  If there is no registered adder/accumulator following the multiply function, two pipeline stages are suggested to allow both the MREG and PREG registers to be used.  If the DSP48 was instantiated in the design, it is suggested to set both the MREG and PREG attributes to 1 when performing multiply functions.
Related violations: <none>

DPOP-4#37 Warning
MREG Output pipelining  
DSP i_system_wrapper/system_i/Receiver_ip_0/inst/u_Receiver_ip_dut_inst/u_Receiver_ip_src_Receiver/u_QPSK_Rx/u_Frequency_and_Time_Synchronizer/u_Phase_Ambiguity_Estimation_and_Correction/u_Phase_Ambiguity_Corrector/Product2_mul_temp_3 multiplier stage i_system_wrapper/system_i/Receiver_ip_0/inst/u_Receiver_ip_dut_inst/u_Receiver_ip_src_Receiver/u_QPSK_Rx/u_Frequency_and_Time_Synchronizer/u_Phase_Ambiguity_Estimation_and_Correction/u_Phase_Ambiguity_Corrector/Product2_mul_temp_3/P[47:0] is not pipelined (MREG=0). Pipelining the multiplier function will improve performance and will save significant power so it is suggested whenever possible to fully pipeline this function.  If this multiplier was inferred, it is suggested to describe an additional register stage after this function.  If there is no registered adder/accumulator following the multiply function, two pipeline stages are suggested to allow both the MREG and PREG registers to be used.  If the DSP48 was instantiated in the design, it is suggested to set both the MREG and PREG attributes to 1 when performing multiply functions.
Related violations: <none>

DPOP-4#38 Warning
MREG Output pipelining  
DSP i_system_wrapper/system_i/Receiver_ip_0/inst/u_Receiver_ip_dut_inst/u_Receiver_ip_src_Receiver/u_QPSK_Rx/u_Frequency_and_Time_Synchronizer/u_Phase_Ambiguity_Estimation_and_Correction/u_Phase_Ambiguity_Estimator/Delay9_reg_im_reg[0] multiplier stage i_system_wrapper/system_i/Receiver_ip_0/inst/u_Receiver_ip_dut_inst/u_Receiver_ip_src_Receiver/u_QPSK_Rx/u_Frequency_and_Time_Synchronizer/u_Phase_Ambiguity_Estimation_and_Correction/u_Phase_Ambiguity_Estimator/Delay9_reg_im_reg[0]/P[47:0] is not pipelined (MREG=0). Pipelining the multiplier function will improve performance and will save significant power so it is suggested whenever possible to fully pipeline this function.  If this multiplier was inferred, it is suggested to describe an additional register stage after this function.  If there is no registered adder/accumulator following the multiply function, two pipeline stages are suggested to allow both the MREG and PREG registers to be used.  If the DSP48 was instantiated in the design, it is suggested to set both the MREG and PREG attributes to 1 when performing multiply functions.
Related violations: <none>

DPOP-4#39 Warning
MREG Output pipelining  
DSP i_system_wrapper/system_i/Receiver_ip_0/inst/u_Receiver_ip_dut_inst/u_Receiver_ip_src_Receiver/u_QPSK_Rx/u_Frequency_and_Time_Synchronizer/u_Phase_Ambiguity_Estimation_and_Correction/u_Phase_Ambiguity_Estimator/Delay9_reg_re_reg[0] multiplier stage i_system_wrapper/system_i/Receiver_ip_0/inst/u_Receiver_ip_dut_inst/u_Receiver_ip_src_Receiver/u_QPSK_Rx/u_Frequency_and_Time_Synchronizer/u_Phase_Ambiguity_Estimation_and_Correction/u_Phase_Ambiguity_Estimator/Delay9_reg_re_reg[0]/P[47:0] is not pipelined (MREG=0). Pipelining the multiplier function will improve performance and will save significant power so it is suggested whenever possible to fully pipeline this function.  If this multiplier was inferred, it is suggested to describe an additional register stage after this function.  If there is no registered adder/accumulator following the multiply function, two pipeline stages are suggested to allow both the MREG and PREG registers to be used.  If the DSP48 was instantiated in the design, it is suggested to set both the MREG and PREG attributes to 1 when performing multiply functions.
Related violations: <none>

DPOP-4#40 Warning
MREG Output pipelining  
DSP i_system_wrapper/system_i/Receiver_ip_0/inst/u_Receiver_ip_dut_inst/u_Receiver_ip_src_Receiver/u_QPSK_Rx/u_Frequency_and_Time_Synchronizer/u_Preamble_Detector/u_Correlator/u_Magnitude_Squared/Delay3_reg_re_reg[0] multiplier stage i_system_wrapper/system_i/Receiver_ip_0/inst/u_Receiver_ip_dut_inst/u_Receiver_ip_src_Receiver/u_QPSK_Rx/u_Frequency_and_Time_Synchronizer/u_Preamble_Detector/u_Correlator/u_Magnitude_Squared/Delay3_reg_re_reg[0]/P[47:0] is not pipelined (MREG=0). Pipelining the multiplier function will improve performance and will save significant power so it is suggested whenever possible to fully pipeline this function.  If this multiplier was inferred, it is suggested to describe an additional register stage after this function.  If there is no registered adder/accumulator following the multiply function, two pipeline stages are suggested to allow both the MREG and PREG registers to be used.  If the DSP48 was instantiated in the design, it is suggested to set both the MREG and PREG attributes to 1 when performing multiply functions.
Related violations: <none>

DPOP-4#41 Warning
MREG Output pipelining  
DSP i_system_wrapper/system_i/Receiver_ip_0/inst/u_Receiver_ip_dut_inst/u_Receiver_ip_src_Receiver/u_QPSK_Rx/u_Frequency_and_Time_Synchronizer/u_Preamble_Detector/u_Correlator/u_Magnitude_Squared_and_Moving_Sum/Delay2_reg_re_reg[0] multiplier stage i_system_wrapper/system_i/Receiver_ip_0/inst/u_Receiver_ip_dut_inst/u_Receiver_ip_src_Receiver/u_QPSK_Rx/u_Frequency_and_Time_Synchronizer/u_Preamble_Detector/u_Correlator/u_Magnitude_Squared_and_Moving_Sum/Delay2_reg_re_reg[0]/P[47:0] is not pipelined (MREG=0). Pipelining the multiplier function will improve performance and will save significant power so it is suggested whenever possible to fully pipeline this function.  If this multiplier was inferred, it is suggested to describe an additional register stage after this function.  If there is no registered adder/accumulator following the multiply function, two pipeline stages are suggested to allow both the MREG and PREG registers to be used.  If the DSP48 was instantiated in the design, it is suggested to set both the MREG and PREG attributes to 1 when performing multiply functions.
Related violations: <none>

DPOP-4#42 Warning
MREG Output pipelining  
DSP i_system_wrapper/system_i/Receiver_ip_0/inst/u_Receiver_ip_dut_inst/u_Receiver_ip_src_Receiver/u_QPSK_Rx/u_Frequency_and_Time_Synchronizer/u_Preamble_Detector/u_Correlator/u_Magnitude_Squared_and_Moving_Sum/Gain_mul_temp__0 multiplier stage i_system_wrapper/system_i/Receiver_ip_0/inst/u_Receiver_ip_dut_inst/u_Receiver_ip_src_Receiver/u_QPSK_Rx/u_Frequency_and_Time_Synchronizer/u_Preamble_Detector/u_Correlator/u_Magnitude_Squared_and_Moving_Sum/Gain_mul_temp__0/P[47:0] is not pipelined (MREG=0). Pipelining the multiplier function will improve performance and will save significant power so it is suggested whenever possible to fully pipeline this function.  If this multiplier was inferred, it is suggested to describe an additional register stage after this function.  If there is no registered adder/accumulator following the multiply function, two pipeline stages are suggested to allow both the MREG and PREG registers to be used.  If the DSP48 was instantiated in the design, it is suggested to set both the MREG and PREG attributes to 1 when performing multiply functions.
Related violations: <none>

DPOP-4#43 Warning
MREG Output pipelining  
DSP i_system_wrapper/system_i/Receiver_ip_0/inst/u_Receiver_ip_dut_inst/u_Receiver_ip_src_Receiver/u_QPSK_Rx/u_Frequency_and_Time_Synchronizer/u_Symbol_Synchronizer/u_Gardner_TED/p_1_out multiplier stage i_system_wrapper/system_i/Receiver_ip_0/inst/u_Receiver_ip_dut_inst/u_Receiver_ip_src_Receiver/u_QPSK_Rx/u_Frequency_and_Time_Synchronizer/u_Symbol_Synchronizer/u_Gardner_TED/p_1_out/P[47:0] is not pipelined (MREG=0). Pipelining the multiplier function will improve performance and will save significant power so it is suggested whenever possible to fully pipeline this function.  If this multiplier was inferred, it is suggested to describe an additional register stage after this function.  If there is no registered adder/accumulator following the multiply function, two pipeline stages are suggested to allow both the MREG and PREG registers to be used.  If the DSP48 was instantiated in the design, it is suggested to set both the MREG and PREG attributes to 1 when performing multiply functions.
Related violations: <none>

DPOP-4#44 Warning
MREG Output pipelining  
DSP i_system_wrapper/system_i/Receiver_ip_0/inst/u_Receiver_ip_dut_inst/u_Receiver_ip_src_Receiver/u_QPSK_Rx/u_Frequency_and_Time_Synchronizer/u_Symbol_Synchronizer/u_Gardner_TED/p_1_out__0 multiplier stage i_system_wrapper/system_i/Receiver_ip_0/inst/u_Receiver_ip_dut_inst/u_Receiver_ip_src_Receiver/u_QPSK_Rx/u_Frequency_and_Time_Synchronizer/u_Symbol_Synchronizer/u_Gardner_TED/p_1_out__0/P[47:0] is not pipelined (MREG=0). Pipelining the multiplier function will improve performance and will save significant power so it is suggested whenever possible to fully pipeline this function.  If this multiplier was inferred, it is suggested to describe an additional register stage after this function.  If there is no registered adder/accumulator following the multiply function, two pipeline stages are suggested to allow both the MREG and PREG registers to be used.  If the DSP48 was instantiated in the design, it is suggested to set both the MREG and PREG attributes to 1 when performing multiply functions.
Related violations: <none>

DPOP-4#45 Warning
MREG Output pipelining  
DSP i_system_wrapper/system_i/Receiver_ip_0/inst/u_Receiver_ip_dut_inst/u_Receiver_ip_src_Receiver/u_QPSK_Rx/u_Frequency_and_Time_Synchronizer/u_Symbol_Synchronizer/u_Interpolation_Filter/Product1_mul_temp multiplier stage i_system_wrapper/system_i/Receiver_ip_0/inst/u_Receiver_ip_dut_inst/u_Receiver_ip_src_Receiver/u_QPSK_Rx/u_Frequency_and_Time_Synchronizer/u_Symbol_Synchronizer/u_Interpolation_Filter/Product1_mul_temp/P[47:0] is not pipelined (MREG=0). Pipelining the multiplier function will improve performance and will save significant power so it is suggested whenever possible to fully pipeline this function.  If this multiplier was inferred, it is suggested to describe an additional register stage after this function.  If there is no registered adder/accumulator following the multiply function, two pipeline stages are suggested to allow both the MREG and PREG registers to be used.  If the DSP48 was instantiated in the design, it is suggested to set both the MREG and PREG attributes to 1 when performing multiply functions.
Related violations: <none>

DPOP-4#46 Warning
MREG Output pipelining  
DSP i_system_wrapper/system_i/Receiver_ip_0/inst/u_Receiver_ip_dut_inst/u_Receiver_ip_src_Receiver/u_QPSK_Rx/u_Frequency_and_Time_Synchronizer/u_Symbol_Synchronizer/u_Interpolation_Filter/Product1_mul_temp_1 multiplier stage i_system_wrapper/system_i/Receiver_ip_0/inst/u_Receiver_ip_dut_inst/u_Receiver_ip_src_Receiver/u_QPSK_Rx/u_Frequency_and_Time_Synchronizer/u_Symbol_Synchronizer/u_Interpolation_Filter/Product1_mul_temp_1/P[47:0] is not pipelined (MREG=0). Pipelining the multiplier function will improve performance and will save significant power so it is suggested whenever possible to fully pipeline this function.  If this multiplier was inferred, it is suggested to describe an additional register stage after this function.  If there is no registered adder/accumulator following the multiply function, two pipeline stages are suggested to allow both the MREG and PREG registers to be used.  If the DSP48 was instantiated in the design, it is suggested to set both the MREG and PREG attributes to 1 when performing multiply functions.
Related violations: <none>

DPOP-4#47 Warning
MREG Output pipelining  
DSP i_system_wrapper/system_i/Receiver_ip_0/inst/u_Receiver_ip_dut_inst/u_Receiver_ip_src_Receiver/u_QPSK_Rx/u_Frequency_and_Time_Synchronizer/u_Symbol_Synchronizer/u_Interpolation_Filter/Product2_mul_temp multiplier stage i_system_wrapper/system_i/Receiver_ip_0/inst/u_Receiver_ip_dut_inst/u_Receiver_ip_src_Receiver/u_QPSK_Rx/u_Frequency_and_Time_Synchronizer/u_Symbol_Synchronizer/u_Interpolation_Filter/Product2_mul_temp/P[47:0] is not pipelined (MREG=0). Pipelining the multiplier function will improve performance and will save significant power so it is suggested whenever possible to fully pipeline this function.  If this multiplier was inferred, it is suggested to describe an additional register stage after this function.  If there is no registered adder/accumulator following the multiply function, two pipeline stages are suggested to allow both the MREG and PREG registers to be used.  If the DSP48 was instantiated in the design, it is suggested to set both the MREG and PREG attributes to 1 when performing multiply functions.
Related violations: <none>

DPOP-4#48 Warning
MREG Output pipelining  
DSP i_system_wrapper/system_i/Receiver_ip_0/inst/u_Receiver_ip_dut_inst/u_Receiver_ip_src_Receiver/u_QPSK_Rx/u_Frequency_and_Time_Synchronizer/u_Symbol_Synchronizer/u_Interpolation_Filter/Product2_mul_temp_1 multiplier stage i_system_wrapper/system_i/Receiver_ip_0/inst/u_Receiver_ip_dut_inst/u_Receiver_ip_src_Receiver/u_QPSK_Rx/u_Frequency_and_Time_Synchronizer/u_Symbol_Synchronizer/u_Interpolation_Filter/Product2_mul_temp_1/P[47:0] is not pipelined (MREG=0). Pipelining the multiplier function will improve performance and will save significant power so it is suggested whenever possible to fully pipeline this function.  If this multiplier was inferred, it is suggested to describe an additional register stage after this function.  If there is no registered adder/accumulator following the multiply function, two pipeline stages are suggested to allow both the MREG and PREG registers to be used.  If the DSP48 was instantiated in the design, it is suggested to set both the MREG and PREG attributes to 1 when performing multiply functions.
Related violations: <none>

DPOP-4#49 Warning
MREG Output pipelining  
DSP i_system_wrapper/system_i/Receiver_ip_0/inst/u_Receiver_ip_dut_inst/u_Receiver_ip_src_Receiver/u_QPSK_Rx/u_Frequency_and_Time_Synchronizer/u_Symbol_Synchronizer/u_Loop_Filter/K1_mul_temp__0 multiplier stage i_system_wrapper/system_i/Receiver_ip_0/inst/u_Receiver_ip_dut_inst/u_Receiver_ip_src_Receiver/u_QPSK_Rx/u_Frequency_and_Time_Synchronizer/u_Symbol_Synchronizer/u_Loop_Filter/K1_mul_temp__0/P[47:0] is not pipelined (MREG=0). Pipelining the multiplier function will improve performance and will save significant power so it is suggested whenever possible to fully pipeline this function.  If this multiplier was inferred, it is suggested to describe an additional register stage after this function.  If there is no registered adder/accumulator following the multiply function, two pipeline stages are suggested to allow both the MREG and PREG registers to be used.  If the DSP48 was instantiated in the design, it is suggested to set both the MREG and PREG attributes to 1 when performing multiply functions.
Related violations: <none>

REQP-1774#1 Warning
RAMB36E2_WRITE_WIDTH_A_18_doesnt_use_WEA32  
The RAMB36E2 cell i_system_wrapper/system_i/Receiver_ip_0/inst/u_Receiver_ip_dut_inst/u_Receiver_ip_src_Receiver/u_QPSK_Rx/u_Frequency_and_Time_Synchronizer/u_Preamble_Detector/u_FIFO/u_Simple_Dual_Port_RAM/ram_reg_bram_0 has WRITE_WIDTH_A set to 18. The WEA[3:2] pins should not be connected to active signal.
Related violations: <none>

REQP-1774#2 Warning
RAMB36E2_WRITE_WIDTH_A_18_doesnt_use_WEA32  
The RAMB36E2 cell i_system_wrapper/system_i/Receiver_ip_0/inst/u_Receiver_ip_dut_inst/u_Receiver_ip_src_Receiver/u_QPSK_Rx/u_Frequency_and_Time_Synchronizer/u_Preamble_Detector/u_FIFO/u_Simple_Dual_Port_RAM/ram_reg_bram_1 has WRITE_WIDTH_A set to 18. The WEA[3:2] pins should not be connected to active signal.
Related violations: <none>

RTSTAT-10#1 Warning
No routable loads  
195 net(s) have no routable loads. The problem bus(es) and/or net(s) are i_system_wrapper/system_i/pl_sysmon/inst/AXI_SYSMON_CORE_I/daddr_C_master_reg2[7:0],
i_system_wrapper/system_i/pl_sysmon/inst/AXI_SYSMON_CORE_I/daddr_C_master_reg[7:0],
i_system_wrapper/system_i/pl_sysmon/inst/AXI_SYSMON_CORE_I/daddr_C_slave0_reg2[7:0],
i_system_wrapper/system_i/pl_sysmon/inst/AXI_SYSMON_CORE_I/daddr_C_slave0_reg[7:0],
i_system_wrapper/system_i/pl_sysmon/inst/AXI_SYSMON_CORE_I/daddr_C_slave1_reg2[7:0],
i_system_wrapper/system_i/pl_sysmon/inst/AXI_SYSMON_CORE_I/daddr_C_slave1_reg[7:0],
i_system_wrapper/system_i/pl_sysmon/inst/AXI_SYSMON_CORE_I/di_C_master_reg2[15:0],
i_system_wrapper/system_i/pl_sysmon/inst/AXI_SYSMON_CORE_I/di_C_master_reg[15:0],
i_system_wrapper/system_i/pl_sysmon/inst/AXI_SYSMON_CORE_I/di_C_slave0_reg2[15:0],
i_system_wrapper/system_i/pl_sysmon/inst/AXI_SYSMON_CORE_I/di_C_slave0_reg[15:0],
i_system_wrapper/system_i/pl_sysmon/inst/AXI_SYSMON_CORE_I/di_C_slave1_reg2[15:0],
i_system_wrapper/system_i/pl_sysmon/inst/AXI_SYSMON_CORE_I/di_C_slave1_reg[15:0],
i_system_wrapper/system_i/pl_sysmon/inst/AXI_SYSMON_CORE_I/dwe_C_master_reg,
i_system_wrapper/system_i/pl_sysmon/inst/AXI_SYSMON_CORE_I/dwe_C_master_reg2,
i_system_wrapper/system_i/pl_sysmon/inst/AXI_SYSMON_CORE_I/dwe_C_slave0_reg
 (the first 15 of 63 listed nets/buses).
Related violations: <none>

AVAL-155#1 Advisory
enum_AMULTSEL_BMULTSEL_enum_DREG_ADREG_0_connects_CED_CEAD_RSTD_GND  
i_system_wrapper/system_i/axi_adrv9001/inst/i_core/i_tx1/core_enabled.i_tx_channel_0/i_dds/dds_phase[1].i_dds_2/i_dds_1_0/i_dds_scale/i_mult_macro/dsp_v5_1.DSP48_V5_1: DSP48E2 is not using the D port (AMULTSEL = A and BMULTSEL = B). For improved power characteristics, set DREG and ADREG to '1', tie CED, CEAD, and RSTD to logic '0'.
Related violations: <none>

AVAL-155#2 Advisory
enum_AMULTSEL_BMULTSEL_enum_DREG_ADREG_0_connects_CED_CEAD_RSTD_GND  
i_system_wrapper/system_i/axi_adrv9001/inst/i_core/i_tx1/core_enabled.i_tx_channel_0/i_dds/dds_phase[1].i_dds_2/i_dds_1_1/i_dds_scale/i_mult_macro/dsp_v5_1.DSP48_V5_1: DSP48E2 is not using the D port (AMULTSEL = A and BMULTSEL = B). For improved power characteristics, set DREG and ADREG to '1', tie CED, CEAD, and RSTD to logic '0'.
Related violations: <none>

AVAL-155#3 Advisory
enum_AMULTSEL_BMULTSEL_enum_DREG_ADREG_0_connects_CED_CEAD_RSTD_GND  
i_system_wrapper/system_i/axi_adrv9001/inst/i_core/i_tx1/core_enabled.i_tx_channel_1/i_dds/dds_phase[1].i_dds_2/i_dds_1_0/i_dds_scale/i_mult_macro/dsp_v5_1.DSP48_V5_1: DSP48E2 is not using the D port (AMULTSEL = A and BMULTSEL = B). For improved power characteristics, set DREG and ADREG to '1', tie CED, CEAD, and RSTD to logic '0'.
Related violations: <none>

AVAL-155#4 Advisory
enum_AMULTSEL_BMULTSEL_enum_DREG_ADREG_0_connects_CED_CEAD_RSTD_GND  
i_system_wrapper/system_i/axi_adrv9001/inst/i_core/i_tx1/core_enabled.i_tx_channel_1/i_dds/dds_phase[1].i_dds_2/i_dds_1_1/i_dds_scale/i_mult_macro/dsp_v5_1.DSP48_V5_1: DSP48E2 is not using the D port (AMULTSEL = A and BMULTSEL = B). For improved power characteristics, set DREG and ADREG to '1', tie CED, CEAD, and RSTD to logic '0'.
Related violations: <none>

AVAL-155#5 Advisory
enum_AMULTSEL_BMULTSEL_enum_DREG_ADREG_0_connects_CED_CEAD_RSTD_GND  
i_system_wrapper/system_i/axi_adrv9001/inst/i_core/i_tx1/core_enabled.i_tx_channel_2/i_dds/dds_phase[1].i_dds_2/i_dds_1_0/i_dds_scale/i_mult_macro/dsp_v5_1.DSP48_V5_1: DSP48E2 is not using the D port (AMULTSEL = A and BMULTSEL = B). For improved power characteristics, set DREG and ADREG to '1', tie CED, CEAD, and RSTD to logic '0'.
Related violations: <none>

AVAL-155#6 Advisory
enum_AMULTSEL_BMULTSEL_enum_DREG_ADREG_0_connects_CED_CEAD_RSTD_GND  
i_system_wrapper/system_i/axi_adrv9001/inst/i_core/i_tx1/core_enabled.i_tx_channel_2/i_dds/dds_phase[1].i_dds_2/i_dds_1_1/i_dds_scale/i_mult_macro/dsp_v5_1.DSP48_V5_1: DSP48E2 is not using the D port (AMULTSEL = A and BMULTSEL = B). For improved power characteristics, set DREG and ADREG to '1', tie CED, CEAD, and RSTD to logic '0'.
Related violations: <none>

AVAL-155#7 Advisory
enum_AMULTSEL_BMULTSEL_enum_DREG_ADREG_0_connects_CED_CEAD_RSTD_GND  
i_system_wrapper/system_i/axi_adrv9001/inst/i_core/i_tx1/core_enabled.i_tx_channel_3/i_dds/dds_phase[1].i_dds_2/i_dds_1_0/i_dds_scale/i_mult_macro/dsp_v5_1.DSP48_V5_1: DSP48E2 is not using the D port (AMULTSEL = A and BMULTSEL = B). For improved power characteristics, set DREG and ADREG to '1', tie CED, CEAD, and RSTD to logic '0'.
Related violations: <none>

AVAL-155#8 Advisory
enum_AMULTSEL_BMULTSEL_enum_DREG_ADREG_0_connects_CED_CEAD_RSTD_GND  
i_system_wrapper/system_i/axi_adrv9001/inst/i_core/i_tx1/core_enabled.i_tx_channel_3/i_dds/dds_phase[1].i_dds_2/i_dds_1_1/i_dds_scale/i_mult_macro/dsp_v5_1.DSP48_V5_1: DSP48E2 is not using the D port (AMULTSEL = A and BMULTSEL = B). For improved power characteristics, set DREG and ADREG to '1', tie CED, CEAD, and RSTD to logic '0'.
Related violations: <none>

AVAL-155#9 Advisory
enum_AMULTSEL_BMULTSEL_enum_DREG_ADREG_0_connects_CED_CEAD_RSTD_GND  
i_system_wrapper/system_i/axi_adrv9001/inst/i_core/i_tx2/core_enabled.i_tx_channel_0/i_dds/dds_phase[1].i_dds_2/i_dds_1_0/i_dds_scale/i_mult_macro/dsp_v5_1.DSP48_V5_1: DSP48E2 is not using the D port (AMULTSEL = A and BMULTSEL = B). For improved power characteristics, set DREG and ADREG to '1', tie CED, CEAD, and RSTD to logic '0'.
Related violations: <none>

AVAL-155#10 Advisory
enum_AMULTSEL_BMULTSEL_enum_DREG_ADREG_0_connects_CED_CEAD_RSTD_GND  
i_system_wrapper/system_i/axi_adrv9001/inst/i_core/i_tx2/core_enabled.i_tx_channel_0/i_dds/dds_phase[1].i_dds_2/i_dds_1_1/i_dds_scale/i_mult_macro/dsp_v5_1.DSP48_V5_1: DSP48E2 is not using the D port (AMULTSEL = A and BMULTSEL = B). For improved power characteristics, set DREG and ADREG to '1', tie CED, CEAD, and RSTD to logic '0'.
Related violations: <none>

AVAL-155#11 Advisory
enum_AMULTSEL_BMULTSEL_enum_DREG_ADREG_0_connects_CED_CEAD_RSTD_GND  
i_system_wrapper/system_i/axi_adrv9001/inst/i_core/i_tx2/core_enabled.i_tx_channel_1/i_dds/dds_phase[1].i_dds_2/i_dds_1_0/i_dds_scale/i_mult_macro/dsp_v5_1.DSP48_V5_1: DSP48E2 is not using the D port (AMULTSEL = A and BMULTSEL = B). For improved power characteristics, set DREG and ADREG to '1', tie CED, CEAD, and RSTD to logic '0'.
Related violations: <none>

AVAL-155#12 Advisory
enum_AMULTSEL_BMULTSEL_enum_DREG_ADREG_0_connects_CED_CEAD_RSTD_GND  
i_system_wrapper/system_i/axi_adrv9001/inst/i_core/i_tx2/core_enabled.i_tx_channel_1/i_dds/dds_phase[1].i_dds_2/i_dds_1_1/i_dds_scale/i_mult_macro/dsp_v5_1.DSP48_V5_1: DSP48E2 is not using the D port (AMULTSEL = A and BMULTSEL = B). For improved power characteristics, set DREG and ADREG to '1', tie CED, CEAD, and RSTD to logic '0'.
Related violations: <none>

REQP-1701#1 Advisory
enum_DREG_0_connects_CED_GND  
i_system_wrapper/system_i/axi_adrv9001/inst/i_core/i_tx1/core_enabled.i_tx_channel_0/i_dds/dds_phase[1].i_dds_2/i_dds_1_0/i_dds_scale/i_mult_macro/dsp_v5_1.DSP48_V5_1: When the DSP48E2 DREG attribute is set to 0, the CED input pin should be tied to GND to save power.
Related violations: <none>

REQP-1701#2 Advisory
enum_DREG_0_connects_CED_GND  
i_system_wrapper/system_i/axi_adrv9001/inst/i_core/i_tx1/core_enabled.i_tx_channel_0/i_dds/dds_phase[1].i_dds_2/i_dds_1_1/i_dds_scale/i_mult_macro/dsp_v5_1.DSP48_V5_1: When the DSP48E2 DREG attribute is set to 0, the CED input pin should be tied to GND to save power.
Related violations: <none>

REQP-1701#3 Advisory
enum_DREG_0_connects_CED_GND  
i_system_wrapper/system_i/axi_adrv9001/inst/i_core/i_tx1/core_enabled.i_tx_channel_1/i_dds/dds_phase[1].i_dds_2/i_dds_1_0/i_dds_scale/i_mult_macro/dsp_v5_1.DSP48_V5_1: When the DSP48E2 DREG attribute is set to 0, the CED input pin should be tied to GND to save power.
Related violations: <none>

REQP-1701#4 Advisory
enum_DREG_0_connects_CED_GND  
i_system_wrapper/system_i/axi_adrv9001/inst/i_core/i_tx1/core_enabled.i_tx_channel_1/i_dds/dds_phase[1].i_dds_2/i_dds_1_1/i_dds_scale/i_mult_macro/dsp_v5_1.DSP48_V5_1: When the DSP48E2 DREG attribute is set to 0, the CED input pin should be tied to GND to save power.
Related violations: <none>

REQP-1701#5 Advisory
enum_DREG_0_connects_CED_GND  
i_system_wrapper/system_i/axi_adrv9001/inst/i_core/i_tx1/core_enabled.i_tx_channel_2/i_dds/dds_phase[1].i_dds_2/i_dds_1_0/i_dds_scale/i_mult_macro/dsp_v5_1.DSP48_V5_1: When the DSP48E2 DREG attribute is set to 0, the CED input pin should be tied to GND to save power.
Related violations: <none>

REQP-1701#6 Advisory
enum_DREG_0_connects_CED_GND  
i_system_wrapper/system_i/axi_adrv9001/inst/i_core/i_tx1/core_enabled.i_tx_channel_2/i_dds/dds_phase[1].i_dds_2/i_dds_1_1/i_dds_scale/i_mult_macro/dsp_v5_1.DSP48_V5_1: When the DSP48E2 DREG attribute is set to 0, the CED input pin should be tied to GND to save power.
Related violations: <none>

REQP-1701#7 Advisory
enum_DREG_0_connects_CED_GND  
i_system_wrapper/system_i/axi_adrv9001/inst/i_core/i_tx1/core_enabled.i_tx_channel_3/i_dds/dds_phase[1].i_dds_2/i_dds_1_0/i_dds_scale/i_mult_macro/dsp_v5_1.DSP48_V5_1: When the DSP48E2 DREG attribute is set to 0, the CED input pin should be tied to GND to save power.
Related violations: <none>

REQP-1701#8 Advisory
enum_DREG_0_connects_CED_GND  
i_system_wrapper/system_i/axi_adrv9001/inst/i_core/i_tx1/core_enabled.i_tx_channel_3/i_dds/dds_phase[1].i_dds_2/i_dds_1_1/i_dds_scale/i_mult_macro/dsp_v5_1.DSP48_V5_1: When the DSP48E2 DREG attribute is set to 0, the CED input pin should be tied to GND to save power.
Related violations: <none>

REQP-1701#9 Advisory
enum_DREG_0_connects_CED_GND  
i_system_wrapper/system_i/axi_adrv9001/inst/i_core/i_tx2/core_enabled.i_tx_channel_0/i_dds/dds_phase[1].i_dds_2/i_dds_1_0/i_dds_scale/i_mult_macro/dsp_v5_1.DSP48_V5_1: When the DSP48E2 DREG attribute is set to 0, the CED input pin should be tied to GND to save power.
Related violations: <none>

REQP-1701#10 Advisory
enum_DREG_0_connects_CED_GND  
i_system_wrapper/system_i/axi_adrv9001/inst/i_core/i_tx2/core_enabled.i_tx_channel_0/i_dds/dds_phase[1].i_dds_2/i_dds_1_1/i_dds_scale/i_mult_macro/dsp_v5_1.DSP48_V5_1: When the DSP48E2 DREG attribute is set to 0, the CED input pin should be tied to GND to save power.
Related violations: <none>

REQP-1701#11 Advisory
enum_DREG_0_connects_CED_GND  
i_system_wrapper/system_i/axi_adrv9001/inst/i_core/i_tx2/core_enabled.i_tx_channel_1/i_dds/dds_phase[1].i_dds_2/i_dds_1_0/i_dds_scale/i_mult_macro/dsp_v5_1.DSP48_V5_1: When the DSP48E2 DREG attribute is set to 0, the CED input pin should be tied to GND to save power.
Related violations: <none>

REQP-1701#12 Advisory
enum_DREG_0_connects_CED_GND  
i_system_wrapper/system_i/axi_adrv9001/inst/i_core/i_tx2/core_enabled.i_tx_channel_1/i_dds/dds_phase[1].i_dds_2/i_dds_1_1/i_dds_scale/i_mult_macro/dsp_v5_1.DSP48_V5_1: When the DSP48E2 DREG attribute is set to 0, the CED input pin should be tied to GND to save power.
Related violations: <none>


