Copyright 1986-2022 Xilinx, Inc. All Rights Reserved. Copyright 2022-2025 Advanced Micro Devices, Inc. All Rights Reserved.
--------------------------------------------------------------------------------------------------------------------------------------------------------------------
| Tool Version      : Vivado v.2025.1 (lin64) Build 6140274 Wed May 21 22:58:25 MDT 2025
| Date              : Tue May 26 20:02:39 2026
| Host              : nemo running 64-bit Ubuntu 24.04.4 LTS
| Command           : report_bus_skew -warn_on_violation -file system_top_bus_skew_routed.rpt -pb system_top_bus_skew_routed.pb -rpx system_top_bus_skew_routed.rpx
| Design            : system_top
| Device            : xczu3eg-sfva625
| Speed File        : -2  PRODUCTION 1.30 05-15-2022
| Design State      : Routed
| Temperature Grade : E
--------------------------------------------------------------------------------------------------------------------------------------------------------------------

Bus Skew Report

Table of Contents
-----------------
1. Bus Skew Report Summary
2. Bus Skew Report Per Constraint

1. Bus Skew Report Summary
--------------------------

Id  Position  From                            To                              Corner  Requirement(ns)  Actual(ns)  Slack(ns)
--  --------  ------------------------------  ------------------------------  ------  ---------------  ----------  ---------
1   324       [get_cells [list {i_system_wrapper/system_i/axi_hpm0_lpd_interconnect/inst/m07_nodes/m07_b_node/inst/inst_mi_handler/gen_normal_area.inst_fifo_node_payld/gen_reg_fifo_async.inst_reg_fifo_async/gen_xpm_cdc_handshake_array[0].inst_cdc_handshake/src_hsdata_ff_reg[6]} {i_system_wrapper/system_i/axi_hpm0_lpd_interconnect/inst/m07_nodes/m07_b_node/inst/inst_mi_handler/gen_normal_area.inst_fifo_node_payld/gen_reg_fifo_async.inst_reg_fifo_async/gen_xpm_cdc_handshake_array[0].inst_cdc_handshake/src_hsdata_ff_reg[5]}]]
                                              [get_cells [list {i_system_wrapper/system_i/axi_hpm0_lpd_interconnect/inst/m07_nodes/m07_b_node/inst/inst_mi_handler/gen_normal_area.inst_fifo_node_payld/gen_reg_fifo_async.inst_reg_fifo_async/gen_xpm_cdc_handshake_array[0].inst_cdc_handshake/dest_hsdata_ff_reg[6]} {i_system_wrapper/system_i/axi_hpm0_lpd_interconnect/inst/m07_nodes/m07_b_node/inst/inst_mi_handler/gen_normal_area.inst_fifo_node_payld/gen_reg_fifo_async.inst_reg_fifo_async/gen_xpm_cdc_handshake_array[0].inst_cdc_handshake/dest_hsdata_ff_reg[5]}]]
                                                                              Slow             30.000       0.254     29.746
2   326       [get_cells [list {i_system_wrapper/system_i/axi_hpm0_lpd_interconnect/inst/m07_nodes/m07_r_node/inst/inst_mi_handler/gen_normal_area.inst_fifo_node_payld/gen_reg_fifo_async.inst_reg_fifo_async/gen_xpm_cdc_handshake_array[0].inst_cdc_handshake/src_hsdata_ff_reg[43]} \
          {i_system_wrapper/system_i/axi_hpm0_lpd_interconnect/inst/m07_nodes/m07_r_node/inst/inst_mi_handler/gen_normal_area.inst_fifo_node_payld/gen_reg_fifo_async.inst_reg_fifo_async/gen_xpm_cdc_handshake_array[0].inst_cdc_handshake/src_hsdata_ff_reg[44]} \
          {i_system_wrapper/system_i/axi_hpm0_lpd_interconnect/inst/m07_nodes/m07_r_node/inst/inst_mi_handler/gen_normal_area.inst_fifo_node_payld/gen_reg_fifo_async.inst_reg_fifo_async/gen_xpm_cdc_handshake_array[0].inst_cdc_handshake/src_hsdata_ff_reg[45]} \
          {i_system_wrapper/system_i/axi_hpm0_lpd_interconnect/inst/m07_nodes/m07_r_node/inst/inst_mi_handler/gen_normal_area.inst_fifo_node_payld/gen_reg_fifo_async.inst_reg_fifo_async/gen_xpm_cdc_handshake_array[0].inst_cdc_handshake/src_hsdata_ff_reg[46]} \
          {i_system_wrapper/system_i/axi_hpm0_lpd_interconnect/inst/m07_nodes/m07_r_node/inst/inst_mi_handler/gen_normal_area.inst_fifo_node_payld/gen_reg_fifo_async.inst_reg_fifo_async/gen_xpm_cdc_handshake_array[0].inst_cdc_handshake/src_hsdata_ff_reg[47]} \
          {i_system_wrapper/system_i/axi_hpm0_lpd_interconnect/inst/m07_nodes/m07_r_node/inst/inst_mi_handler/gen_normal_area.inst_fifo_node_payld/gen_reg_fifo_async.inst_reg_fifo_async/gen_xpm_cdc_handshake_array[0].inst_cdc_handshake/src_hsdata_ff_reg[52]} \
          {i_system_wrapper/system_i/axi_hpm0_lpd_interconnect/inst/m07_nodes/m07_r_node/inst/inst_mi_handler/gen_normal_area.inst_fifo_node_payld/gen_reg_fifo_async.inst_reg_fifo_async/gen_xpm_cdc_handshake_array[0].inst_cdc_handshake/src_hsdata_ff_reg[51]} \
          {i_system_wrapper/system_i/axi_hpm0_lpd_interconnect/inst/m07_nodes/m07_r_node/inst/inst_mi_handler/gen_normal_area.inst_fifo_node_payld/gen_reg_fifo_async.inst_reg_fifo_async/gen_xpm_cdc_handshake_array[0].inst_cdc_handshake/src_hsdata_ff_reg[50]} \
          {i_system_wrapper/system_i/axi_hpm0_lpd_interconnect/inst/m07_nodes/m07_r_node/inst/inst_mi_handler/gen_normal_area.inst_fifo_node_payld/gen_reg_fifo_async.inst_reg_fifo_async/gen_xpm_cdc_handshake_array[0].inst_cdc_handshake/src_hsdata_ff_reg[48]} \
          {i_system_wrapper/system_i/axi_hpm0_lpd_interconnect/inst/m07_nodes/m07_r_node/inst/inst_mi_handler/gen_normal_area.inst_fifo_node_payld/gen_reg_fifo_async.inst_reg_fifo_async/gen_xpm_cdc_handshake_array[0].inst_cdc_handshake/src_hsdata_ff_reg[18]} \
          {i_system_wrapper/system_i/axi_hpm0_lpd_interconnect/inst/m07_nodes/m07_r_node/inst/inst_mi_handler/gen_normal_area.inst_fifo_node_payld/gen_reg_fifo_async.inst_reg_fifo_async/gen_xpm_cdc_handshake_array[0].inst_cdc_handshake/src_hsdata_ff_reg[19]} \
          {i_system_wrapper/system_i/axi_hpm0_lpd_interconnect/inst/m07_nodes/m07_r_node/inst/inst_mi_handler/gen_normal_area.inst_fifo_node_payld/gen_reg_fifo_async.inst_reg_fifo_async/gen_xpm_cdc_handshake_array[0].inst_cdc_handshake/src_hsdata_ff_reg[21]} \
          {i_system_wrapper/system_i/axi_hpm0_lpd_interconnect/inst/m07_nodes/m07_r_node/inst/inst_mi_handler/gen_normal_area.inst_fifo_node_payld/gen_reg_fifo_async.inst_reg_fifo_async/gen_xpm_cdc_handshake_array[0].inst_cdc_handshake/src_hsdata_ff_reg[22]} \
          {i_system_wrapper/system_i/axi_hpm0_lpd_interconnect/inst/m07_nodes/m07_r_node/inst/inst_mi_handler/gen_normal_area.inst_fifo_node_payld/gen_reg_fifo_async.inst_reg_fifo_async/gen_xpm_cdc_handshake_array[0].inst_cdc_handshake/src_hsdata_ff_reg[23]} \
          {i_system_wrapper/system_i/axi_hpm0_lpd_interconnect/inst/m07_nodes/m07_r_node/inst/inst_mi_handler/gen_normal_area.inst_fifo_node_payld/gen_reg_fifo_async.inst_reg_fifo_async/gen_xpm_cdc_handshake_array[0].inst_cdc_handshake/src_hsdata_ff_reg[24]} \
          {i_system_wrapper/system_i/axi_hpm0_lpd_interconnect/inst/m07_nodes/m07_r_node/inst/inst_mi_handler/gen_normal_area.inst_fifo_node_payld/gen_reg_fifo_async.inst_reg_fifo_async/gen_xpm_cdc_handshake_array[0].inst_cdc_handshake/src_hsdata_ff_reg[25]} \
          {i_system_wrapper/system_i/axi_hpm0_lpd_interconnect/inst/m07_nodes/m07_r_node/inst/inst_mi_handler/gen_normal_area.inst_fifo_node_payld/gen_reg_fifo_async.inst_reg_fifo_async/gen_xpm_cdc_handshake_array[0].inst_cdc_handshake/src_hsdata_ff_reg[26]} \
          {i_system_wrapper/system_i/axi_hpm0_lpd_interconnect/inst/m07_nodes/m07_r_node/inst/inst_mi_handler/gen_normal_area.inst_fifo_node_payld/gen_reg_fifo_async.inst_reg_fifo_async/gen_xpm_cdc_handshake_array[0].inst_cdc_handshake/src_hsdata_ff_reg[27]} \
          {i_system_wrapper/system_i/axi_hpm0_lpd_interconnect/inst/m07_nodes/m07_r_node/inst/inst_mi_handler/gen_normal_area.inst_fifo_node_payld/gen_reg_fifo_async.inst_reg_fifo_async/gen_xpm_cdc_handshake_array[0].inst_cdc_handshake/src_hsdata_ff_reg[28]} \
          {i_system_wrapper/system_i/axi_hpm0_lpd_interconnect/inst/m07_nodes/m07_r_node/inst/inst_mi_handler/gen_normal_area.inst_fifo_node_payld/gen_reg_fifo_async.inst_reg_fifo_async/gen_xpm_cdc_handshake_array[0].inst_cdc_handshake/src_hsdata_ff_reg[29]} \
          {i_system_wrapper/system_i/axi_hpm0_lpd_interconnect/inst/m07_nodes/m07_r_node/inst/inst_mi_handler/gen_normal_area.inst_fifo_node_payld/gen_reg_fifo_async.inst_reg_fifo_async/gen_xpm_cdc_handshake_array[0].inst_cdc_handshake/src_hsdata_ff_reg[30]} \
          {i_system_wrapper/system_i/axi_hpm0_lpd_interconnect/inst/m07_nodes/m07_r_node/inst/inst_mi_handler/gen_normal_area.inst_fifo_node_payld/gen_reg_fifo_async.inst_reg_fifo_async/gen_xpm_cdc_handshake_array[0].inst_cdc_handshake/src_hsdata_ff_reg[31]} \
          {i_system_wrapper/system_i/axi_hpm0_lpd_interconnect/inst/m07_nodes/m07_r_node/inst/inst_mi_handler/gen_normal_area.inst_fifo_node_payld/gen_reg_fifo_async.inst_reg_fifo_async/gen_xpm_cdc_handshake_array[0].inst_cdc_handshake/src_hsdata_ff_reg[32]} \
          {i_system_wrapper/system_i/axi_hpm0_lpd_interconnect/inst/m07_nodes/m07_r_node/inst/inst_mi_handler/gen_normal_area.inst_fifo_node_payld/gen_reg_fifo_async.inst_reg_fifo_async/gen_xpm_cdc_handshake_array[0].inst_cdc_handshake/src_hsdata_ff_reg[33]} \
          {i_system_wrapper/system_i/axi_hpm0_lpd_interconnect/inst/m07_nodes/m07_r_node/inst/inst_mi_handler/gen_normal_area.inst_fifo_node_payld/gen_reg_fifo_async.inst_reg_fifo_async/gen_xpm_cdc_handshake_array[0].inst_cdc_handshake/src_hsdata_ff_reg[34]} \
          {i_system_wrapper/system_i/axi_hpm0_lpd_interconnect/inst/m07_nodes/m07_r_node/inst/inst_mi_handler/gen_normal_area.inst_fifo_node_payld/gen_reg_fifo_async.inst_reg_fifo_async/gen_xpm_cdc_handshake_array[0].inst_cdc_handshake/src_hsdata_ff_reg[35]} \
          {i_system_wrapper/system_i/axi_hpm0_lpd_interconnect/inst/m07_nodes/m07_r_node/inst/inst_mi_handler/gen_normal_area.inst_fifo_node_payld/gen_reg_fifo_async.inst_reg_fifo_async/gen_xpm_cdc_handshake_array[0].inst_cdc_handshake/src_hsdata_ff_reg[36]} \
          {i_system_wrapper/system_i/axi_hpm0_lpd_interconnect/inst/m07_nodes/m07_r_node/inst/inst_mi_handler/gen_normal_area.inst_fifo_node_payld/gen_reg_fifo_async.inst_reg_fifo_async/gen_xpm_cdc_handshake_array[0].inst_cdc_handshake/src_hsdata_ff_reg[37]} \
          {i_system_wrapper/system_i/axi_hpm0_lpd_interconnect/inst/m07_nodes/m07_r_node/inst/inst_mi_handler/gen_normal_area.inst_fifo_node_payld/gen_reg_fifo_async.inst_reg_fifo_async/gen_xpm_cdc_handshake_array[0].inst_cdc_handshake/src_hsdata_ff_reg[38]} \
          {i_system_wrapper/system_i/axi_hpm0_lpd_interconnect/inst/m07_nodes/m07_r_node/inst/inst_mi_handler/gen_normal_area.inst_fifo_node_payld/gen_reg_fifo_async.inst_reg_fifo_async/gen_xpm_cdc_handshake_array[0].inst_cdc_handshake/src_hsdata_ff_reg[39]} \
          {i_system_wrapper/system_i/axi_hpm0_lpd_interconnect/inst/m07_nodes/m07_r_node/inst/inst_mi_handler/gen_normal_area.inst_fifo_node_payld/gen_reg_fifo_async.inst_reg_fifo_async/gen_xpm_cdc_handshake_array[0].inst_cdc_handshake/src_hsdata_ff_reg[49]} \
          {i_system_wrapper/system_i/axi_hpm0_lpd_interconnect/inst/m07_nodes/m07_r_node/inst/inst_mi_handler/gen_normal_area.inst_fifo_node_payld/gen_reg_fifo_async.inst_reg_fifo_async/gen_xpm_cdc_handshake_array[0].inst_cdc_handshake/src_hsdata_ff_reg[40]} \
          {i_system_wrapper/system_i/axi_hpm0_lpd_interconnect/inst/m07_nodes/m07_r_node/inst/inst_mi_handler/gen_normal_area.inst_fifo_node_payld/gen_reg_fifo_async.inst_reg_fifo_async/gen_xpm_cdc_handshake_array[0].inst_cdc_handshake/src_hsdata_ff_reg[41]} \
          {i_system_wrapper/system_i/axi_hpm0_lpd_interconnect/inst/m07_nodes/m07_r_node/inst/inst_mi_handler/gen_normal_area.inst_fifo_node_payld/gen_reg_fifo_async.inst_reg_fifo_async/gen_xpm_cdc_handshake_array[0].inst_cdc_handshake/src_hsdata_ff_reg[42]}]]
                                              [get_cells [list {i_system_wrapper/system_i/axi_hpm0_lpd_interconnect/inst/m07_nodes/m07_r_node/inst/inst_mi_handler/gen_normal_area.inst_fifo_node_payld/gen_reg_fifo_async.inst_reg_fifo_async/gen_xpm_cdc_handshake_array[0].inst_cdc_handshake/dest_hsdata_ff_reg[40]} \
          {i_system_wrapper/system_i/axi_hpm0_lpd_interconnect/inst/m07_nodes/m07_r_node/inst/inst_mi_handler/gen_normal_area.inst_fifo_node_payld/gen_reg_fifo_async.inst_reg_fifo_async/gen_xpm_cdc_handshake_array[0].inst_cdc_handshake/dest_hsdata_ff_reg[41]} \
          {i_system_wrapper/system_i/axi_hpm0_lpd_interconnect/inst/m07_nodes/m07_r_node/inst/inst_mi_handler/gen_normal_area.inst_fifo_node_payld/gen_reg_fifo_async.inst_reg_fifo_async/gen_xpm_cdc_handshake_array[0].inst_cdc_handshake/dest_hsdata_ff_reg[42]} \
          {i_system_wrapper/system_i/axi_hpm0_lpd_interconnect/inst/m07_nodes/m07_r_node/inst/inst_mi_handler/gen_normal_area.inst_fifo_node_payld/gen_reg_fifo_async.inst_reg_fifo_async/gen_xpm_cdc_handshake_array[0].inst_cdc_handshake/dest_hsdata_ff_reg[43]} \
          {i_system_wrapper/system_i/axi_hpm0_lpd_interconnect/inst/m07_nodes/m07_r_node/inst/inst_mi_handler/gen_normal_area.inst_fifo_node_payld/gen_reg_fifo_async.inst_reg_fifo_async/gen_xpm_cdc_handshake_array[0].inst_cdc_handshake/dest_hsdata_ff_reg[44]} \
          {i_system_wrapper/system_i/axi_hpm0_lpd_interconnect/inst/m07_nodes/m07_r_node/inst/inst_mi_handler/gen_normal_area.inst_fifo_node_payld/gen_reg_fifo_async.inst_reg_fifo_async/gen_xpm_cdc_handshake_array[0].inst_cdc_handshake/dest_hsdata_ff_reg[52]} \
          {i_system_wrapper/system_i/axi_hpm0_lpd_interconnect/inst/m07_nodes/m07_r_node/inst/inst_mi_handler/gen_normal_area.inst_fifo_node_payld/gen_reg_fifo_async.inst_reg_fifo_async/gen_xpm_cdc_handshake_array[0].inst_cdc_handshake/dest_hsdata_ff_reg[51]} \
          {i_system_wrapper/system_i/axi_hpm0_lpd_interconnect/inst/m07_nodes/m07_r_node/inst/inst_mi_handler/gen_normal_area.inst_fifo_node_payld/gen_reg_fifo_async.inst_reg_fifo_async/gen_xpm_cdc_handshake_array[0].inst_cdc_handshake/dest_hsdata_ff_reg[50]} \
          {i_system_wrapper/system_i/axi_hpm0_lpd_interconnect/inst/m07_nodes/m07_r_node/inst/inst_mi_handler/gen_normal_area.inst_fifo_node_payld/gen_reg_fifo_async.inst_reg_fifo_async/gen_xpm_cdc_handshake_array[0].inst_cdc_handshake/dest_hsdata_ff_reg[45]} \
          {i_system_wrapper/system_i/axi_hpm0_lpd_interconnect/inst/m07_nodes/m07_r_node/inst/inst_mi_handler/gen_normal_area.inst_fifo_node_payld/gen_reg_fifo_async.inst_reg_fifo_async/gen_xpm_cdc_handshake_array[0].inst_cdc_handshake/dest_hsdata_ff_reg[18]} \
          {i_system_wrapper/system_i/axi_hpm0_lpd_interconnect/inst/m07_nodes/m07_r_node/inst/inst_mi_handler/gen_normal_area.inst_fifo_node_payld/gen_reg_fifo_async.inst_reg_fifo_async/gen_xpm_cdc_handshake_array[0].inst_cdc_handshake/dest_hsdata_ff_reg[19]} \
          {i_system_wrapper/system_i/axi_hpm0_lpd_interconnect/inst/m07_nodes/m07_r_node/inst/inst_mi_handler/gen_normal_area.inst_fifo_node_payld/gen_reg_fifo_async.inst_reg_fifo_async/gen_xpm_cdc_handshake_array[0].inst_cdc_handshake/dest_hsdata_ff_reg[49]} \
          {i_system_wrapper/system_i/axi_hpm0_lpd_interconnect/inst/m07_nodes/m07_r_node/inst/inst_mi_handler/gen_normal_area.inst_fifo_node_payld/gen_reg_fifo_async.inst_reg_fifo_async/gen_xpm_cdc_handshake_array[0].inst_cdc_handshake/dest_hsdata_ff_reg[48]} \
          {i_system_wrapper/system_i/axi_hpm0_lpd_interconnect/inst/m07_nodes/m07_r_node/inst/inst_mi_handler/gen_normal_area.inst_fifo_node_payld/gen_reg_fifo_async.inst_reg_fifo_async/gen_xpm_cdc_handshake_array[0].inst_cdc_handshake/dest_hsdata_ff_reg[21]} \
          {i_system_wrapper/system_i/axi_hpm0_lpd_interconnect/inst/m07_nodes/m07_r_node/inst/inst_mi_handler/gen_normal_area.inst_fifo_node_payld/gen_reg_fifo_async.inst_reg_fifo_async/gen_xpm_cdc_handshake_array[0].inst_cdc_handshake/dest_hsdata_ff_reg[22]} \
          {i_system_wrapper/system_i/axi_hpm0_lpd_interconnect/inst/m07_nodes/m07_r_node/inst/inst_mi_handler/gen_normal_area.inst_fifo_node_payld/gen_reg_fifo_async.inst_reg_fifo_async/gen_xpm_cdc_handshake_array[0].inst_cdc_handshake/dest_hsdata_ff_reg[23]} \
          {i_system_wrapper/system_i/axi_hpm0_lpd_interconnect/inst/m07_nodes/m07_r_node/inst/inst_mi_handler/gen_normal_area.inst_fifo_node_payld/gen_reg_fifo_async.inst_reg_fifo_async/gen_xpm_cdc_handshake_array[0].inst_cdc_handshake/dest_hsdata_ff_reg[24]} \
          {i_system_wrapper/system_i/axi_hpm0_lpd_interconnect/inst/m07_nodes/m07_r_node/inst/inst_mi_handler/gen_normal_area.inst_fifo_node_payld/gen_reg_fifo_async.inst_reg_fifo_async/gen_xpm_cdc_handshake_array[0].inst_cdc_handshake/dest_hsdata_ff_reg[25]} \
          {i_system_wrapper/system_i/axi_hpm0_lpd_interconnect/inst/m07_nodes/m07_r_node/inst/inst_mi_handler/gen_normal_area.inst_fifo_node_payld/gen_reg_fifo_async.inst_reg_fifo_async/gen_xpm_cdc_handshake_array[0].inst_cdc_handshake/dest_hsdata_ff_reg[26]} \
          {i_system_wrapper/system_i/axi_hpm0_lpd_interconnect/inst/m07_nodes/m07_r_node/inst/inst_mi_handler/gen_normal_area.inst_fifo_node_payld/gen_reg_fifo_async.inst_reg_fifo_async/gen_xpm_cdc_handshake_array[0].inst_cdc_handshake/dest_hsdata_ff_reg[27]} \
          {i_system_wrapper/system_i/axi_hpm0_lpd_interconnect/inst/m07_nodes/m07_r_node/inst/inst_mi_handler/gen_normal_area.inst_fifo_node_payld/gen_reg_fifo_async.inst_reg_fifo_async/gen_xpm_cdc_handshake_array[0].inst_cdc_handshake/dest_hsdata_ff_reg[28]} \
          {i_system_wrapper/system_i/axi_hpm0_lpd_interconnect/inst/m07_nodes/m07_r_node/inst/inst_mi_handler/gen_normal_area.inst_fifo_node_payld/gen_reg_fifo_async.inst_reg_fifo_async/gen_xpm_cdc_handshake_array[0].inst_cdc_handshake/dest_hsdata_ff_reg[29]} \
          {i_system_wrapper/system_i/axi_hpm0_lpd_interconnect/inst/m07_nodes/m07_r_node/inst/inst_mi_handler/gen_normal_area.inst_fifo_node_payld/gen_reg_fifo_async.inst_reg_fifo_async/gen_xpm_cdc_handshake_array[0].inst_cdc_handshake/dest_hsdata_ff_reg[47]} \
          {i_system_wrapper/system_i/axi_hpm0_lpd_interconnect/inst/m07_nodes/m07_r_node/inst/inst_mi_handler/gen_normal_area.inst_fifo_node_payld/gen_reg_fifo_async.inst_reg_fifo_async/gen_xpm_cdc_handshake_array[0].inst_cdc_handshake/dest_hsdata_ff_reg[30]} \
          {i_system_wrapper/system_i/axi_hpm0_lpd_interconnect/inst/m07_nodes/m07_r_node/inst/inst_mi_handler/gen_normal_area.inst_fifo_node_payld/gen_reg_fifo_async.inst_reg_fifo_async/gen_xpm_cdc_handshake_array[0].inst_cdc_handshake/dest_hsdata_ff_reg[31]} \
          {i_system_wrapper/system_i/axi_hpm0_lpd_interconnect/inst/m07_nodes/m07_r_node/inst/inst_mi_handler/gen_normal_area.inst_fifo_node_payld/gen_reg_fifo_async.inst_reg_fifo_async/gen_xpm_cdc_handshake_array[0].inst_cdc_handshake/dest_hsdata_ff_reg[32]} \
          {i_system_wrapper/system_i/axi_hpm0_lpd_interconnect/inst/m07_nodes/m07_r_node/inst/inst_mi_handler/gen_normal_area.inst_fifo_node_payld/gen_reg_fifo_async.inst_reg_fifo_async/gen_xpm_cdc_handshake_array[0].inst_cdc_handshake/dest_hsdata_ff_reg[33]} \
          {i_system_wrapper/system_i/axi_hpm0_lpd_interconnect/inst/m07_nodes/m07_r_node/inst/inst_mi_handler/gen_normal_area.inst_fifo_node_payld/gen_reg_fifo_async.inst_reg_fifo_async/gen_xpm_cdc_handshake_array[0].inst_cdc_handshake/dest_hsdata_ff_reg[34]} \
          {i_system_wrapper/system_i/axi_hpm0_lpd_interconnect/inst/m07_nodes/m07_r_node/inst/inst_mi_handler/gen_normal_area.inst_fifo_node_payld/gen_reg_fifo_async.inst_reg_fifo_async/gen_xpm_cdc_handshake_array[0].inst_cdc_handshake/dest_hsdata_ff_reg[35]} \
          {i_system_wrapper/system_i/axi_hpm0_lpd_interconnect/inst/m07_nodes/m07_r_node/inst/inst_mi_handler/gen_normal_area.inst_fifo_node_payld/gen_reg_fifo_async.inst_reg_fifo_async/gen_xpm_cdc_handshake_array[0].inst_cdc_handshake/dest_hsdata_ff_reg[36]} \
          {i_system_wrapper/system_i/axi_hpm0_lpd_interconnect/inst/m07_nodes/m07_r_node/inst/inst_mi_handler/gen_normal_area.inst_fifo_node_payld/gen_reg_fifo_async.inst_reg_fifo_async/gen_xpm_cdc_handshake_array[0].inst_cdc_handshake/dest_hsdata_ff_reg[37]} \
          {i_system_wrapper/system_i/axi_hpm0_lpd_interconnect/inst/m07_nodes/m07_r_node/inst/inst_mi_handler/gen_normal_area.inst_fifo_node_payld/gen_reg_fifo_async.inst_reg_fifo_async/gen_xpm_cdc_handshake_array[0].inst_cdc_handshake/dest_hsdata_ff_reg[38]} \
          {i_system_wrapper/system_i/axi_hpm0_lpd_interconnect/inst/m07_nodes/m07_r_node/inst/inst_mi_handler/gen_normal_area.inst_fifo_node_payld/gen_reg_fifo_async.inst_reg_fifo_async/gen_xpm_cdc_handshake_array[0].inst_cdc_handshake/dest_hsdata_ff_reg[39]} \
          {i_system_wrapper/system_i/axi_hpm0_lpd_interconnect/inst/m07_nodes/m07_r_node/inst/inst_mi_handler/gen_normal_area.inst_fifo_node_payld/gen_reg_fifo_async.inst_reg_fifo_async/gen_xpm_cdc_handshake_array[0].inst_cdc_handshake/dest_hsdata_ff_reg[46]}]]
                                                                              Slow             30.000       0.753     29.247
3   328       [get_cells [list {i_system_wrapper/system_i/axi_hpm0_lpd_interconnect/inst/m07_nodes/m07_w_node/inst/inst_mi_handler/gen_normal_area.inst_fifo_node_payld/gen_reg_fifo_async.inst_reg_fifo_async/gen_xpm_cdc_handshake_array[0].inst_cdc_handshake/src_hsdata_ff_reg[50]} \
          {i_system_wrapper/system_i/axi_hpm0_lpd_interconnect/inst/m07_nodes/m07_w_node/inst/inst_mi_handler/gen_normal_area.inst_fifo_node_payld/gen_reg_fifo_async.inst_reg_fifo_async/gen_xpm_cdc_handshake_array[0].inst_cdc_handshake/src_hsdata_ff_reg[51]} \
          {i_system_wrapper/system_i/axi_hpm0_lpd_interconnect/inst/m07_nodes/m07_w_node/inst/inst_mi_handler/gen_normal_area.inst_fifo_node_payld/gen_reg_fifo_async.inst_reg_fifo_async/gen_xpm_cdc_handshake_array[0].inst_cdc_handshake/src_hsdata_ff_reg[60]} \
          {i_system_wrapper/system_i/axi_hpm0_lpd_interconnect/inst/m07_nodes/m07_w_node/inst/inst_mi_handler/gen_normal_area.inst_fifo_node_payld/gen_reg_fifo_async.inst_reg_fifo_async/gen_xpm_cdc_handshake_array[0].inst_cdc_handshake/src_hsdata_ff_reg[59]} \
          {i_system_wrapper/system_i/axi_hpm0_lpd_interconnect/inst/m07_nodes/m07_w_node/inst/inst_mi_handler/gen_normal_area.inst_fifo_node_payld/gen_reg_fifo_async.inst_reg_fifo_async/gen_xpm_cdc_handshake_array[0].inst_cdc_handshake/src_hsdata_ff_reg[58]} \
          {i_system_wrapper/system_i/axi_hpm0_lpd_interconnect/inst/m07_nodes/m07_w_node/inst/inst_mi_handler/gen_normal_area.inst_fifo_node_payld/gen_reg_fifo_async.inst_reg_fifo_async/gen_xpm_cdc_handshake_array[0].inst_cdc_handshake/src_hsdata_ff_reg[57]} \
          {i_system_wrapper/system_i/axi_hpm0_lpd_interconnect/inst/m07_nodes/m07_w_node/inst/inst_mi_handler/gen_normal_area.inst_fifo_node_payld/gen_reg_fifo_async.inst_reg_fifo_async/gen_xpm_cdc_handshake_array[0].inst_cdc_handshake/src_hsdata_ff_reg[56]} \
          {i_system_wrapper/system_i/axi_hpm0_lpd_interconnect/inst/m07_nodes/m07_w_node/inst/inst_mi_handler/gen_normal_area.inst_fifo_node_payld/gen_reg_fifo_async.inst_reg_fifo_async/gen_xpm_cdc_handshake_array[0].inst_cdc_handshake/src_hsdata_ff_reg[55]} \
          {i_system_wrapper/system_i/axi_hpm0_lpd_interconnect/inst/m07_nodes/m07_w_node/inst/inst_mi_handler/gen_normal_area.inst_fifo_node_payld/gen_reg_fifo_async.inst_reg_fifo_async/gen_xpm_cdc_handshake_array[0].inst_cdc_handshake/src_hsdata_ff_reg[54]} \
          {i_system_wrapper/system_i/axi_hpm0_lpd_interconnect/inst/m07_nodes/m07_w_node/inst/inst_mi_handler/gen_normal_area.inst_fifo_node_payld/gen_reg_fifo_async.inst_reg_fifo_async/gen_xpm_cdc_handshake_array[0].inst_cdc_handshake/src_hsdata_ff_reg[53]} \
          {i_system_wrapper/system_i/axi_hpm0_lpd_interconnect/inst/m07_nodes/m07_w_node/inst/inst_mi_handler/gen_normal_area.inst_fifo_node_payld/gen_reg_fifo_async.inst_reg_fifo_async/gen_xpm_cdc_handshake_array[0].inst_cdc_handshake/src_hsdata_ff_reg[52]} \
          {i_system_wrapper/system_i/axi_hpm0_lpd_interconnect/inst/m07_nodes/m07_w_node/inst/inst_mi_handler/gen_normal_area.inst_fifo_node_payld/gen_reg_fifo_async.inst_reg_fifo_async/gen_xpm_cdc_handshake_array[0].inst_cdc_handshake/src_hsdata_ff_reg[25]} \
          {i_system_wrapper/system_i/axi_hpm0_lpd_interconnect/inst/m07_nodes/m07_w_node/inst/inst_mi_handler/gen_normal_area.inst_fifo_node_payld/gen_reg_fifo_async.inst_reg_fifo_async/gen_xpm_cdc_handshake_array[0].inst_cdc_handshake/src_hsdata_ff_reg[26]} \
          {i_system_wrapper/system_i/axi_hpm0_lpd_interconnect/inst/m07_nodes/m07_w_node/inst/inst_mi_handler/gen_normal_area.inst_fifo_node_payld/gen_reg_fifo_async.inst_reg_fifo_async/gen_xpm_cdc_handshake_array[0].inst_cdc_handshake/src_hsdata_ff_reg[27]} \
          {i_system_wrapper/system_i/axi_hpm0_lpd_interconnect/inst/m07_nodes/m07_w_node/inst/inst_mi_handler/gen_normal_area.inst_fifo_node_payld/gen_reg_fifo_async.inst_reg_fifo_async/gen_xpm_cdc_handshake_array[0].inst_cdc_handshake/src_hsdata_ff_reg[28]} \
          {i_system_wrapper/system_i/axi_hpm0_lpd_interconnect/inst/m07_nodes/m07_w_node/inst/inst_mi_handler/gen_normal_area.inst_fifo_node_payld/gen_reg_fifo_async.inst_reg_fifo_async/gen_xpm_cdc_handshake_array[0].inst_cdc_handshake/src_hsdata_ff_reg[29]} \
          {i_system_wrapper/system_i/axi_hpm0_lpd_interconnect/inst/m07_nodes/m07_w_node/inst/inst_mi_handler/gen_normal_area.inst_fifo_node_payld/gen_reg_fifo_async.inst_reg_fifo_async/gen_xpm_cdc_handshake_array[0].inst_cdc_handshake/src_hsdata_ff_reg[30]} \
          {i_system_wrapper/system_i/axi_hpm0_lpd_interconnect/inst/m07_nodes/m07_w_node/inst/inst_mi_handler/gen_normal_area.inst_fifo_node_payld/gen_reg_fifo_async.inst_reg_fifo_async/gen_xpm_cdc_handshake_array[0].inst_cdc_handshake/src_hsdata_ff_reg[31]} \
          {i_system_wrapper/system_i/axi_hpm0_lpd_interconnect/inst/m07_nodes/m07_w_node/inst/inst_mi_handler/gen_normal_area.inst_fifo_node_payld/gen_reg_fifo_async.inst_reg_fifo_async/gen_xpm_cdc_handshake_array[0].inst_cdc_handshake/src_hsdata_ff_reg[32]} \
          {i_system_wrapper/system_i/axi_hpm0_lpd_interconnect/inst/m07_nodes/m07_w_node/inst/inst_mi_handler/gen_normal_area.inst_fifo_node_payld/gen_reg_fifo_async.inst_reg_fifo_async/gen_xpm_cdc_handshake_array[0].inst_cdc_handshake/src_hsdata_ff_reg[33]} \
          {i_system_wrapper/system_i/axi_hpm0_lpd_interconnect/inst/m07_nodes/m07_w_node/inst/inst_mi_handler/gen_normal_area.inst_fifo_node_payld/gen_reg_fifo_async.inst_reg_fifo_async/gen_xpm_cdc_handshake_array[0].inst_cdc_handshake/src_hsdata_ff_reg[34]} \
          {i_system_wrapper/system_i/axi_hpm0_lpd_interconnect/inst/m07_nodes/m07_w_node/inst/inst_mi_handler/gen_normal_area.inst_fifo_node_payld/gen_reg_fifo_async.inst_reg_fifo_async/gen_xpm_cdc_handshake_array[0].inst_cdc_handshake/src_hsdata_ff_reg[35]} \
          {i_system_wrapper/system_i/axi_hpm0_lpd_interconnect/inst/m07_nodes/m07_w_node/inst/inst_mi_handler/gen_normal_area.inst_fifo_node_payld/gen_reg_fifo_async.inst_reg_fifo_async/gen_xpm_cdc_handshake_array[0].inst_cdc_handshake/src_hsdata_ff_reg[36]} \
          {i_system_wrapper/system_i/axi_hpm0_lpd_interconnect/inst/m07_nodes/m07_w_node/inst/inst_mi_handler/gen_normal_area.inst_fifo_node_payld/gen_reg_fifo_async.inst_reg_fifo_async/gen_xpm_cdc_handshake_array[0].inst_cdc_handshake/src_hsdata_ff_reg[37]} \
          {i_system_wrapper/system_i/axi_hpm0_lpd_interconnect/inst/m07_nodes/m07_w_node/inst/inst_mi_handler/gen_normal_area.inst_fifo_node_payld/gen_reg_fifo_async.inst_reg_fifo_async/gen_xpm_cdc_handshake_array[0].inst_cdc_handshake/src_hsdata_ff_reg[38]} \
          {i_system_wrapper/system_i/axi_hpm0_lpd_interconnect/inst/m07_nodes/m07_w_node/inst/inst_mi_handler/gen_normal_area.inst_fifo_node_payld/gen_reg_fifo_async.inst_reg_fifo_async/gen_xpm_cdc_handshake_array[0].inst_cdc_handshake/src_hsdata_ff_reg[39]} \
          {i_system_wrapper/system_i/axi_hpm0_lpd_interconnect/inst/m07_nodes/m07_w_node/inst/inst_mi_handler/gen_normal_area.inst_fifo_node_payld/gen_reg_fifo_async.inst_reg_fifo_async/gen_xpm_cdc_handshake_array[0].inst_cdc_handshake/src_hsdata_ff_reg[40]} \
          {i_system_wrapper/system_i/axi_hpm0_lpd_interconnect/inst/m07_nodes/m07_w_node/inst/inst_mi_handler/gen_normal_area.inst_fifo_node_payld/gen_reg_fifo_async.inst_reg_fifo_async/gen_xpm_cdc_handshake_array[0].inst_cdc_handshake/src_hsdata_ff_reg[41]} \
          {i_system_wrapper/system_i/axi_hpm0_lpd_interconnect/inst/m07_nodes/m07_w_node/inst/inst_mi_handler/gen_normal_area.inst_fifo_node_payld/gen_reg_fifo_async.inst_reg_fifo_async/gen_xpm_cdc_handshake_array[0].inst_cdc_handshake/src_hsdata_ff_reg[42]} \
          {i_system_wrapper/system_i/axi_hpm0_lpd_interconnect/inst/m07_nodes/m07_w_node/inst/inst_mi_handler/gen_normal_area.inst_fifo_node_payld/gen_reg_fifo_async.inst_reg_fifo_async/gen_xpm_cdc_handshake_array[0].inst_cdc_handshake/src_hsdata_ff_reg[43]} \
          {i_system_wrapper/system_i/axi_hpm0_lpd_interconnect/inst/m07_nodes/m07_w_node/inst/inst_mi_handler/gen_normal_area.inst_fifo_node_payld/gen_reg_fifo_async.inst_reg_fifo_async/gen_xpm_cdc_handshake_array[0].inst_cdc_handshake/src_hsdata_ff_reg[44]} \
          {i_system_wrapper/system_i/axi_hpm0_lpd_interconnect/inst/m07_nodes/m07_w_node/inst/inst_mi_handler/gen_normal_area.inst_fifo_node_payld/gen_reg_fifo_async.inst_reg_fifo_async/gen_xpm_cdc_handshake_array[0].inst_cdc_handshake/src_hsdata_ff_reg[45]} \
          {i_system_wrapper/system_i/axi_hpm0_lpd_interconnect/inst/m07_nodes/m07_w_node/inst/inst_mi_handler/gen_normal_area.inst_fifo_node_payld/gen_reg_fifo_async.inst_reg_fifo_async/gen_xpm_cdc_handshake_array[0].inst_cdc_handshake/src_hsdata_ff_reg[46]} \
          {i_system_wrapper/system_i/axi_hpm0_lpd_interconnect/inst/m07_nodes/m07_w_node/inst/inst_mi_handler/gen_normal_area.inst_fifo_node_payld/gen_reg_fifo_async.inst_reg_fifo_async/gen_xpm_cdc_handshake_array[0].inst_cdc_handshake/src_hsdata_ff_reg[47]} \
          {i_system_wrapper/system_i/axi_hpm0_lpd_interconnect/inst/m07_nodes/m07_w_node/inst/inst_mi_handler/gen_normal_area.inst_fifo_node_payld/gen_reg_fifo_async.inst_reg_fifo_async/gen_xpm_cdc_handshake_array[0].inst_cdc_handshake/src_hsdata_ff_reg[48]} \
          {i_system_wrapper/system_i/axi_hpm0_lpd_interconnect/inst/m07_nodes/m07_w_node/inst/inst_mi_handler/gen_normal_area.inst_fifo_node_payld/gen_reg_fifo_async.inst_reg_fifo_async/gen_xpm_cdc_handshake_array[0].inst_cdc_handshake/src_hsdata_ff_reg[49]}]]
                                              [get_cells [list {i_system_wrapper/system_i/axi_hpm0_lpd_interconnect/inst/m07_nodes/m07_w_node/inst/inst_mi_handler/gen_normal_area.inst_fifo_node_payld/gen_reg_fifo_async.inst_reg_fifo_async/gen_xpm_cdc_handshake_array[0].inst_cdc_handshake/dest_hsdata_ff_reg[42]} \
          {i_system_wrapper/system_i/axi_hpm0_lpd_interconnect/inst/m07_nodes/m07_w_node/inst/inst_mi_handler/gen_normal_area.inst_fifo_node_payld/gen_reg_fifo_async.inst_reg_fifo_async/gen_xpm_cdc_handshake_array[0].inst_cdc_handshake/dest_hsdata_ff_reg[43]} \
          {i_system_wrapper/system_i/axi_hpm0_lpd_interconnect/inst/m07_nodes/m07_w_node/inst/inst_mi_handler/gen_normal_area.inst_fifo_node_payld/gen_reg_fifo_async.inst_reg_fifo_async/gen_xpm_cdc_handshake_array[0].inst_cdc_handshake/dest_hsdata_ff_reg[44]} \
          {i_system_wrapper/system_i/axi_hpm0_lpd_interconnect/inst/m07_nodes/m07_w_node/inst/inst_mi_handler/gen_normal_area.inst_fifo_node_payld/gen_reg_fifo_async.inst_reg_fifo_async/gen_xpm_cdc_handshake_array[0].inst_cdc_handshake/dest_hsdata_ff_reg[45]} \
          {i_system_wrapper/system_i/axi_hpm0_lpd_interconnect/inst/m07_nodes/m07_w_node/inst/inst_mi_handler/gen_normal_area.inst_fifo_node_payld/gen_reg_fifo_async.inst_reg_fifo_async/gen_xpm_cdc_handshake_array[0].inst_cdc_handshake/dest_hsdata_ff_reg[46]} \
          {i_system_wrapper/system_i/axi_hpm0_lpd_interconnect/inst/m07_nodes/m07_w_node/inst/inst_mi_handler/gen_normal_area.inst_fifo_node_payld/gen_reg_fifo_async.inst_reg_fifo_async/gen_xpm_cdc_handshake_array[0].inst_cdc_handshake/dest_hsdata_ff_reg[47]} \
          {i_system_wrapper/system_i/axi_hpm0_lpd_interconnect/inst/m07_nodes/m07_w_node/inst/inst_mi_handler/gen_normal_area.inst_fifo_node_payld/gen_reg_fifo_async.inst_reg_fifo_async/gen_xpm_cdc_handshake_array[0].inst_cdc_handshake/dest_hsdata_ff_reg[48]} \
          {i_system_wrapper/system_i/axi_hpm0_lpd_interconnect/inst/m07_nodes/m07_w_node/inst/inst_mi_handler/gen_normal_area.inst_fifo_node_payld/gen_reg_fifo_async.inst_reg_fifo_async/gen_xpm_cdc_handshake_array[0].inst_cdc_handshake/dest_hsdata_ff_reg[49]} \
          {i_system_wrapper/system_i/axi_hpm0_lpd_interconnect/inst/m07_nodes/m07_w_node/inst/inst_mi_handler/gen_normal_area.inst_fifo_node_payld/gen_reg_fifo_async.inst_reg_fifo_async/gen_xpm_cdc_handshake_array[0].inst_cdc_handshake/dest_hsdata_ff_reg[60]} \
          {i_system_wrapper/system_i/axi_hpm0_lpd_interconnect/inst/m07_nodes/m07_w_node/inst/inst_mi_handler/gen_normal_area.inst_fifo_node_payld/gen_reg_fifo_async.inst_reg_fifo_async/gen_xpm_cdc_handshake_array[0].inst_cdc_handshake/dest_hsdata_ff_reg[50]} \
          {i_system_wrapper/system_i/axi_hpm0_lpd_interconnect/inst/m07_nodes/m07_w_node/inst/inst_mi_handler/gen_normal_area.inst_fifo_node_payld/gen_reg_fifo_async.inst_reg_fifo_async/gen_xpm_cdc_handshake_array[0].inst_cdc_handshake/dest_hsdata_ff_reg[51]} \
          {i_system_wrapper/system_i/axi_hpm0_lpd_interconnect/inst/m07_nodes/m07_w_node/inst/inst_mi_handler/gen_normal_area.inst_fifo_node_payld/gen_reg_fifo_async.inst_reg_fifo_async/gen_xpm_cdc_handshake_array[0].inst_cdc_handshake/dest_hsdata_ff_reg[52]} \
          {i_system_wrapper/system_i/axi_hpm0_lpd_interconnect/inst/m07_nodes/m07_w_node/inst/inst_mi_handler/gen_normal_area.inst_fifo_node_payld/gen_reg_fifo_async.inst_reg_fifo_async/gen_xpm_cdc_handshake_array[0].inst_cdc_handshake/dest_hsdata_ff_reg[53]} \
          {i_system_wrapper/system_i/axi_hpm0_lpd_interconnect/inst/m07_nodes/m07_w_node/inst/inst_mi_handler/gen_normal_area.inst_fifo_node_payld/gen_reg_fifo_async.inst_reg_fifo_async/gen_xpm_cdc_handshake_array[0].inst_cdc_handshake/dest_hsdata_ff_reg[54]} \
          {i_system_wrapper/system_i/axi_hpm0_lpd_interconnect/inst/m07_nodes/m07_w_node/inst/inst_mi_handler/gen_normal_area.inst_fifo_node_payld/gen_reg_fifo_async.inst_reg_fifo_async/gen_xpm_cdc_handshake_array[0].inst_cdc_handshake/dest_hsdata_ff_reg[55]} \
          {i_system_wrapper/system_i/axi_hpm0_lpd_interconnect/inst/m07_nodes/m07_w_node/inst/inst_mi_handler/gen_normal_area.inst_fifo_node_payld/gen_reg_fifo_async.inst_reg_fifo_async/gen_xpm_cdc_handshake_array[0].inst_cdc_handshake/dest_hsdata_ff_reg[56]} \
          {i_system_wrapper/system_i/axi_hpm0_lpd_interconnect/inst/m07_nodes/m07_w_node/inst/inst_mi_handler/gen_normal_area.inst_fifo_node_payld/gen_reg_fifo_async.inst_reg_fifo_async/gen_xpm_cdc_handshake_array[0].inst_cdc_handshake/dest_hsdata_ff_reg[57]} \
          {i_system_wrapper/system_i/axi_hpm0_lpd_interconnect/inst/m07_nodes/m07_w_node/inst/inst_mi_handler/gen_normal_area.inst_fifo_node_payld/gen_reg_fifo_async.inst_reg_fifo_async/gen_xpm_cdc_handshake_array[0].inst_cdc_handshake/dest_hsdata_ff_reg[25]} \
          {i_system_wrapper/system_i/axi_hpm0_lpd_interconnect/inst/m07_nodes/m07_w_node/inst/inst_mi_handler/gen_normal_area.inst_fifo_node_payld/gen_reg_fifo_async.inst_reg_fifo_async/gen_xpm_cdc_handshake_array[0].inst_cdc_handshake/dest_hsdata_ff_reg[26]} \
          {i_system_wrapper/system_i/axi_hpm0_lpd_interconnect/inst/m07_nodes/m07_w_node/inst/inst_mi_handler/gen_normal_area.inst_fifo_node_payld/gen_reg_fifo_async.inst_reg_fifo_async/gen_xpm_cdc_handshake_array[0].inst_cdc_handshake/dest_hsdata_ff_reg[27]} \
          {i_system_wrapper/system_i/axi_hpm0_lpd_interconnect/inst/m07_nodes/m07_w_node/inst/inst_mi_handler/gen_normal_area.inst_fifo_node_payld/gen_reg_fifo_async.inst_reg_fifo_async/gen_xpm_cdc_handshake_array[0].inst_cdc_handshake/dest_hsdata_ff_reg[28]} \
          {i_system_wrapper/system_i/axi_hpm0_lpd_interconnect/inst/m07_nodes/m07_w_node/inst/inst_mi_handler/gen_normal_area.inst_fifo_node_payld/gen_reg_fifo_async.inst_reg_fifo_async/gen_xpm_cdc_handshake_array[0].inst_cdc_handshake/dest_hsdata_ff_reg[29]} \
          {i_system_wrapper/system_i/axi_hpm0_lpd_interconnect/inst/m07_nodes/m07_w_node/inst/inst_mi_handler/gen_normal_area.inst_fifo_node_payld/gen_reg_fifo_async.inst_reg_fifo_async/gen_xpm_cdc_handshake_array[0].inst_cdc_handshake/dest_hsdata_ff_reg[58]} \
          {i_system_wrapper/system_i/axi_hpm0_lpd_interconnect/inst/m07_nodes/m07_w_node/inst/inst_mi_handler/gen_normal_area.inst_fifo_node_payld/gen_reg_fifo_async.inst_reg_fifo_async/gen_xpm_cdc_handshake_array[0].inst_cdc_handshake/dest_hsdata_ff_reg[30]} \
          {i_system_wrapper/system_i/axi_hpm0_lpd_interconnect/inst/m07_nodes/m07_w_node/inst/inst_mi_handler/gen_normal_area.inst_fifo_node_payld/gen_reg_fifo_async.inst_reg_fifo_async/gen_xpm_cdc_handshake_array[0].inst_cdc_handshake/dest_hsdata_ff_reg[31]} \
          {i_system_wrapper/system_i/axi_hpm0_lpd_interconnect/inst/m07_nodes/m07_w_node/inst/inst_mi_handler/gen_normal_area.inst_fifo_node_payld/gen_reg_fifo_async.inst_reg_fifo_async/gen_xpm_cdc_handshake_array[0].inst_cdc_handshake/dest_hsdata_ff_reg[32]} \
          {i_system_wrapper/system_i/axi_hpm0_lpd_interconnect/inst/m07_nodes/m07_w_node/inst/inst_mi_handler/gen_normal_area.inst_fifo_node_payld/gen_reg_fifo_async.inst_reg_fifo_async/gen_xpm_cdc_handshake_array[0].inst_cdc_handshake/dest_hsdata_ff_reg[33]} \
          {i_system_wrapper/system_i/axi_hpm0_lpd_interconnect/inst/m07_nodes/m07_w_node/inst/inst_mi_handler/gen_normal_area.inst_fifo_node_payld/gen_reg_fifo_async.inst_reg_fifo_async/gen_xpm_cdc_handshake_array[0].inst_cdc_handshake/dest_hsdata_ff_reg[34]} \
          {i_system_wrapper/system_i/axi_hpm0_lpd_interconnect/inst/m07_nodes/m07_w_node/inst/inst_mi_handler/gen_normal_area.inst_fifo_node_payld/gen_reg_fifo_async.inst_reg_fifo_async/gen_xpm_cdc_handshake_array[0].inst_cdc_handshake/dest_hsdata_ff_reg[35]} \
          {i_system_wrapper/system_i/axi_hpm0_lpd_interconnect/inst/m07_nodes/m07_w_node/inst/inst_mi_handler/gen_normal_area.inst_fifo_node_payld/gen_reg_fifo_async.inst_reg_fifo_async/gen_xpm_cdc_handshake_array[0].inst_cdc_handshake/dest_hsdata_ff_reg[36]} \
          {i_system_wrapper/system_i/axi_hpm0_lpd_interconnect/inst/m07_nodes/m07_w_node/inst/inst_mi_handler/gen_normal_area.inst_fifo_node_payld/gen_reg_fifo_async.inst_reg_fifo_async/gen_xpm_cdc_handshake_array[0].inst_cdc_handshake/dest_hsdata_ff_reg[37]} \
          {i_system_wrapper/system_i/axi_hpm0_lpd_interconnect/inst/m07_nodes/m07_w_node/inst/inst_mi_handler/gen_normal_area.inst_fifo_node_payld/gen_reg_fifo_async.inst_reg_fifo_async/gen_xpm_cdc_handshake_array[0].inst_cdc_handshake/dest_hsdata_ff_reg[38]} \
          {i_system_wrapper/system_i/axi_hpm0_lpd_interconnect/inst/m07_nodes/m07_w_node/inst/inst_mi_handler/gen_normal_area.inst_fifo_node_payld/gen_reg_fifo_async.inst_reg_fifo_async/gen_xpm_cdc_handshake_array[0].inst_cdc_handshake/dest_hsdata_ff_reg[39]} \
          {i_system_wrapper/system_i/axi_hpm0_lpd_interconnect/inst/m07_nodes/m07_w_node/inst/inst_mi_handler/gen_normal_area.inst_fifo_node_payld/gen_reg_fifo_async.inst_reg_fifo_async/gen_xpm_cdc_handshake_array[0].inst_cdc_handshake/dest_hsdata_ff_reg[59]} \
          {i_system_wrapper/system_i/axi_hpm0_lpd_interconnect/inst/m07_nodes/m07_w_node/inst/inst_mi_handler/gen_normal_area.inst_fifo_node_payld/gen_reg_fifo_async.inst_reg_fifo_async/gen_xpm_cdc_handshake_array[0].inst_cdc_handshake/dest_hsdata_ff_reg[40]} \
          {i_system_wrapper/system_i/axi_hpm0_lpd_interconnect/inst/m07_nodes/m07_w_node/inst/inst_mi_handler/gen_normal_area.inst_fifo_node_payld/gen_reg_fifo_async.inst_reg_fifo_async/gen_xpm_cdc_handshake_array[0].inst_cdc_handshake/dest_hsdata_ff_reg[41]}]]
                                                                              Slow             24.000       0.959     23.041


2. Bus Skew Report Per Constraint
---------------------------------

Id: 1
set_bus_skew -from [get_cells [list {i_system_wrapper/system_i/axi_hpm0_lpd_interconnect/inst/m07_nodes/m07_b_node/inst/inst_mi_handler/gen_normal_area.inst_fifo_node_payld/gen_reg_fifo_async.inst_reg_fifo_async/gen_xpm_cdc_handshake_array[0].inst_cdc_handshake/src_hsdata_ff_reg[6]} {i_system_wrapper/system_i/axi_hpm0_lpd_interconnect/inst/m07_nodes/m07_b_node/inst/inst_mi_handler/gen_normal_area.inst_fifo_node_payld/gen_reg_fifo_async.inst_reg_fifo_async/gen_xpm_cdc_handshake_array[0].inst_cdc_handshake/src_hsdata_ff_reg[5]}]] -to [get_cells [list {i_system_wrapper/system_i/axi_hpm0_lpd_interconnect/inst/m07_nodes/m07_b_node/inst/inst_mi_handler/gen_normal_area.inst_fifo_node_payld/gen_reg_fifo_async.inst_reg_fifo_async/gen_xpm_cdc_handshake_array[0].inst_cdc_handshake/dest_hsdata_ff_reg[6]} {i_system_wrapper/system_i/axi_hpm0_lpd_interconnect/inst/m07_nodes/m07_b_node/inst/inst_mi_handler/gen_normal_area.inst_fifo_node_payld/gen_reg_fifo_async.inst_reg_fifo_async/gen_xpm_cdc_handshake_array[0].inst_cdc_handshake/dest_hsdata_ff_reg[5]}]] 30.000
Requirement: 30.000ns
Endpoints: 2

From Clock            To Clock              Endpoint Pin                    Reference Pin                   Corner  Actual(ns)  Slack(ns)
--------------------  --------------------  ------------------------------  ------------------------------  ------  ----------  ---------
axi_adrv9001_dac_1_clk
                      clk_pl_0              i_system_wrapper/system_i/axi_hpm0_lpd_interconnect/inst/m07_nodes/m07_b_node/inst/inst_mi_handler/gen_normal_area.inst_fifo_node_payld/gen_reg_fifo_async.inst_reg_fifo_async/gen_xpm_cdc_handshake_array[0].inst_cdc_handshake/dest_hsdata_ff_reg[6]/D
                                                                            i_system_wrapper/system_i/axi_hpm0_lpd_interconnect/inst/m07_nodes/m07_b_node/inst/inst_mi_handler/gen_normal_area.inst_fifo_node_payld/gen_reg_fifo_async.inst_reg_fifo_async/gen_xpm_cdc_handshake_array[0].inst_cdc_handshake/dest_hsdata_ff_reg[5]/D
                                                                                                            Slow         0.254     29.746


Slack (MET) :             29.746ns  (requirement - actual skew)
  Endpoint Source:        <hidden>
                            (rising edge-triggered cell FDRE clocked by axi_adrv9001_dac_1_clk)
  Endpoint Destination:   <hidden>
                            (rising edge-triggered cell FDRE clocked by clk_pl_0)
  Reference Source:       <hidden>
                            (rising edge-triggered cell FDRE clocked by axi_adrv9001_dac_1_clk)
  Reference Destination:  <hidden>
                            (rising edge-triggered cell FDRE clocked by clk_pl_0)
  Path Type:              Bus Skew (Max at Slow Process Corner)
  Requirement:            30.000ns
  Endpoint Relative Delay:    1.586ns
  Reference Relative Delay:   0.697ns
  Relative CRPR:              0.635ns
  Actual Bus Skew:            0.254ns  (Endpoint Relative Delay - Reference Relative Delay - Relative CRPR)

Endpoint path:
    Location             Delay type                Incr(ns)  Path(ns)    Netlist Resource(s)
  -------------------------------------------------------------------    -------------------
                         (clock axi_adrv9001_dac_1_clk rise edge)
                                                      0.000     0.000 r  
    N4                                                0.000     0.000 r  tx1_dclk_in_p (IN)
                         net (fo=0)                   0.100     0.100    i_system_wrapper/system_i/axi_adrv9001/inst/i_if/i_tx_1_phy/i_dac_clk_in_ibuf/I
    HPIOBDIFFINBUF_X0Y37 DIFFINBUF (Prop_DIFFINBUF_HPIOBDIFFINBUF_DIFF_IN_P_O)
                                                      0.607     0.707 r  i_system_wrapper/system_i/axi_adrv9001/inst/i_if/i_tx_1_phy/i_dac_clk_in_ibuf/DIFFINBUF_INST/O
                         net (fo=1, routed)           0.050     0.757    i_system_wrapper/system_i/axi_adrv9001/inst/i_if/i_tx_1_phy/i_dac_clk_in_ibuf/OUT
    N4                   IBUFCTRL (Prop_IBUFCTRL_HPIOB_M_I_O)
                                                      0.000     0.757 r  i_system_wrapper/system_i/axi_adrv9001/inst/i_if/i_tx_1_phy/i_dac_clk_in_ibuf/IBUFCTRL_INST/O
                         net (fo=2, routed)           0.318     1.075    i_system_wrapper/system_i/axi_adrv9001/inst/i_if/i_tx_1_phy/tx_dclk_in_s
    BUFGCE_DIV_X0Y4      BUFGCE_DIV (Prop_BUFGCE_DIV_I_O)
                                                      0.152     1.227 r  i_system_wrapper/system_i/axi_adrv9001/inst/i_if/i_tx_1_phy/i_dac_div_clk_rbuf/O
    X0Y1 (CLOCK_ROOT)    net (fo=25913, routed)       1.812     3.039    <hidden>
    SLICE_X5Y128         FDRE                                         r  <hidden>
  -------------------------------------------------------------------    -------------------
    SLICE_X5Y128         FDRE (Prop_AFF2_SLICEM_C_Q)
                                                      0.080     3.119 r  <hidden>
                         net (fo=1, routed)           0.263     3.382    <hidden>
    SLICE_X5Y128         FDRE                                         r  <hidden>
  -------------------------------------------------------------------    -------------------

                         (clock clk_pl_0 rise edge)
                                                      0.000     0.000 r  
    PS8_X0Y0             PS8                          0.000     0.000 r  i_system_wrapper/system_i/sys_ps8/inst/PS8_i/PLCLK[0]
                         net (fo=1, routed)           0.135     0.135    i_system_wrapper/system_i/sys_ps8/inst/pl_clk_unbuffered[0]
    BUFG_PS_X0Y60        BUFG_PS (Prop_BUFG_PS_I_O)
                                                      0.025     0.160 r  i_system_wrapper/system_i/sys_ps8/inst/buffer_pl_clk_0.PL_CLK_0_BUFG/O
    X0Y1 (CLOCK_ROOT)    net (fo=11084, routed)       1.612     1.772    <hidden>
    SLICE_X5Y128         FDRE                                         r  <hidden>
                         clock pessimism              0.000     1.772    
    SLICE_X5Y128         FDRE (Setup_GFF_SLICEM_C_D)
                                                      0.025     1.797    <hidden>
  -------------------------------------------------------------------
                         data arrival                           3.382    
                         clock arrival                          1.797    
  -------------------------------------------------------------------
                         relative delay                         1.586    

Reference path:
    Location             Delay type                Incr(ns)  Path(ns)    Netlist Resource(s)
  -------------------------------------------------------------------    -------------------
                         (clock axi_adrv9001_dac_1_clk rise edge)
                                                      0.000     0.000 r  
    N4                                                0.000     0.000 r  tx1_dclk_in_p (IN)
                         net (fo=0)                   0.079     0.079    i_system_wrapper/system_i/axi_adrv9001/inst/i_if/i_tx_1_phy/i_dac_clk_in_ibuf/I
    HPIOBDIFFINBUF_X0Y37 DIFFINBUF (Prop_DIFFINBUF_HPIOBDIFFINBUF_DIFF_IN_P_O)
                                                      0.498     0.577 r  i_system_wrapper/system_i/axi_adrv9001/inst/i_if/i_tx_1_phy/i_dac_clk_in_ibuf/DIFFINBUF_INST/O
                         net (fo=1, routed)           0.040     0.617    i_system_wrapper/system_i/axi_adrv9001/inst/i_if/i_tx_1_phy/i_dac_clk_in_ibuf/OUT
    N4                   IBUFCTRL (Prop_IBUFCTRL_HPIOB_M_I_O)
                                                      0.000     0.617 r  i_system_wrapper/system_i/axi_adrv9001/inst/i_if/i_tx_1_phy/i_dac_clk_in_ibuf/IBUFCTRL_INST/O
                         net (fo=2, routed)           0.281     0.898    i_system_wrapper/system_i/axi_adrv9001/inst/i_if/i_tx_1_phy/tx_dclk_in_s
    BUFGCE_DIV_X0Y4      BUFGCE_DIV (Prop_BUFGCE_DIV_I_O)
                                                      0.132     1.030 r  i_system_wrapper/system_i/axi_adrv9001/inst/i_if/i_tx_1_phy/i_dac_div_clk_rbuf/O
    X0Y1 (CLOCK_ROOT)    net (fo=25913, routed)       1.613     2.643    <hidden>
    SLICE_X5Y128         FDRE                                         r  <hidden>
  -------------------------------------------------------------------    -------------------
    SLICE_X5Y128         FDRE (Prop_AFF_SLICEM_C_Q)
                                                      0.058     2.701 r  <hidden>
                         net (fo=1, routed)           0.084     2.785    <hidden>
    SLICE_X5Y128         FDRE                                         r  <hidden>
  -------------------------------------------------------------------    -------------------

                         (clock clk_pl_0 rise edge)
                                                      0.000     0.000 r  
    PS8_X0Y0             PS8                          0.000     0.000 r  i_system_wrapper/system_i/sys_ps8/inst/PS8_i/PLCLK[0]
                         net (fo=1, routed)           0.171     0.171    i_system_wrapper/system_i/sys_ps8/inst/pl_clk_unbuffered[0]
    BUFG_PS_X0Y60        BUFG_PS (Prop_BUFG_PS_I_O)
                                                      0.028     0.199 r  i_system_wrapper/system_i/sys_ps8/inst/buffer_pl_clk_0.PL_CLK_0_BUFG/O
    X0Y1 (CLOCK_ROOT)    net (fo=11084, routed)       1.829     2.028    <hidden>
    SLICE_X5Y128         FDRE                                         r  <hidden>
                         clock pessimism              0.000     2.028    
    SLICE_X5Y128         FDRE (Hold_HFF_SLICEM_C_D)
                                                      0.060     2.088    <hidden>
  -------------------------------------------------------------------
                         data arrival                           2.785    
                         clock arrival                          2.088    
  -------------------------------------------------------------------
                         relative delay                         0.697    



Id: 2
set_bus_skew -from [get_cells [list {i_system_wrapper/system_i/axi_hpm0_lpd_interconnect/inst/m07_nodes/m07_r_node/inst/inst_mi_handler/gen_normal_area.inst_fifo_node_payld/gen_reg_fifo_async.inst_reg_fifo_async/gen_xpm_cdc_handshake_array[0].inst_cdc_handshake/src_hsdata_ff_reg[43]} \
          {i_system_wrapper/system_i/axi_hpm0_lpd_interconnect/inst/m07_nodes/m07_r_node/inst/inst_mi_handler/gen_normal_area.inst_fifo_node_payld/gen_reg_fifo_async.inst_reg_fifo_async/gen_xpm_cdc_handshake_array[0].inst_cdc_handshake/src_hsdata_ff_reg[44]} \
          {i_system_wrapper/system_i/axi_hpm0_lpd_interconnect/inst/m07_nodes/m07_r_node/inst/inst_mi_handler/gen_normal_area.inst_fifo_node_payld/gen_reg_fifo_async.inst_reg_fifo_async/gen_xpm_cdc_handshake_array[0].inst_cdc_handshake/src_hsdata_ff_reg[45]} \
          {i_system_wrapper/system_i/axi_hpm0_lpd_interconnect/inst/m07_nodes/m07_r_node/inst/inst_mi_handler/gen_normal_area.inst_fifo_node_payld/gen_reg_fifo_async.inst_reg_fifo_async/gen_xpm_cdc_handshake_array[0].inst_cdc_handshake/src_hsdata_ff_reg[46]} \
          {i_system_wrapper/system_i/axi_hpm0_lpd_interconnect/inst/m07_nodes/m07_r_node/inst/inst_mi_handler/gen_normal_area.inst_fifo_node_payld/gen_reg_fifo_async.inst_reg_fifo_async/gen_xpm_cdc_handshake_array[0].inst_cdc_handshake/src_hsdata_ff_reg[47]} \
          {i_system_wrapper/system_i/axi_hpm0_lpd_interconnect/inst/m07_nodes/m07_r_node/inst/inst_mi_handler/gen_normal_area.inst_fifo_node_payld/gen_reg_fifo_async.inst_reg_fifo_async/gen_xpm_cdc_handshake_array[0].inst_cdc_handshake/src_hsdata_ff_reg[52]} \
          {i_system_wrapper/system_i/axi_hpm0_lpd_interconnect/inst/m07_nodes/m07_r_node/inst/inst_mi_handler/gen_normal_area.inst_fifo_node_payld/gen_reg_fifo_async.inst_reg_fifo_async/gen_xpm_cdc_handshake_array[0].inst_cdc_handshake/src_hsdata_ff_reg[51]} \
          {i_system_wrapper/system_i/axi_hpm0_lpd_interconnect/inst/m07_nodes/m07_r_node/inst/inst_mi_handler/gen_normal_area.inst_fifo_node_payld/gen_reg_fifo_async.inst_reg_fifo_async/gen_xpm_cdc_handshake_array[0].inst_cdc_handshake/src_hsdata_ff_reg[50]} \
          {i_system_wrapper/system_i/axi_hpm0_lpd_interconnect/inst/m07_nodes/m07_r_node/inst/inst_mi_handler/gen_normal_area.inst_fifo_node_payld/gen_reg_fifo_async.inst_reg_fifo_async/gen_xpm_cdc_handshake_array[0].inst_cdc_handshake/src_hsdata_ff_reg[48]} \
          {i_system_wrapper/system_i/axi_hpm0_lpd_interconnect/inst/m07_nodes/m07_r_node/inst/inst_mi_handler/gen_normal_area.inst_fifo_node_payld/gen_reg_fifo_async.inst_reg_fifo_async/gen_xpm_cdc_handshake_array[0].inst_cdc_handshake/src_hsdata_ff_reg[18]} \
          {i_system_wrapper/system_i/axi_hpm0_lpd_interconnect/inst/m07_nodes/m07_r_node/inst/inst_mi_handler/gen_normal_area.inst_fifo_node_payld/gen_reg_fifo_async.inst_reg_fifo_async/gen_xpm_cdc_handshake_array[0].inst_cdc_handshake/src_hsdata_ff_reg[19]} \
          {i_system_wrapper/system_i/axi_hpm0_lpd_interconnect/inst/m07_nodes/m07_r_node/inst/inst_mi_handler/gen_normal_area.inst_fifo_node_payld/gen_reg_fifo_async.inst_reg_fifo_async/gen_xpm_cdc_handshake_array[0].inst_cdc_handshake/src_hsdata_ff_reg[21]} \
          {i_system_wrapper/system_i/axi_hpm0_lpd_interconnect/inst/m07_nodes/m07_r_node/inst/inst_mi_handler/gen_normal_area.inst_fifo_node_payld/gen_reg_fifo_async.inst_reg_fifo_async/gen_xpm_cdc_handshake_array[0].inst_cdc_handshake/src_hsdata_ff_reg[22]} \
          {i_system_wrapper/system_i/axi_hpm0_lpd_interconnect/inst/m07_nodes/m07_r_node/inst/inst_mi_handler/gen_normal_area.inst_fifo_node_payld/gen_reg_fifo_async.inst_reg_fifo_async/gen_xpm_cdc_handshake_array[0].inst_cdc_handshake/src_hsdata_ff_reg[23]} \
          {i_system_wrapper/system_i/axi_hpm0_lpd_interconnect/inst/m07_nodes/m07_r_node/inst/inst_mi_handler/gen_normal_area.inst_fifo_node_payld/gen_reg_fifo_async.inst_reg_fifo_async/gen_xpm_cdc_handshake_array[0].inst_cdc_handshake/src_hsdata_ff_reg[24]} \
          {i_system_wrapper/system_i/axi_hpm0_lpd_interconnect/inst/m07_nodes/m07_r_node/inst/inst_mi_handler/gen_normal_area.inst_fifo_node_payld/gen_reg_fifo_async.inst_reg_fifo_async/gen_xpm_cdc_handshake_array[0].inst_cdc_handshake/src_hsdata_ff_reg[25]} \
          {i_system_wrapper/system_i/axi_hpm0_lpd_interconnect/inst/m07_nodes/m07_r_node/inst/inst_mi_handler/gen_normal_area.inst_fifo_node_payld/gen_reg_fifo_async.inst_reg_fifo_async/gen_xpm_cdc_handshake_array[0].inst_cdc_handshake/src_hsdata_ff_reg[26]} \
          {i_system_wrapper/system_i/axi_hpm0_lpd_interconnect/inst/m07_nodes/m07_r_node/inst/inst_mi_handler/gen_normal_area.inst_fifo_node_payld/gen_reg_fifo_async.inst_reg_fifo_async/gen_xpm_cdc_handshake_array[0].inst_cdc_handshake/src_hsdata_ff_reg[27]} \
          {i_system_wrapper/system_i/axi_hpm0_lpd_interconnect/inst/m07_nodes/m07_r_node/inst/inst_mi_handler/gen_normal_area.inst_fifo_node_payld/gen_reg_fifo_async.inst_reg_fifo_async/gen_xpm_cdc_handshake_array[0].inst_cdc_handshake/src_hsdata_ff_reg[28]} \
          {i_system_wrapper/system_i/axi_hpm0_lpd_interconnect/inst/m07_nodes/m07_r_node/inst/inst_mi_handler/gen_normal_area.inst_fifo_node_payld/gen_reg_fifo_async.inst_reg_fifo_async/gen_xpm_cdc_handshake_array[0].inst_cdc_handshake/src_hsdata_ff_reg[29]} \
          {i_system_wrapper/system_i/axi_hpm0_lpd_interconnect/inst/m07_nodes/m07_r_node/inst/inst_mi_handler/gen_normal_area.inst_fifo_node_payld/gen_reg_fifo_async.inst_reg_fifo_async/gen_xpm_cdc_handshake_array[0].inst_cdc_handshake/src_hsdata_ff_reg[30]} \
          {i_system_wrapper/system_i/axi_hpm0_lpd_interconnect/inst/m07_nodes/m07_r_node/inst/inst_mi_handler/gen_normal_area.inst_fifo_node_payld/gen_reg_fifo_async.inst_reg_fifo_async/gen_xpm_cdc_handshake_array[0].inst_cdc_handshake/src_hsdata_ff_reg[31]} \
          {i_system_wrapper/system_i/axi_hpm0_lpd_interconnect/inst/m07_nodes/m07_r_node/inst/inst_mi_handler/gen_normal_area.inst_fifo_node_payld/gen_reg_fifo_async.inst_reg_fifo_async/gen_xpm_cdc_handshake_array[0].inst_cdc_handshake/src_hsdata_ff_reg[32]} \
          {i_system_wrapper/system_i/axi_hpm0_lpd_interconnect/inst/m07_nodes/m07_r_node/inst/inst_mi_handler/gen_normal_area.inst_fifo_node_payld/gen_reg_fifo_async.inst_reg_fifo_async/gen_xpm_cdc_handshake_array[0].inst_cdc_handshake/src_hsdata_ff_reg[33]} \
          {i_system_wrapper/system_i/axi_hpm0_lpd_interconnect/inst/m07_nodes/m07_r_node/inst/inst_mi_handler/gen_normal_area.inst_fifo_node_payld/gen_reg_fifo_async.inst_reg_fifo_async/gen_xpm_cdc_handshake_array[0].inst_cdc_handshake/src_hsdata_ff_reg[34]} \
          {i_system_wrapper/system_i/axi_hpm0_lpd_interconnect/inst/m07_nodes/m07_r_node/inst/inst_mi_handler/gen_normal_area.inst_fifo_node_payld/gen_reg_fifo_async.inst_reg_fifo_async/gen_xpm_cdc_handshake_array[0].inst_cdc_handshake/src_hsdata_ff_reg[35]} \
          {i_system_wrapper/system_i/axi_hpm0_lpd_interconnect/inst/m07_nodes/m07_r_node/inst/inst_mi_handler/gen_normal_area.inst_fifo_node_payld/gen_reg_fifo_async.inst_reg_fifo_async/gen_xpm_cdc_handshake_array[0].inst_cdc_handshake/src_hsdata_ff_reg[36]} \
          {i_system_wrapper/system_i/axi_hpm0_lpd_interconnect/inst/m07_nodes/m07_r_node/inst/inst_mi_handler/gen_normal_area.inst_fifo_node_payld/gen_reg_fifo_async.inst_reg_fifo_async/gen_xpm_cdc_handshake_array[0].inst_cdc_handshake/src_hsdata_ff_reg[37]} \
          {i_system_wrapper/system_i/axi_hpm0_lpd_interconnect/inst/m07_nodes/m07_r_node/inst/inst_mi_handler/gen_normal_area.inst_fifo_node_payld/gen_reg_fifo_async.inst_reg_fifo_async/gen_xpm_cdc_handshake_array[0].inst_cdc_handshake/src_hsdata_ff_reg[38]} \
          {i_system_wrapper/system_i/axi_hpm0_lpd_interconnect/inst/m07_nodes/m07_r_node/inst/inst_mi_handler/gen_normal_area.inst_fifo_node_payld/gen_reg_fifo_async.inst_reg_fifo_async/gen_xpm_cdc_handshake_array[0].inst_cdc_handshake/src_hsdata_ff_reg[39]} \
          {i_system_wrapper/system_i/axi_hpm0_lpd_interconnect/inst/m07_nodes/m07_r_node/inst/inst_mi_handler/gen_normal_area.inst_fifo_node_payld/gen_reg_fifo_async.inst_reg_fifo_async/gen_xpm_cdc_handshake_array[0].inst_cdc_handshake/src_hsdata_ff_reg[49]} \
          {i_system_wrapper/system_i/axi_hpm0_lpd_interconnect/inst/m07_nodes/m07_r_node/inst/inst_mi_handler/gen_normal_area.inst_fifo_node_payld/gen_reg_fifo_async.inst_reg_fifo_async/gen_xpm_cdc_handshake_array[0].inst_cdc_handshake/src_hsdata_ff_reg[40]} \
          {i_system_wrapper/system_i/axi_hpm0_lpd_interconnect/inst/m07_nodes/m07_r_node/inst/inst_mi_handler/gen_normal_area.inst_fifo_node_payld/gen_reg_fifo_async.inst_reg_fifo_async/gen_xpm_cdc_handshake_array[0].inst_cdc_handshake/src_hsdata_ff_reg[41]} \
          {i_system_wrapper/system_i/axi_hpm0_lpd_interconnect/inst/m07_nodes/m07_r_node/inst/inst_mi_handler/gen_normal_area.inst_fifo_node_payld/gen_reg_fifo_async.inst_reg_fifo_async/gen_xpm_cdc_handshake_array[0].inst_cdc_handshake/src_hsdata_ff_reg[42]}]] -to [get_cells [list {i_system_wrapper/system_i/axi_hpm0_lpd_interconnect/inst/m07_nodes/m07_r_node/inst/inst_mi_handler/gen_normal_area.inst_fifo_node_payld/gen_reg_fifo_async.inst_reg_fifo_async/gen_xpm_cdc_handshake_array[0].inst_cdc_handshake/dest_hsdata_ff_reg[40]} \
          {i_system_wrapper/system_i/axi_hpm0_lpd_interconnect/inst/m07_nodes/m07_r_node/inst/inst_mi_handler/gen_normal_area.inst_fifo_node_payld/gen_reg_fifo_async.inst_reg_fifo_async/gen_xpm_cdc_handshake_array[0].inst_cdc_handshake/dest_hsdata_ff_reg[41]} \
          {i_system_wrapper/system_i/axi_hpm0_lpd_interconnect/inst/m07_nodes/m07_r_node/inst/inst_mi_handler/gen_normal_area.inst_fifo_node_payld/gen_reg_fifo_async.inst_reg_fifo_async/gen_xpm_cdc_handshake_array[0].inst_cdc_handshake/dest_hsdata_ff_reg[42]} \
          {i_system_wrapper/system_i/axi_hpm0_lpd_interconnect/inst/m07_nodes/m07_r_node/inst/inst_mi_handler/gen_normal_area.inst_fifo_node_payld/gen_reg_fifo_async.inst_reg_fifo_async/gen_xpm_cdc_handshake_array[0].inst_cdc_handshake/dest_hsdata_ff_reg[43]} \
          {i_system_wrapper/system_i/axi_hpm0_lpd_interconnect/inst/m07_nodes/m07_r_node/inst/inst_mi_handler/gen_normal_area.inst_fifo_node_payld/gen_reg_fifo_async.inst_reg_fifo_async/gen_xpm_cdc_handshake_array[0].inst_cdc_handshake/dest_hsdata_ff_reg[44]} \
          {i_system_wrapper/system_i/axi_hpm0_lpd_interconnect/inst/m07_nodes/m07_r_node/inst/inst_mi_handler/gen_normal_area.inst_fifo_node_payld/gen_reg_fifo_async.inst_reg_fifo_async/gen_xpm_cdc_handshake_array[0].inst_cdc_handshake/dest_hsdata_ff_reg[52]} \
          {i_system_wrapper/system_i/axi_hpm0_lpd_interconnect/inst/m07_nodes/m07_r_node/inst/inst_mi_handler/gen_normal_area.inst_fifo_node_payld/gen_reg_fifo_async.inst_reg_fifo_async/gen_xpm_cdc_handshake_array[0].inst_cdc_handshake/dest_hsdata_ff_reg[51]} \
          {i_system_wrapper/system_i/axi_hpm0_lpd_interconnect/inst/m07_nodes/m07_r_node/inst/inst_mi_handler/gen_normal_area.inst_fifo_node_payld/gen_reg_fifo_async.inst_reg_fifo_async/gen_xpm_cdc_handshake_array[0].inst_cdc_handshake/dest_hsdata_ff_reg[50]} \
          {i_system_wrapper/system_i/axi_hpm0_lpd_interconnect/inst/m07_nodes/m07_r_node/inst/inst_mi_handler/gen_normal_area.inst_fifo_node_payld/gen_reg_fifo_async.inst_reg_fifo_async/gen_xpm_cdc_handshake_array[0].inst_cdc_handshake/dest_hsdata_ff_reg[45]} \
          {i_system_wrapper/system_i/axi_hpm0_lpd_interconnect/inst/m07_nodes/m07_r_node/inst/inst_mi_handler/gen_normal_area.inst_fifo_node_payld/gen_reg_fifo_async.inst_reg_fifo_async/gen_xpm_cdc_handshake_array[0].inst_cdc_handshake/dest_hsdata_ff_reg[18]} \
          {i_system_wrapper/system_i/axi_hpm0_lpd_interconnect/inst/m07_nodes/m07_r_node/inst/inst_mi_handler/gen_normal_area.inst_fifo_node_payld/gen_reg_fifo_async.inst_reg_fifo_async/gen_xpm_cdc_handshake_array[0].inst_cdc_handshake/dest_hsdata_ff_reg[19]} \
          {i_system_wrapper/system_i/axi_hpm0_lpd_interconnect/inst/m07_nodes/m07_r_node/inst/inst_mi_handler/gen_normal_area.inst_fifo_node_payld/gen_reg_fifo_async.inst_reg_fifo_async/gen_xpm_cdc_handshake_array[0].inst_cdc_handshake/dest_hsdata_ff_reg[49]} \
          {i_system_wrapper/system_i/axi_hpm0_lpd_interconnect/inst/m07_nodes/m07_r_node/inst/inst_mi_handler/gen_normal_area.inst_fifo_node_payld/gen_reg_fifo_async.inst_reg_fifo_async/gen_xpm_cdc_handshake_array[0].inst_cdc_handshake/dest_hsdata_ff_reg[48]} \
          {i_system_wrapper/system_i/axi_hpm0_lpd_interconnect/inst/m07_nodes/m07_r_node/inst/inst_mi_handler/gen_normal_area.inst_fifo_node_payld/gen_reg_fifo_async.inst_reg_fifo_async/gen_xpm_cdc_handshake_array[0].inst_cdc_handshake/dest_hsdata_ff_reg[21]} \
          {i_system_wrapper/system_i/axi_hpm0_lpd_interconnect/inst/m07_nodes/m07_r_node/inst/inst_mi_handler/gen_normal_area.inst_fifo_node_payld/gen_reg_fifo_async.inst_reg_fifo_async/gen_xpm_cdc_handshake_array[0].inst_cdc_handshake/dest_hsdata_ff_reg[22]} \
          {i_system_wrapper/system_i/axi_hpm0_lpd_interconnect/inst/m07_nodes/m07_r_node/inst/inst_mi_handler/gen_normal_area.inst_fifo_node_payld/gen_reg_fifo_async.inst_reg_fifo_async/gen_xpm_cdc_handshake_array[0].inst_cdc_handshake/dest_hsdata_ff_reg[23]} \
          {i_system_wrapper/system_i/axi_hpm0_lpd_interconnect/inst/m07_nodes/m07_r_node/inst/inst_mi_handler/gen_normal_area.inst_fifo_node_payld/gen_reg_fifo_async.inst_reg_fifo_async/gen_xpm_cdc_handshake_array[0].inst_cdc_handshake/dest_hsdata_ff_reg[24]} \
          {i_system_wrapper/system_i/axi_hpm0_lpd_interconnect/inst/m07_nodes/m07_r_node/inst/inst_mi_handler/gen_normal_area.inst_fifo_node_payld/gen_reg_fifo_async.inst_reg_fifo_async/gen_xpm_cdc_handshake_array[0].inst_cdc_handshake/dest_hsdata_ff_reg[25]} \
          {i_system_wrapper/system_i/axi_hpm0_lpd_interconnect/inst/m07_nodes/m07_r_node/inst/inst_mi_handler/gen_normal_area.inst_fifo_node_payld/gen_reg_fifo_async.inst_reg_fifo_async/gen_xpm_cdc_handshake_array[0].inst_cdc_handshake/dest_hsdata_ff_reg[26]} \
          {i_system_wrapper/system_i/axi_hpm0_lpd_interconnect/inst/m07_nodes/m07_r_node/inst/inst_mi_handler/gen_normal_area.inst_fifo_node_payld/gen_reg_fifo_async.inst_reg_fifo_async/gen_xpm_cdc_handshake_array[0].inst_cdc_handshake/dest_hsdata_ff_reg[27]} \
          {i_system_wrapper/system_i/axi_hpm0_lpd_interconnect/inst/m07_nodes/m07_r_node/inst/inst_mi_handler/gen_normal_area.inst_fifo_node_payld/gen_reg_fifo_async.inst_reg_fifo_async/gen_xpm_cdc_handshake_array[0].inst_cdc_handshake/dest_hsdata_ff_reg[28]} \
          {i_system_wrapper/system_i/axi_hpm0_lpd_interconnect/inst/m07_nodes/m07_r_node/inst/inst_mi_handler/gen_normal_area.inst_fifo_node_payld/gen_reg_fifo_async.inst_reg_fifo_async/gen_xpm_cdc_handshake_array[0].inst_cdc_handshake/dest_hsdata_ff_reg[29]} \
          {i_system_wrapper/system_i/axi_hpm0_lpd_interconnect/inst/m07_nodes/m07_r_node/inst/inst_mi_handler/gen_normal_area.inst_fifo_node_payld/gen_reg_fifo_async.inst_reg_fifo_async/gen_xpm_cdc_handshake_array[0].inst_cdc_handshake/dest_hsdata_ff_reg[47]} \
          {i_system_wrapper/system_i/axi_hpm0_lpd_interconnect/inst/m07_nodes/m07_r_node/inst/inst_mi_handler/gen_normal_area.inst_fifo_node_payld/gen_reg_fifo_async.inst_reg_fifo_async/gen_xpm_cdc_handshake_array[0].inst_cdc_handshake/dest_hsdata_ff_reg[30]} \
          {i_system_wrapper/system_i/axi_hpm0_lpd_interconnect/inst/m07_nodes/m07_r_node/inst/inst_mi_handler/gen_normal_area.inst_fifo_node_payld/gen_reg_fifo_async.inst_reg_fifo_async/gen_xpm_cdc_handshake_array[0].inst_cdc_handshake/dest_hsdata_ff_reg[31]} \
          {i_system_wrapper/system_i/axi_hpm0_lpd_interconnect/inst/m07_nodes/m07_r_node/inst/inst_mi_handler/gen_normal_area.inst_fifo_node_payld/gen_reg_fifo_async.inst_reg_fifo_async/gen_xpm_cdc_handshake_array[0].inst_cdc_handshake/dest_hsdata_ff_reg[32]} \
          {i_system_wrapper/system_i/axi_hpm0_lpd_interconnect/inst/m07_nodes/m07_r_node/inst/inst_mi_handler/gen_normal_area.inst_fifo_node_payld/gen_reg_fifo_async.inst_reg_fifo_async/gen_xpm_cdc_handshake_array[0].inst_cdc_handshake/dest_hsdata_ff_reg[33]} \
          {i_system_wrapper/system_i/axi_hpm0_lpd_interconnect/inst/m07_nodes/m07_r_node/inst/inst_mi_handler/gen_normal_area.inst_fifo_node_payld/gen_reg_fifo_async.inst_reg_fifo_async/gen_xpm_cdc_handshake_array[0].inst_cdc_handshake/dest_hsdata_ff_reg[34]} \
          {i_system_wrapper/system_i/axi_hpm0_lpd_interconnect/inst/m07_nodes/m07_r_node/inst/inst_mi_handler/gen_normal_area.inst_fifo_node_payld/gen_reg_fifo_async.inst_reg_fifo_async/gen_xpm_cdc_handshake_array[0].inst_cdc_handshake/dest_hsdata_ff_reg[35]} \
          {i_system_wrapper/system_i/axi_hpm0_lpd_interconnect/inst/m07_nodes/m07_r_node/inst/inst_mi_handler/gen_normal_area.inst_fifo_node_payld/gen_reg_fifo_async.inst_reg_fifo_async/gen_xpm_cdc_handshake_array[0].inst_cdc_handshake/dest_hsdata_ff_reg[36]} \
          {i_system_wrapper/system_i/axi_hpm0_lpd_interconnect/inst/m07_nodes/m07_r_node/inst/inst_mi_handler/gen_normal_area.inst_fifo_node_payld/gen_reg_fifo_async.inst_reg_fifo_async/gen_xpm_cdc_handshake_array[0].inst_cdc_handshake/dest_hsdata_ff_reg[37]} \
          {i_system_wrapper/system_i/axi_hpm0_lpd_interconnect/inst/m07_nodes/m07_r_node/inst/inst_mi_handler/gen_normal_area.inst_fifo_node_payld/gen_reg_fifo_async.inst_reg_fifo_async/gen_xpm_cdc_handshake_array[0].inst_cdc_handshake/dest_hsdata_ff_reg[38]} \
          {i_system_wrapper/system_i/axi_hpm0_lpd_interconnect/inst/m07_nodes/m07_r_node/inst/inst_mi_handler/gen_normal_area.inst_fifo_node_payld/gen_reg_fifo_async.inst_reg_fifo_async/gen_xpm_cdc_handshake_array[0].inst_cdc_handshake/dest_hsdata_ff_reg[39]} \
          {i_system_wrapper/system_i/axi_hpm0_lpd_interconnect/inst/m07_nodes/m07_r_node/inst/inst_mi_handler/gen_normal_area.inst_fifo_node_payld/gen_reg_fifo_async.inst_reg_fifo_async/gen_xpm_cdc_handshake_array[0].inst_cdc_handshake/dest_hsdata_ff_reg[46]}]] 30.000
Requirement: 30.000ns
Endpoints: 34

From Clock            To Clock              Endpoint Pin                    Reference Pin                   Corner  Actual(ns)  Slack(ns)
--------------------  --------------------  ------------------------------  ------------------------------  ------  ----------  ---------
axi_adrv9001_dac_1_clk
                      clk_pl_0              i_system_wrapper/system_i/axi_hpm0_lpd_interconnect/inst/m07_nodes/m07_r_node/inst/inst_mi_handler/gen_normal_area.inst_fifo_node_payld/gen_reg_fifo_async.inst_reg_fifo_async/gen_xpm_cdc_handshake_array[0].inst_cdc_handshake/dest_hsdata_ff_reg[47]/D
                                                                            i_system_wrapper/system_i/axi_hpm0_lpd_interconnect/inst/m07_nodes/m07_r_node/inst/inst_mi_handler/gen_normal_area.inst_fifo_node_payld/gen_reg_fifo_async.inst_reg_fifo_async/gen_xpm_cdc_handshake_array[0].inst_cdc_handshake/dest_hsdata_ff_reg[37]/D
                                                                                                            Slow         0.753     29.247


Slack (MET) :             29.247ns  (requirement - actual skew)
  Endpoint Source:        <hidden>
                            (rising edge-triggered cell FDRE clocked by axi_adrv9001_dac_1_clk)
  Endpoint Destination:   <hidden>
                            (rising edge-triggered cell FDRE clocked by clk_pl_0)
  Reference Source:       <hidden>
                            (rising edge-triggered cell FDRE clocked by axi_adrv9001_dac_1_clk)
  Reference Destination:  <hidden>
                            (rising edge-triggered cell FDRE clocked by clk_pl_0)
  Path Type:              Bus Skew (Max at Slow Process Corner)
  Requirement:            30.000ns
  Endpoint Relative Delay:    1.925ns
  Reference Relative Delay:   0.700ns
  Relative CRPR:              0.473ns
  Actual Bus Skew:            0.753ns  (Endpoint Relative Delay - Reference Relative Delay - Relative CRPR)

Endpoint path:
    Location             Delay type                Incr(ns)  Path(ns)    Netlist Resource(s)
  -------------------------------------------------------------------    -------------------
                         (clock axi_adrv9001_dac_1_clk rise edge)
                                                      0.000     0.000 r  
    N4                                                0.000     0.000 r  tx1_dclk_in_p (IN)
                         net (fo=0)                   0.100     0.100    i_system_wrapper/system_i/axi_adrv9001/inst/i_if/i_tx_1_phy/i_dac_clk_in_ibuf/I
    HPIOBDIFFINBUF_X0Y37 DIFFINBUF (Prop_DIFFINBUF_HPIOBDIFFINBUF_DIFF_IN_P_O)
                                                      0.607     0.707 r  i_system_wrapper/system_i/axi_adrv9001/inst/i_if/i_tx_1_phy/i_dac_clk_in_ibuf/DIFFINBUF_INST/O
                         net (fo=1, routed)           0.050     0.757    i_system_wrapper/system_i/axi_adrv9001/inst/i_if/i_tx_1_phy/i_dac_clk_in_ibuf/OUT
    N4                   IBUFCTRL (Prop_IBUFCTRL_HPIOB_M_I_O)
                                                      0.000     0.757 r  i_system_wrapper/system_i/axi_adrv9001/inst/i_if/i_tx_1_phy/i_dac_clk_in_ibuf/IBUFCTRL_INST/O
                         net (fo=2, routed)           0.318     1.075    i_system_wrapper/system_i/axi_adrv9001/inst/i_if/i_tx_1_phy/tx_dclk_in_s
    BUFGCE_DIV_X0Y4      BUFGCE_DIV (Prop_BUFGCE_DIV_I_O)
                                                      0.152     1.227 r  i_system_wrapper/system_i/axi_adrv9001/inst/i_if/i_tx_1_phy/i_dac_div_clk_rbuf/O
    X0Y1 (CLOCK_ROOT)    net (fo=25913, routed)       1.788     3.015    <hidden>
    SLICE_X10Y99         FDRE                                         r  <hidden>
  -------------------------------------------------------------------    -------------------
    SLICE_X10Y99         FDRE (Prop_EFF_SLICEL_C_Q)
                                                      0.079     3.094 r  <hidden>
                         net (fo=1, routed)           0.548     3.642    <hidden>
    SLICE_X12Y95         FDRE                                         r  <hidden>
  -------------------------------------------------------------------    -------------------

                         (clock clk_pl_0 rise edge)
                                                      0.000     0.000 r  
    PS8_X0Y0             PS8                          0.000     0.000 r  i_system_wrapper/system_i/sys_ps8/inst/PS8_i/PLCLK[0]
                         net (fo=1, routed)           0.135     0.135    i_system_wrapper/system_i/sys_ps8/inst/pl_clk_unbuffered[0]
    BUFG_PS_X0Y60        BUFG_PS (Prop_BUFG_PS_I_O)
                                                      0.025     0.160 r  i_system_wrapper/system_i/sys_ps8/inst/buffer_pl_clk_0.PL_CLK_0_BUFG/O
    X0Y1 (CLOCK_ROOT)    net (fo=11084, routed)       1.532     1.692    <hidden>
    SLICE_X12Y95         FDRE                                         r  <hidden>
                         clock pessimism              0.000     1.692    
    SLICE_X12Y95         FDRE (Setup_BFF2_SLICEL_C_D)
                                                      0.025     1.717    <hidden>
  -------------------------------------------------------------------
                         data arrival                           3.642    
                         clock arrival                          1.717    
  -------------------------------------------------------------------
                         relative delay                         1.925    

Reference path:
    Location             Delay type                Incr(ns)  Path(ns)    Netlist Resource(s)
  -------------------------------------------------------------------    -------------------
                         (clock axi_adrv9001_dac_1_clk rise edge)
                                                      0.000     0.000 r  
    N4                                                0.000     0.000 r  tx1_dclk_in_p (IN)
                         net (fo=0)                   0.079     0.079    i_system_wrapper/system_i/axi_adrv9001/inst/i_if/i_tx_1_phy/i_dac_clk_in_ibuf/I
    HPIOBDIFFINBUF_X0Y37 DIFFINBUF (Prop_DIFFINBUF_HPIOBDIFFINBUF_DIFF_IN_P_O)
                                                      0.498     0.577 r  i_system_wrapper/system_i/axi_adrv9001/inst/i_if/i_tx_1_phy/i_dac_clk_in_ibuf/DIFFINBUF_INST/O
                         net (fo=1, routed)           0.040     0.617    i_system_wrapper/system_i/axi_adrv9001/inst/i_if/i_tx_1_phy/i_dac_clk_in_ibuf/OUT
    N4                   IBUFCTRL (Prop_IBUFCTRL_HPIOB_M_I_O)
                                                      0.000     0.617 r  i_system_wrapper/system_i/axi_adrv9001/inst/i_if/i_tx_1_phy/i_dac_clk_in_ibuf/IBUFCTRL_INST/O
                         net (fo=2, routed)           0.281     0.898    i_system_wrapper/system_i/axi_adrv9001/inst/i_if/i_tx_1_phy/tx_dclk_in_s
    BUFGCE_DIV_X0Y4      BUFGCE_DIV (Prop_BUFGCE_DIV_I_O)
                                                      0.132     1.030 r  i_system_wrapper/system_i/axi_adrv9001/inst/i_if/i_tx_1_phy/i_dac_div_clk_rbuf/O
    X0Y1 (CLOCK_ROOT)    net (fo=25913, routed)       1.551     2.581    <hidden>
    SLICE_X12Y91         FDRE                                         r  <hidden>
  -------------------------------------------------------------------    -------------------
    SLICE_X12Y91         FDRE (Prop_CFF_SLICEL_C_Q)
                                                      0.058     2.639 r  <hidden>
                         net (fo=1, routed)           0.078     2.717    <hidden>
    SLICE_X10Y91         FDRE                                         r  <hidden>
  -------------------------------------------------------------------    -------------------

                         (clock clk_pl_0 rise edge)
                                                      0.000     0.000 r  
    PS8_X0Y0             PS8                          0.000     0.000 r  i_system_wrapper/system_i/sys_ps8/inst/PS8_i/PLCLK[0]
                         net (fo=1, routed)           0.171     0.171    i_system_wrapper/system_i/sys_ps8/inst/pl_clk_unbuffered[0]
    BUFG_PS_X0Y60        BUFG_PS (Prop_BUFG_PS_I_O)
                                                      0.028     0.199 r  i_system_wrapper/system_i/sys_ps8/inst/buffer_pl_clk_0.PL_CLK_0_BUFG/O
    X0Y1 (CLOCK_ROOT)    net (fo=11084, routed)       1.756     1.955    <hidden>
    SLICE_X10Y91         FDRE                                         r  <hidden>
                         clock pessimism              0.000     1.955    
    SLICE_X10Y91         FDRE (Hold_CFF2_SLICEL_C_D)
                                                      0.062     2.017    <hidden>
  -------------------------------------------------------------------
                         data arrival                           2.717    
                         clock arrival                          2.017    
  -------------------------------------------------------------------
                         relative delay                         0.700    



Id: 3
set_bus_skew -from [get_cells [list {i_system_wrapper/system_i/axi_hpm0_lpd_interconnect/inst/m07_nodes/m07_w_node/inst/inst_mi_handler/gen_normal_area.inst_fifo_node_payld/gen_reg_fifo_async.inst_reg_fifo_async/gen_xpm_cdc_handshake_array[0].inst_cdc_handshake/src_hsdata_ff_reg[50]} \
          {i_system_wrapper/system_i/axi_hpm0_lpd_interconnect/inst/m07_nodes/m07_w_node/inst/inst_mi_handler/gen_normal_area.inst_fifo_node_payld/gen_reg_fifo_async.inst_reg_fifo_async/gen_xpm_cdc_handshake_array[0].inst_cdc_handshake/src_hsdata_ff_reg[51]} \
          {i_system_wrapper/system_i/axi_hpm0_lpd_interconnect/inst/m07_nodes/m07_w_node/inst/inst_mi_handler/gen_normal_area.inst_fifo_node_payld/gen_reg_fifo_async.inst_reg_fifo_async/gen_xpm_cdc_handshake_array[0].inst_cdc_handshake/src_hsdata_ff_reg[60]} \
          {i_system_wrapper/system_i/axi_hpm0_lpd_interconnect/inst/m07_nodes/m07_w_node/inst/inst_mi_handler/gen_normal_area.inst_fifo_node_payld/gen_reg_fifo_async.inst_reg_fifo_async/gen_xpm_cdc_handshake_array[0].inst_cdc_handshake/src_hsdata_ff_reg[59]} \
          {i_system_wrapper/system_i/axi_hpm0_lpd_interconnect/inst/m07_nodes/m07_w_node/inst/inst_mi_handler/gen_normal_area.inst_fifo_node_payld/gen_reg_fifo_async.inst_reg_fifo_async/gen_xpm_cdc_handshake_array[0].inst_cdc_handshake/src_hsdata_ff_reg[58]} \
          {i_system_wrapper/system_i/axi_hpm0_lpd_interconnect/inst/m07_nodes/m07_w_node/inst/inst_mi_handler/gen_normal_area.inst_fifo_node_payld/gen_reg_fifo_async.inst_reg_fifo_async/gen_xpm_cdc_handshake_array[0].inst_cdc_handshake/src_hsdata_ff_reg[57]} \
          {i_system_wrapper/system_i/axi_hpm0_lpd_interconnect/inst/m07_nodes/m07_w_node/inst/inst_mi_handler/gen_normal_area.inst_fifo_node_payld/gen_reg_fifo_async.inst_reg_fifo_async/gen_xpm_cdc_handshake_array[0].inst_cdc_handshake/src_hsdata_ff_reg[56]} \
          {i_system_wrapper/system_i/axi_hpm0_lpd_interconnect/inst/m07_nodes/m07_w_node/inst/inst_mi_handler/gen_normal_area.inst_fifo_node_payld/gen_reg_fifo_async.inst_reg_fifo_async/gen_xpm_cdc_handshake_array[0].inst_cdc_handshake/src_hsdata_ff_reg[55]} \
          {i_system_wrapper/system_i/axi_hpm0_lpd_interconnect/inst/m07_nodes/m07_w_node/inst/inst_mi_handler/gen_normal_area.inst_fifo_node_payld/gen_reg_fifo_async.inst_reg_fifo_async/gen_xpm_cdc_handshake_array[0].inst_cdc_handshake/src_hsdata_ff_reg[54]} \
          {i_system_wrapper/system_i/axi_hpm0_lpd_interconnect/inst/m07_nodes/m07_w_node/inst/inst_mi_handler/gen_normal_area.inst_fifo_node_payld/gen_reg_fifo_async.inst_reg_fifo_async/gen_xpm_cdc_handshake_array[0].inst_cdc_handshake/src_hsdata_ff_reg[53]} \
          {i_system_wrapper/system_i/axi_hpm0_lpd_interconnect/inst/m07_nodes/m07_w_node/inst/inst_mi_handler/gen_normal_area.inst_fifo_node_payld/gen_reg_fifo_async.inst_reg_fifo_async/gen_xpm_cdc_handshake_array[0].inst_cdc_handshake/src_hsdata_ff_reg[52]} \
          {i_system_wrapper/system_i/axi_hpm0_lpd_interconnect/inst/m07_nodes/m07_w_node/inst/inst_mi_handler/gen_normal_area.inst_fifo_node_payld/gen_reg_fifo_async.inst_reg_fifo_async/gen_xpm_cdc_handshake_array[0].inst_cdc_handshake/src_hsdata_ff_reg[25]} \
          {i_system_wrapper/system_i/axi_hpm0_lpd_interconnect/inst/m07_nodes/m07_w_node/inst/inst_mi_handler/gen_normal_area.inst_fifo_node_payld/gen_reg_fifo_async.inst_reg_fifo_async/gen_xpm_cdc_handshake_array[0].inst_cdc_handshake/src_hsdata_ff_reg[26]} \
          {i_system_wrapper/system_i/axi_hpm0_lpd_interconnect/inst/m07_nodes/m07_w_node/inst/inst_mi_handler/gen_normal_area.inst_fifo_node_payld/gen_reg_fifo_async.inst_reg_fifo_async/gen_xpm_cdc_handshake_array[0].inst_cdc_handshake/src_hsdata_ff_reg[27]} \
          {i_system_wrapper/system_i/axi_hpm0_lpd_interconnect/inst/m07_nodes/m07_w_node/inst/inst_mi_handler/gen_normal_area.inst_fifo_node_payld/gen_reg_fifo_async.inst_reg_fifo_async/gen_xpm_cdc_handshake_array[0].inst_cdc_handshake/src_hsdata_ff_reg[28]} \
          {i_system_wrapper/system_i/axi_hpm0_lpd_interconnect/inst/m07_nodes/m07_w_node/inst/inst_mi_handler/gen_normal_area.inst_fifo_node_payld/gen_reg_fifo_async.inst_reg_fifo_async/gen_xpm_cdc_handshake_array[0].inst_cdc_handshake/src_hsdata_ff_reg[29]} \
          {i_system_wrapper/system_i/axi_hpm0_lpd_interconnect/inst/m07_nodes/m07_w_node/inst/inst_mi_handler/gen_normal_area.inst_fifo_node_payld/gen_reg_fifo_async.inst_reg_fifo_async/gen_xpm_cdc_handshake_array[0].inst_cdc_handshake/src_hsdata_ff_reg[30]} \
          {i_system_wrapper/system_i/axi_hpm0_lpd_interconnect/inst/m07_nodes/m07_w_node/inst/inst_mi_handler/gen_normal_area.inst_fifo_node_payld/gen_reg_fifo_async.inst_reg_fifo_async/gen_xpm_cdc_handshake_array[0].inst_cdc_handshake/src_hsdata_ff_reg[31]} \
          {i_system_wrapper/system_i/axi_hpm0_lpd_interconnect/inst/m07_nodes/m07_w_node/inst/inst_mi_handler/gen_normal_area.inst_fifo_node_payld/gen_reg_fifo_async.inst_reg_fifo_async/gen_xpm_cdc_handshake_array[0].inst_cdc_handshake/src_hsdata_ff_reg[32]} \
          {i_system_wrapper/system_i/axi_hpm0_lpd_interconnect/inst/m07_nodes/m07_w_node/inst/inst_mi_handler/gen_normal_area.inst_fifo_node_payld/gen_reg_fifo_async.inst_reg_fifo_async/gen_xpm_cdc_handshake_array[0].inst_cdc_handshake/src_hsdata_ff_reg[33]} \
          {i_system_wrapper/system_i/axi_hpm0_lpd_interconnect/inst/m07_nodes/m07_w_node/inst/inst_mi_handler/gen_normal_area.inst_fifo_node_payld/gen_reg_fifo_async.inst_reg_fifo_async/gen_xpm_cdc_handshake_array[0].inst_cdc_handshake/src_hsdata_ff_reg[34]} \
          {i_system_wrapper/system_i/axi_hpm0_lpd_interconnect/inst/m07_nodes/m07_w_node/inst/inst_mi_handler/gen_normal_area.inst_fifo_node_payld/gen_reg_fifo_async.inst_reg_fifo_async/gen_xpm_cdc_handshake_array[0].inst_cdc_handshake/src_hsdata_ff_reg[35]} \
          {i_system_wrapper/system_i/axi_hpm0_lpd_interconnect/inst/m07_nodes/m07_w_node/inst/inst_mi_handler/gen_normal_area.inst_fifo_node_payld/gen_reg_fifo_async.inst_reg_fifo_async/gen_xpm_cdc_handshake_array[0].inst_cdc_handshake/src_hsdata_ff_reg[36]} \
          {i_system_wrapper/system_i/axi_hpm0_lpd_interconnect/inst/m07_nodes/m07_w_node/inst/inst_mi_handler/gen_normal_area.inst_fifo_node_payld/gen_reg_fifo_async.inst_reg_fifo_async/gen_xpm_cdc_handshake_array[0].inst_cdc_handshake/src_hsdata_ff_reg[37]} \
          {i_system_wrapper/system_i/axi_hpm0_lpd_interconnect/inst/m07_nodes/m07_w_node/inst/inst_mi_handler/gen_normal_area.inst_fifo_node_payld/gen_reg_fifo_async.inst_reg_fifo_async/gen_xpm_cdc_handshake_array[0].inst_cdc_handshake/src_hsdata_ff_reg[38]} \
          {i_system_wrapper/system_i/axi_hpm0_lpd_interconnect/inst/m07_nodes/m07_w_node/inst/inst_mi_handler/gen_normal_area.inst_fifo_node_payld/gen_reg_fifo_async.inst_reg_fifo_async/gen_xpm_cdc_handshake_array[0].inst_cdc_handshake/src_hsdata_ff_reg[39]} \
          {i_system_wrapper/system_i/axi_hpm0_lpd_interconnect/inst/m07_nodes/m07_w_node/inst/inst_mi_handler/gen_normal_area.inst_fifo_node_payld/gen_reg_fifo_async.inst_reg_fifo_async/gen_xpm_cdc_handshake_array[0].inst_cdc_handshake/src_hsdata_ff_reg[40]} \
          {i_system_wrapper/system_i/axi_hpm0_lpd_interconnect/inst/m07_nodes/m07_w_node/inst/inst_mi_handler/gen_normal_area.inst_fifo_node_payld/gen_reg_fifo_async.inst_reg_fifo_async/gen_xpm_cdc_handshake_array[0].inst_cdc_handshake/src_hsdata_ff_reg[41]} \
          {i_system_wrapper/system_i/axi_hpm0_lpd_interconnect/inst/m07_nodes/m07_w_node/inst/inst_mi_handler/gen_normal_area.inst_fifo_node_payld/gen_reg_fifo_async.inst_reg_fifo_async/gen_xpm_cdc_handshake_array[0].inst_cdc_handshake/src_hsdata_ff_reg[42]} \
          {i_system_wrapper/system_i/axi_hpm0_lpd_interconnect/inst/m07_nodes/m07_w_node/inst/inst_mi_handler/gen_normal_area.inst_fifo_node_payld/gen_reg_fifo_async.inst_reg_fifo_async/gen_xpm_cdc_handshake_array[0].inst_cdc_handshake/src_hsdata_ff_reg[43]} \
          {i_system_wrapper/system_i/axi_hpm0_lpd_interconnect/inst/m07_nodes/m07_w_node/inst/inst_mi_handler/gen_normal_area.inst_fifo_node_payld/gen_reg_fifo_async.inst_reg_fifo_async/gen_xpm_cdc_handshake_array[0].inst_cdc_handshake/src_hsdata_ff_reg[44]} \
          {i_system_wrapper/system_i/axi_hpm0_lpd_interconnect/inst/m07_nodes/m07_w_node/inst/inst_mi_handler/gen_normal_area.inst_fifo_node_payld/gen_reg_fifo_async.inst_reg_fifo_async/gen_xpm_cdc_handshake_array[0].inst_cdc_handshake/src_hsdata_ff_reg[45]} \
          {i_system_wrapper/system_i/axi_hpm0_lpd_interconnect/inst/m07_nodes/m07_w_node/inst/inst_mi_handler/gen_normal_area.inst_fifo_node_payld/gen_reg_fifo_async.inst_reg_fifo_async/gen_xpm_cdc_handshake_array[0].inst_cdc_handshake/src_hsdata_ff_reg[46]} \
          {i_system_wrapper/system_i/axi_hpm0_lpd_interconnect/inst/m07_nodes/m07_w_node/inst/inst_mi_handler/gen_normal_area.inst_fifo_node_payld/gen_reg_fifo_async.inst_reg_fifo_async/gen_xpm_cdc_handshake_array[0].inst_cdc_handshake/src_hsdata_ff_reg[47]} \
          {i_system_wrapper/system_i/axi_hpm0_lpd_interconnect/inst/m07_nodes/m07_w_node/inst/inst_mi_handler/gen_normal_area.inst_fifo_node_payld/gen_reg_fifo_async.inst_reg_fifo_async/gen_xpm_cdc_handshake_array[0].inst_cdc_handshake/src_hsdata_ff_reg[48]} \
          {i_system_wrapper/system_i/axi_hpm0_lpd_interconnect/inst/m07_nodes/m07_w_node/inst/inst_mi_handler/gen_normal_area.inst_fifo_node_payld/gen_reg_fifo_async.inst_reg_fifo_async/gen_xpm_cdc_handshake_array[0].inst_cdc_handshake/src_hsdata_ff_reg[49]}]] -to [get_cells [list {i_system_wrapper/system_i/axi_hpm0_lpd_interconnect/inst/m07_nodes/m07_w_node/inst/inst_mi_handler/gen_normal_area.inst_fifo_node_payld/gen_reg_fifo_async.inst_reg_fifo_async/gen_xpm_cdc_handshake_array[0].inst_cdc_handshake/dest_hsdata_ff_reg[42]} \
          {i_system_wrapper/system_i/axi_hpm0_lpd_interconnect/inst/m07_nodes/m07_w_node/inst/inst_mi_handler/gen_normal_area.inst_fifo_node_payld/gen_reg_fifo_async.inst_reg_fifo_async/gen_xpm_cdc_handshake_array[0].inst_cdc_handshake/dest_hsdata_ff_reg[43]} \
          {i_system_wrapper/system_i/axi_hpm0_lpd_interconnect/inst/m07_nodes/m07_w_node/inst/inst_mi_handler/gen_normal_area.inst_fifo_node_payld/gen_reg_fifo_async.inst_reg_fifo_async/gen_xpm_cdc_handshake_array[0].inst_cdc_handshake/dest_hsdata_ff_reg[44]} \
          {i_system_wrapper/system_i/axi_hpm0_lpd_interconnect/inst/m07_nodes/m07_w_node/inst/inst_mi_handler/gen_normal_area.inst_fifo_node_payld/gen_reg_fifo_async.inst_reg_fifo_async/gen_xpm_cdc_handshake_array[0].inst_cdc_handshake/dest_hsdata_ff_reg[45]} \
          {i_system_wrapper/system_i/axi_hpm0_lpd_interconnect/inst/m07_nodes/m07_w_node/inst/inst_mi_handler/gen_normal_area.inst_fifo_node_payld/gen_reg_fifo_async.inst_reg_fifo_async/gen_xpm_cdc_handshake_array[0].inst_cdc_handshake/dest_hsdata_ff_reg[46]} \
          {i_system_wrapper/system_i/axi_hpm0_lpd_interconnect/inst/m07_nodes/m07_w_node/inst/inst_mi_handler/gen_normal_area.inst_fifo_node_payld/gen_reg_fifo_async.inst_reg_fifo_async/gen_xpm_cdc_handshake_array[0].inst_cdc_handshake/dest_hsdata_ff_reg[47]} \
          {i_system_wrapper/system_i/axi_hpm0_lpd_interconnect/inst/m07_nodes/m07_w_node/inst/inst_mi_handler/gen_normal_area.inst_fifo_node_payld/gen_reg_fifo_async.inst_reg_fifo_async/gen_xpm_cdc_handshake_array[0].inst_cdc_handshake/dest_hsdata_ff_reg[48]} \
          {i_system_wrapper/system_i/axi_hpm0_lpd_interconnect/inst/m07_nodes/m07_w_node/inst/inst_mi_handler/gen_normal_area.inst_fifo_node_payld/gen_reg_fifo_async.inst_reg_fifo_async/gen_xpm_cdc_handshake_array[0].inst_cdc_handshake/dest_hsdata_ff_reg[49]} \
          {i_system_wrapper/system_i/axi_hpm0_lpd_interconnect/inst/m07_nodes/m07_w_node/inst/inst_mi_handler/gen_normal_area.inst_fifo_node_payld/gen_reg_fifo_async.inst_reg_fifo_async/gen_xpm_cdc_handshake_array[0].inst_cdc_handshake/dest_hsdata_ff_reg[60]} \
          {i_system_wrapper/system_i/axi_hpm0_lpd_interconnect/inst/m07_nodes/m07_w_node/inst/inst_mi_handler/gen_normal_area.inst_fifo_node_payld/gen_reg_fifo_async.inst_reg_fifo_async/gen_xpm_cdc_handshake_array[0].inst_cdc_handshake/dest_hsdata_ff_reg[50]} \
          {i_system_wrapper/system_i/axi_hpm0_lpd_interconnect/inst/m07_nodes/m07_w_node/inst/inst_mi_handler/gen_normal_area.inst_fifo_node_payld/gen_reg_fifo_async.inst_reg_fifo_async/gen_xpm_cdc_handshake_array[0].inst_cdc_handshake/dest_hsdata_ff_reg[51]} \
          {i_system_wrapper/system_i/axi_hpm0_lpd_interconnect/inst/m07_nodes/m07_w_node/inst/inst_mi_handler/gen_normal_area.inst_fifo_node_payld/gen_reg_fifo_async.inst_reg_fifo_async/gen_xpm_cdc_handshake_array[0].inst_cdc_handshake/dest_hsdata_ff_reg[52]} \
          {i_system_wrapper/system_i/axi_hpm0_lpd_interconnect/inst/m07_nodes/m07_w_node/inst/inst_mi_handler/gen_normal_area.inst_fifo_node_payld/gen_reg_fifo_async.inst_reg_fifo_async/gen_xpm_cdc_handshake_array[0].inst_cdc_handshake/dest_hsdata_ff_reg[53]} \
          {i_system_wrapper/system_i/axi_hpm0_lpd_interconnect/inst/m07_nodes/m07_w_node/inst/inst_mi_handler/gen_normal_area.inst_fifo_node_payld/gen_reg_fifo_async.inst_reg_fifo_async/gen_xpm_cdc_handshake_array[0].inst_cdc_handshake/dest_hsdata_ff_reg[54]} \
          {i_system_wrapper/system_i/axi_hpm0_lpd_interconnect/inst/m07_nodes/m07_w_node/inst/inst_mi_handler/gen_normal_area.inst_fifo_node_payld/gen_reg_fifo_async.inst_reg_fifo_async/gen_xpm_cdc_handshake_array[0].inst_cdc_handshake/dest_hsdata_ff_reg[55]} \
          {i_system_wrapper/system_i/axi_hpm0_lpd_interconnect/inst/m07_nodes/m07_w_node/inst/inst_mi_handler/gen_normal_area.inst_fifo_node_payld/gen_reg_fifo_async.inst_reg_fifo_async/gen_xpm_cdc_handshake_array[0].inst_cdc_handshake/dest_hsdata_ff_reg[56]} \
          {i_system_wrapper/system_i/axi_hpm0_lpd_interconnect/inst/m07_nodes/m07_w_node/inst/inst_mi_handler/gen_normal_area.inst_fifo_node_payld/gen_reg_fifo_async.inst_reg_fifo_async/gen_xpm_cdc_handshake_array[0].inst_cdc_handshake/dest_hsdata_ff_reg[57]} \
          {i_system_wrapper/system_i/axi_hpm0_lpd_interconnect/inst/m07_nodes/m07_w_node/inst/inst_mi_handler/gen_normal_area.inst_fifo_node_payld/gen_reg_fifo_async.inst_reg_fifo_async/gen_xpm_cdc_handshake_array[0].inst_cdc_handshake/dest_hsdata_ff_reg[25]} \
          {i_system_wrapper/system_i/axi_hpm0_lpd_interconnect/inst/m07_nodes/m07_w_node/inst/inst_mi_handler/gen_normal_area.inst_fifo_node_payld/gen_reg_fifo_async.inst_reg_fifo_async/gen_xpm_cdc_handshake_array[0].inst_cdc_handshake/dest_hsdata_ff_reg[26]} \
          {i_system_wrapper/system_i/axi_hpm0_lpd_interconnect/inst/m07_nodes/m07_w_node/inst/inst_mi_handler/gen_normal_area.inst_fifo_node_payld/gen_reg_fifo_async.inst_reg_fifo_async/gen_xpm_cdc_handshake_array[0].inst_cdc_handshake/dest_hsdata_ff_reg[27]} \
          {i_system_wrapper/system_i/axi_hpm0_lpd_interconnect/inst/m07_nodes/m07_w_node/inst/inst_mi_handler/gen_normal_area.inst_fifo_node_payld/gen_reg_fifo_async.inst_reg_fifo_async/gen_xpm_cdc_handshake_array[0].inst_cdc_handshake/dest_hsdata_ff_reg[28]} \
          {i_system_wrapper/system_i/axi_hpm0_lpd_interconnect/inst/m07_nodes/m07_w_node/inst/inst_mi_handler/gen_normal_area.inst_fifo_node_payld/gen_reg_fifo_async.inst_reg_fifo_async/gen_xpm_cdc_handshake_array[0].inst_cdc_handshake/dest_hsdata_ff_reg[29]} \
          {i_system_wrapper/system_i/axi_hpm0_lpd_interconnect/inst/m07_nodes/m07_w_node/inst/inst_mi_handler/gen_normal_area.inst_fifo_node_payld/gen_reg_fifo_async.inst_reg_fifo_async/gen_xpm_cdc_handshake_array[0].inst_cdc_handshake/dest_hsdata_ff_reg[58]} \
          {i_system_wrapper/system_i/axi_hpm0_lpd_interconnect/inst/m07_nodes/m07_w_node/inst/inst_mi_handler/gen_normal_area.inst_fifo_node_payld/gen_reg_fifo_async.inst_reg_fifo_async/gen_xpm_cdc_handshake_array[0].inst_cdc_handshake/dest_hsdata_ff_reg[30]} \
          {i_system_wrapper/system_i/axi_hpm0_lpd_interconnect/inst/m07_nodes/m07_w_node/inst/inst_mi_handler/gen_normal_area.inst_fifo_node_payld/gen_reg_fifo_async.inst_reg_fifo_async/gen_xpm_cdc_handshake_array[0].inst_cdc_handshake/dest_hsdata_ff_reg[31]} \
          {i_system_wrapper/system_i/axi_hpm0_lpd_interconnect/inst/m07_nodes/m07_w_node/inst/inst_mi_handler/gen_normal_area.inst_fifo_node_payld/gen_reg_fifo_async.inst_reg_fifo_async/gen_xpm_cdc_handshake_array[0].inst_cdc_handshake/dest_hsdata_ff_reg[32]} \
          {i_system_wrapper/system_i/axi_hpm0_lpd_interconnect/inst/m07_nodes/m07_w_node/inst/inst_mi_handler/gen_normal_area.inst_fifo_node_payld/gen_reg_fifo_async.inst_reg_fifo_async/gen_xpm_cdc_handshake_array[0].inst_cdc_handshake/dest_hsdata_ff_reg[33]} \
          {i_system_wrapper/system_i/axi_hpm0_lpd_interconnect/inst/m07_nodes/m07_w_node/inst/inst_mi_handler/gen_normal_area.inst_fifo_node_payld/gen_reg_fifo_async.inst_reg_fifo_async/gen_xpm_cdc_handshake_array[0].inst_cdc_handshake/dest_hsdata_ff_reg[34]} \
          {i_system_wrapper/system_i/axi_hpm0_lpd_interconnect/inst/m07_nodes/m07_w_node/inst/inst_mi_handler/gen_normal_area.inst_fifo_node_payld/gen_reg_fifo_async.inst_reg_fifo_async/gen_xpm_cdc_handshake_array[0].inst_cdc_handshake/dest_hsdata_ff_reg[35]} \
          {i_system_wrapper/system_i/axi_hpm0_lpd_interconnect/inst/m07_nodes/m07_w_node/inst/inst_mi_handler/gen_normal_area.inst_fifo_node_payld/gen_reg_fifo_async.inst_reg_fifo_async/gen_xpm_cdc_handshake_array[0].inst_cdc_handshake/dest_hsdata_ff_reg[36]} \
          {i_system_wrapper/system_i/axi_hpm0_lpd_interconnect/inst/m07_nodes/m07_w_node/inst/inst_mi_handler/gen_normal_area.inst_fifo_node_payld/gen_reg_fifo_async.inst_reg_fifo_async/gen_xpm_cdc_handshake_array[0].inst_cdc_handshake/dest_hsdata_ff_reg[37]} \
          {i_system_wrapper/system_i/axi_hpm0_lpd_interconnect/inst/m07_nodes/m07_w_node/inst/inst_mi_handler/gen_normal_area.inst_fifo_node_payld/gen_reg_fifo_async.inst_reg_fifo_async/gen_xpm_cdc_handshake_array[0].inst_cdc_handshake/dest_hsdata_ff_reg[38]} \
          {i_system_wrapper/system_i/axi_hpm0_lpd_interconnect/inst/m07_nodes/m07_w_node/inst/inst_mi_handler/gen_normal_area.inst_fifo_node_payld/gen_reg_fifo_async.inst_reg_fifo_async/gen_xpm_cdc_handshake_array[0].inst_cdc_handshake/dest_hsdata_ff_reg[39]} \
          {i_system_wrapper/system_i/axi_hpm0_lpd_interconnect/inst/m07_nodes/m07_w_node/inst/inst_mi_handler/gen_normal_area.inst_fifo_node_payld/gen_reg_fifo_async.inst_reg_fifo_async/gen_xpm_cdc_handshake_array[0].inst_cdc_handshake/dest_hsdata_ff_reg[59]} \
          {i_system_wrapper/system_i/axi_hpm0_lpd_interconnect/inst/m07_nodes/m07_w_node/inst/inst_mi_handler/gen_normal_area.inst_fifo_node_payld/gen_reg_fifo_async.inst_reg_fifo_async/gen_xpm_cdc_handshake_array[0].inst_cdc_handshake/dest_hsdata_ff_reg[40]} \
          {i_system_wrapper/system_i/axi_hpm0_lpd_interconnect/inst/m07_nodes/m07_w_node/inst/inst_mi_handler/gen_normal_area.inst_fifo_node_payld/gen_reg_fifo_async.inst_reg_fifo_async/gen_xpm_cdc_handshake_array[0].inst_cdc_handshake/dest_hsdata_ff_reg[41]}]] 24.000
Requirement: 24.000ns
Endpoints: 36

From Clock            To Clock              Endpoint Pin                    Reference Pin                   Corner  Actual(ns)  Slack(ns)
--------------------  --------------------  ------------------------------  ------------------------------  ------  ----------  ---------
clk_pl_0              axi_adrv9001_dac_1_clk
                                            i_system_wrapper/system_i/axi_hpm0_lpd_interconnect/inst/m07_nodes/m07_w_node/inst/inst_mi_handler/gen_normal_area.inst_fifo_node_payld/gen_reg_fifo_async.inst_reg_fifo_async/gen_xpm_cdc_handshake_array[0].inst_cdc_handshake/dest_hsdata_ff_reg[31]/D
                                                                            i_system_wrapper/system_i/axi_hpm0_lpd_interconnect/inst/m07_nodes/m07_w_node/inst/inst_mi_handler/gen_normal_area.inst_fifo_node_payld/gen_reg_fifo_async.inst_reg_fifo_async/gen_xpm_cdc_handshake_array[0].inst_cdc_handshake/dest_hsdata_ff_reg[45]/D
                                                                                                            Slow         0.959     23.041


Slack (MET) :             23.041ns  (requirement - actual skew)
  Endpoint Source:        <hidden>
                            (rising edge-triggered cell FDRE clocked by clk_pl_0)
  Endpoint Destination:   <hidden>
                            (rising edge-triggered cell FDRE clocked by axi_adrv9001_dac_1_clk)
  Reference Source:       <hidden>
                            (rising edge-triggered cell FDRE clocked by clk_pl_0)
  Reference Destination:  <hidden>
                            (rising edge-triggered cell FDRE clocked by axi_adrv9001_dac_1_clk)
  Path Type:              Bus Skew (Max at Slow Process Corner)
  Requirement:            24.000ns
  Endpoint Relative Delay:    0.064ns
  Reference Relative Delay:  -1.275ns
  Relative CRPR:              0.381ns
  Actual Bus Skew:            0.959ns  (Endpoint Relative Delay - Reference Relative Delay - Relative CRPR)

Endpoint path:
    Location             Delay type                Incr(ns)  Path(ns)    Netlist Resource(s)
  -------------------------------------------------------------------    -------------------
                         (clock clk_pl_0 rise edge)
                                                      0.000     0.000 r  
    PS8_X0Y0             PS8                          0.000     0.000 r  i_system_wrapper/system_i/sys_ps8/inst/PS8_i/PLCLK[0]
                         net (fo=1, routed)           0.171     0.171    i_system_wrapper/system_i/sys_ps8/inst/pl_clk_unbuffered[0]
    BUFG_PS_X0Y60        BUFG_PS (Prop_BUFG_PS_I_O)
                                                      0.028     0.199 r  i_system_wrapper/system_i/sys_ps8/inst/buffer_pl_clk_0.PL_CLK_0_BUFG/O
    X0Y1 (CLOCK_ROOT)    net (fo=11084, routed)       1.848     2.047    <hidden>
    SLICE_X38Y92         FDRE                                         r  <hidden>
  -------------------------------------------------------------------    -------------------
    SLICE_X38Y92         FDRE (Prop_AFF2_SLICEL_C_Q)
                                                      0.081     2.128 r  <hidden>
                         net (fo=1, routed)           0.698     2.826    <hidden>
    SLICE_X38Y92         FDRE                                         r  <hidden>
  -------------------------------------------------------------------    -------------------

                         (clock axi_adrv9001_dac_1_clk rise edge)
                                                      0.000     0.000 r  
    N4                                                0.000     0.000 r  tx1_dclk_in_p (IN)
                         net (fo=0)                   0.079     0.079    i_system_wrapper/system_i/axi_adrv9001/inst/i_if/i_tx_1_phy/i_dac_clk_in_ibuf/I
    HPIOBDIFFINBUF_X0Y37 DIFFINBUF (Prop_DIFFINBUF_HPIOBDIFFINBUF_DIFF_IN_P_O)
                                                      0.498     0.577 r  i_system_wrapper/system_i/axi_adrv9001/inst/i_if/i_tx_1_phy/i_dac_clk_in_ibuf/DIFFINBUF_INST/O
                         net (fo=1, routed)           0.040     0.617    i_system_wrapper/system_i/axi_adrv9001/inst/i_if/i_tx_1_phy/i_dac_clk_in_ibuf/OUT
    N4                   IBUFCTRL (Prop_IBUFCTRL_HPIOB_M_I_O)
                                                      0.000     0.617 r  i_system_wrapper/system_i/axi_adrv9001/inst/i_if/i_tx_1_phy/i_dac_clk_in_ibuf/IBUFCTRL_INST/O
                         net (fo=2, routed)           0.281     0.898    i_system_wrapper/system_i/axi_adrv9001/inst/i_if/i_tx_1_phy/tx_dclk_in_s
    BUFGCE_DIV_X0Y4      BUFGCE_DIV (Prop_BUFGCE_DIV_I_O)
                                                      0.132     1.030 r  i_system_wrapper/system_i/axi_adrv9001/inst/i_if/i_tx_1_phy/i_dac_div_clk_rbuf/O
    X0Y1 (CLOCK_ROOT)    net (fo=25913, routed)       1.707     2.737    <hidden>
    SLICE_X38Y92         FDRE                                         r  <hidden>
                         clock pessimism              0.000     2.737    
    SLICE_X38Y92         FDRE (Setup_EFF_SLICEL_C_D)
                                                      0.025     2.762    <hidden>
  -------------------------------------------------------------------
                         data arrival                           2.826    
                         clock arrival                          2.762    
  -------------------------------------------------------------------
                         relative delay                         0.064    

Reference path:
    Location             Delay type                Incr(ns)  Path(ns)    Netlist Resource(s)
  -------------------------------------------------------------------    -------------------
                         (clock clk_pl_0 rise edge)
                                                      0.000     0.000 r  
    PS8_X0Y0             PS8                          0.000     0.000 r  i_system_wrapper/system_i/sys_ps8/inst/PS8_i/PLCLK[0]
                         net (fo=1, routed)           0.135     0.135    i_system_wrapper/system_i/sys_ps8/inst/pl_clk_unbuffered[0]
    BUFG_PS_X0Y60        BUFG_PS (Prop_BUFG_PS_I_O)
                                                      0.025     0.160 r  i_system_wrapper/system_i/sys_ps8/inst/buffer_pl_clk_0.PL_CLK_0_BUFG/O
    X0Y1 (CLOCK_ROOT)    net (fo=11084, routed)       1.642     1.802    <hidden>
    SLICE_X36Y57         FDRE                                         r  <hidden>
  -------------------------------------------------------------------    -------------------
    SLICE_X36Y57         FDRE (Prop_AFF_SLICEL_C_Q)
                                                      0.058     1.860 r  <hidden>
                         net (fo=1, routed)           0.091     1.951    <hidden>
    SLICE_X37Y57         FDRE                                         r  <hidden>
  -------------------------------------------------------------------    -------------------

                         (clock axi_adrv9001_dac_1_clk rise edge)
                                                      0.000     0.000 r  
    N4                                                0.000     0.000 r  tx1_dclk_in_p (IN)
                         net (fo=0)                   0.100     0.100    i_system_wrapper/system_i/axi_adrv9001/inst/i_if/i_tx_1_phy/i_dac_clk_in_ibuf/I
    HPIOBDIFFINBUF_X0Y37 DIFFINBUF (Prop_DIFFINBUF_HPIOBDIFFINBUF_DIFF_IN_P_O)
                                                      0.607     0.707 r  i_system_wrapper/system_i/axi_adrv9001/inst/i_if/i_tx_1_phy/i_dac_clk_in_ibuf/DIFFINBUF_INST/O
                         net (fo=1, routed)           0.050     0.757    i_system_wrapper/system_i/axi_adrv9001/inst/i_if/i_tx_1_phy/i_dac_clk_in_ibuf/OUT
    N4                   IBUFCTRL (Prop_IBUFCTRL_HPIOB_M_I_O)
                                                      0.000     0.757 r  i_system_wrapper/system_i/axi_adrv9001/inst/i_if/i_tx_1_phy/i_dac_clk_in_ibuf/IBUFCTRL_INST/O
                         net (fo=2, routed)           0.318     1.075    i_system_wrapper/system_i/axi_adrv9001/inst/i_if/i_tx_1_phy/tx_dclk_in_s
    BUFGCE_DIV_X0Y4      BUFGCE_DIV (Prop_BUFGCE_DIV_I_O)
                                                      0.152     1.227 r  i_system_wrapper/system_i/axi_adrv9001/inst/i_if/i_tx_1_phy/i_dac_div_clk_rbuf/O
    X0Y1 (CLOCK_ROOT)    net (fo=25913, routed)       1.939     3.166    <hidden>
    SLICE_X37Y57         FDRE                                         r  <hidden>
                         clock pessimism              0.000     3.166    
    SLICE_X37Y57         FDRE (Hold_EFF_SLICEM_C_D)
                                                      0.060     3.226    <hidden>
  -------------------------------------------------------------------
                         data arrival                           1.951    
                         clock arrival                          3.226    
  -------------------------------------------------------------------
                         relative delay                        -1.275    



