Copyright 1986-2022 Xilinx, Inc. All Rights Reserved. Copyright 2022-2025 Advanced Micro Devices, Inc. All Rights Reserved.
----------------------------------------------------------------------------------------------------------------------------------------------------------
| Tool Version              : Vivado v.2025.1 (lin64) Build 6140274 Wed May 21 22:58:25 MDT 2025
| Date                      : Tue May 26 19:56:49 2026
| Host                      : nemo running 64-bit Ubuntu 24.04.4 LTS
| Command                   : report_io -file system_top_io_placed.rpt
| Design                    : system_top
| Device                    : xczu3eg
| Speed File                : -2
| Package                   : sfva625
| Package Version           : PRODUCTION 1.1 3/6/2017
| Package Pin Delay Version : PRODUCTION 1.0 1/6/2016
----------------------------------------------------------------------------------------------------------------------------------------------------------

IO Information

Table of Contents
-----------------
1. Summary
2. IO Assignments by Package Pin

1. Summary
----------

+---------------+
| Total User IO |
+---------------+
|           136 |
+---------------+


2. IO Assignments by Package Pin
--------------------------------

+------------+--------------------------+------------------+------------------------------------+-------------+-------------+---------+------------+-------------------------+------+---------------------+----------------------+---------+------------+-----------+----------+------+------------------+--------------+-------------------+--------------+
| Pin Number | Signal Name              | Bank Type        | Pin Name                           | Use         | IO Standard | IO Bank | Drive (mA) | Output Impedance (ohms) | Slew |   Input Termination | Off-Chip Termination | Voltage | Constraint | Pull Type | DQS Bias | Vref | Signal Integrity | Pre Emphasis | Lvds Pre Emphasis | Equalization |
+------------+--------------------------+------------------+------------------------------------+-------------+-------------+---------+------------+-------------------------+------+---------------------+----------------------+---------+------------+-----------+----------+------+------------------+--------------+-------------------+--------------+
| A1         |                          |                  | GND                                | GND         |             |         |            |                         |      |                     |                      |     0.0 |            |           |          |      |                  |              |                   |              |
| A2         | s_1v2_sns_n              | High Performance | IO_L8N_T1L_N3_AD5N_66              | INPUT       | ANALOG      |      66 |            |                         |      |                     |                 NONE |         | FIXED      |           |          |      | NONE             |              |                   |              |
| A3         | s_1v2_sns_p              | High Performance | IO_L8P_T1L_N2_AD5P_66              | INPUT       | ANALOG      |      66 |            |                         |      |                     |                 NONE |         | FIXED      |           |          |      | NONE             |              |                   |              |
| A4         | usb_flash_prog_en        | High Performance | IO_T1U_N12_66                      | OUTPUT      | LVCMOS18    |      66 |         12 |                         | SLOW |                     |            FP_VTT_50 |         | FIXED      |           |          |      | NONE             |              |                   |              |
| A5         | s_5v0_rf_sns_n           | High Performance | IO_L19N_T3L_N1_DBC_AD9N_66         | INPUT       | ANALOG      |      66 |            |                         |      |                     |                 NONE |         | FIXED      |           |          |      | NONE             |              |                   |              |
| A6         | s_5v0_rf_sns_p           | High Performance | IO_L19P_T3L_N0_DBC_AD9P_66         | INPUT       | ANALOG      |      66 |            |                         |      |                     |                 NONE |         | FIXED      |           |          |      | NONE             |              |                   |              |
| A7         | vin_usb1_valid_n         | High Performance | IO_L24N_T3U_N11_66                 | INPUT       | LVCMOS18    |      66 |            |                         |      |                     |                 NONE |         | FIXED      |           |          |      | NONE             |              |                   |              |
| A8         | s_1v2_ps_ddr4_sns_n      | High Performance | IO_L22N_T3U_N7_DBC_AD0N_66         | INPUT       | ANALOG      |      66 |            |                         |      |                     |                 NONE |         | FIXED      |           |          |      | NONE             |              |                   |              |
| A9         | s_1v2_ps_ddr4_sns_p      | High Performance | IO_L22P_T3U_N6_DBC_AD0P_66         | INPUT       | ANALOG      |      66 |            |                         |      |                     |                 NONE |         | FIXED      |           |          |      | NONE             |              |                   |              |
| A10        | ext_gpio[5]              | High Density     | IO_L3N_AD9N_26                     | BIDIR       | LVCMOS33    |      26 |         12 |                         | SLOW |                     |            FP_VTT_50 |         | FIXED      |           |          |      | NONE             |              |                   |              |
| A11        |                          |                  | GND                                | GND         |             |         |            |                         |      |                     |                      |     0.0 |            |           |          |      |                  |              |                   |              |
| A12        | ext_gpio[3]              | High Density     | IO_L2N_AD10N_26                    | BIDIR       | LVCMOS33    |      26 |         12 |                         | SLOW |                     |            FP_VTT_50 |         | FIXED      |           |          |      | NONE             |              |                   |              |
| A13        | DPAUX_DP_AUX_DATA_IN     |                  | PS_MIO30_501                       | PSS IO      | LVCMOS18    |         |         12 |                         | FAST |                 Ohm |                      |         |            | PULLUP    |          |      |                  |              |                   |              |
| A14        | SD1_SDIO1_DATA_OUT[4]    |                  | PS_MIO39_501                       | PSS IO      | LVCMOS18    |         |         12 |                         | FAST |                 Ohm |                      |         |            | PULLUP    |          |      |                  |              |                   |              |
| A15        | GPIO1_GPIO1[41]          |                  | PS_MIO41_501                       | PSS IO      | LVCMOS18    |         |         12 |                         | FAST |                 Ohm |                      |         |            | PULLUP    |          |      |                  |              |                   |              |
| A16        |                          |                  | GND                                | GND         |             |         |            |                         |      |                     |                      |     0.0 |            |           |          |      |                  |              |                   |              |
| A17        | USB0_ULPI_TX_DATA[1]     |                  | PS_MIO57_502                       | PSS IO      | LVCMOS18    |         |         12 |                         | FAST |                 Ohm |                      |         |            | PULLUP    |          |      |                  |              |                   |              |
| A18        | USB0_ULPI_STP            |                  | PS_MIO58_502                       | PSS IO      | LVCMOS18    |         |         12 |                         | FAST |                 Ohm |                      |         |            | PULLUP    |          |      |                  |              |                   |              |
| A19        | USB0_ULPI_TX_DATA[4]     |                  | PS_MIO60_502                       | PSS IO      | LVCMOS18    |         |         12 |                         | FAST |                 Ohm |                      |         |            | PULLUP    |          |      |                  |              |                   |              |
| A20        | GEM3_RGMII_TXD[0]        |                  | PS_MIO65_502                       | PSS IO      | LVCMOS18    |         |         12 |                         | FAST |                 Ohm |                      |         |            | PULLUP    |          |      |                  |              |                   |              |
| A21        |                          |                  | GND                                | GND         |             |         |            |                         |      |                     |                      |     0.0 |            |           |          |      |                  |              |                   |              |
| A22        | DP0_MGTRTXP3             |                  | PS_MGTRTXP3_505                    | PSS IO      |             |         |            |                         |      |                 Ohm |                      |         |            |           |          |      |                  |              |                   |              |
| A23        | DP0_MGTRTXN3             |                  | PS_MGTRTXN3_505                    | PSS IO      |             |         |            |                         |      |                 Ohm |                      |         |            |           |          |      |                  |              |                   |              |
| A24        |                          |                  | PS_MGTRAVTT                        | PSS IO      |             |         |            |                         |      |                     |                      |         |            |           |          |      |                  |              |                   |              |
| A25        |                          |                  | GND                                | GND         |             |         |            |                         |      |                     |                      |     0.0 |            |           |          |      |                  |              |                   |              |
| AA1        |                          |                  | GND                                | GND         |             |         |            |                         |      |                     |                      |     0.0 |            |           |          |      |                  |              |                   |              |
| AA2        |                          | High Performance | IO_L19N_T3L_N1_DBC_AD9N_64         | User IO     |             |      64 |            |                         |      |                     |                      |         |            |           |          |      |                  |              |                   |              |
| AA3        |                          | High Performance | IO_L24N_T3U_N11_64                 | User IO     |             |      64 |            |                         |      |                     |                      |         |            |           |          |      |                  |              |                   |              |
| AA4        |                          | High Performance | IO_L24P_T3U_N10_64                 | User IO     |             |      64 |            |                         |      |                     |                      |         |            |           |          |      |                  |              |                   |              |
| AA5        | fpga_mcs_in_n            | High Performance | IO_L11N_T1U_N9_GC_64               | INPUT       | LVDS        |      64 |            |                         |      | 100Ohm Differential |                 NONE |         | FIXED      |           |          |      | NONE             |              | FALSE             | EQ_NONE      |
| AA6        |                          | High Performance | VCCO_64                            | VCCO        |             |      64 |            |                         |      |                     |                      |    1.80 |            |           |          |      |                  |              |                   |              |
| AA7        |                          | High Performance | IO_L8N_T1L_N3_AD5N_64              | User IO     |             |      64 |            |                         |      |                     |                      |         |            |           |          |      |                  |              |                   |              |
| AA8        | dgpio[5]                 | High Performance | IO_L7N_T1L_N1_QBC_AD13N_64         | BIDIR       | LVCMOS18    |      64 |         12 |                         | SLOW |                     |            FP_VTT_50 |         | FIXED      |           |          |      | NONE             |              |                   |              |
| AA9        | dgpio[4]                 | High Performance | IO_L7P_T1L_N0_QBC_AD13P_64         | BIDIR       | LVCMOS18    |      64 |         12 |                         | SLOW |                     |            FP_VTT_50 |         | FIXED      |           |          |      | NONE             |              |                   |              |
| AA10       | QSPI_X4_N_SS_OUT         |                  | PS_MIO5_500                        | PSS IO      | LVCMOS18    |         |         12 |                         | FAST |                 Ohm |                      |         |            | PULLUP    |          |      |                  |              |                   |              |
| AA11       |                          |                  | GND                                | GND         |             |         |            |                         |      |                     |                      |     0.0 |            |           |          |      |                  |              |                   |              |
| AA12       | GPIO0_GPIO0[20]          |                  | PS_MIO20_500                       | PSS IO      | LVCMOS18    |         |         12 |                         | FAST |                 Ohm |                      |         |            | PULLUP    |          |      |                  |              |                   |              |
| AA13       | DDR4_DQ7                 |                  | PS_DDR_DQ7_504                     | PSS IO      | DDR4        |         |            |                      34 |      |              40 Ohm |                      |         |            |           |          |      |                  |              |                   |              |
| AA14       | DDR4_DM0                 |                  | PS_DDR_DM0_504                     | PSS IO      | DDR4        |         |            |                      34 |      |              40 Ohm |                      |         |            |           |          |      |                  |              |                   |              |
| AA15       | DDR4_DQ21                |                  | PS_DDR_DQ21_504                    | PSS IO      | DDR4        |         |            |                      34 |      |              40 Ohm |                      |         |            |           |          |      |                  |              |                   |              |
| AA16       |                          |                  | GND                                | GND         |             |         |            |                         |      |                     |                      |     0.0 |            |           |          |      |                  |              |                   |              |
| AA17       | DDR4_DQS_N2              |                  | PS_DDR_DQS_N2_504                  | PSS IO      | DDR4        |         |            |                      34 |      |              40 Ohm |                      |         |            |           |          |      |                  |              |                   |              |
| AA18       | DDR4_DQ20                |                  | PS_DDR_DQ20_504                    | PSS IO      | DDR4        |         |            |                      34 |      |              40 Ohm |                      |         |            |           |          |      |                  |              |                   |              |
| AA19       | DDR4_DQ18                |                  | PS_DDR_DQ18_504                    | PSS IO      | DDR4        |         |            |                      34 |      |              40 Ohm |                      |         |            |           |          |      |                  |              |                   |              |
| AA20       | DDR4_A9                  |                  | PS_DDR_A9_504                      | PSS IO      | DDR4        |         |            |                      34 |      |                NONE |                      |         |            |           |          |      |                  |              |                   |              |
| AA21       |                          |                  | VCCO_PSDDR_504                     | VCCO        |             |         |            |                         |      |                     |                      |   any** |            |           |          |      |                  |              |                   |              |
| AA22       |                          |                  | PS_DDR_CK_N1_504                   | PSS IO      |             |         |            |                         |      |                     |                      |         |            |           |          |      |                  |              |                   |              |
| AA23       | DDR4_CK0                 |                  | PS_DDR_CK0_504                     | PSS IO      | DDR4        |         |            |                      34 |      |                NONE |                      |         |            |           |          |      |                  |              |                   |              |
| AA24       | DDR4_CK_N0               |                  | PS_DDR_CK_N0_504                   | PSS IO      | DDR4        |         |            |                      34 |      |                NONE |                      |         |            |           |          |      |                  |              |                   |              |
| AA25       | DDR4_A3                  |                  | PS_DDR_A3_504                      | PSS IO      | DDR4        |         |            |                      34 |      |                NONE |                      |         |            |           |          |      |                  |              |                   |              |
| AB1        | add_on_gpio[12]          | High Performance | IO_L21N_T3L_N5_AD8N_64             | BIDIR       | LVCMOS18    |      64 |         12 |                         | SLOW |                     |            FP_VTT_50 |         | FIXED      |           |          |      | NONE             |              |                   |              |
| AB2        | add_on_gpio[11]          | High Performance | IO_L21P_T3L_N4_AD8P_64             | BIDIR       | LVCMOS18    |      64 |         12 |                         | SLOW |                     |            FP_VTT_50 |         | FIXED      |           |          |      | NONE             |              |                   |              |
| AB3        |                          | High Performance | IO_L13P_T2L_N0_GC_QBC_64           | GCLK        |             |      64 |            |                         |      |                     |                      |         |            |           |          |      |                  |              |                   |              |
| AB4        |                          |                  | GND                                | GND         |             |         |            |                         |      |                     |                      |     0.0 |            |           |          |      |                  |              |                   |              |
| AB5        | rf_rx2a_mux_ctl          | High Performance | IO_L14P_T2L_N2_GC_64               | OUTPUT      | LVCMOS18    |      64 |         12 |                         | SLOW |                     |            FP_VTT_50 |         | FIXED      |           |          |      | NONE             |              |                   |              |
| AB6        | add_on_power             | High Performance | IO_L1P_T0L_N0_DBC_64               | OUTPUT      | LVCMOS18    |      64 |         12 |                         | SLOW |                     |            FP_VTT_50 |         | FIXED      |           |          |      | NONE             |              |                   |              |
| AB7        | dgpio[9]                 | High Performance | IO_L9N_T1L_N5_AD12N_64             | BIDIR       | LVCMOS18    |      64 |         12 |                         | SLOW |                     |            FP_VTT_50 |         | FIXED      |           |          |      | NONE             |              |                   |              |
| AB8        | dgpio[8]                 | High Performance | IO_L9P_T1L_N4_AD12P_64             | BIDIR       | LVCMOS18    |      64 |         12 |                         | SLOW |                     |            FP_VTT_50 |         | FIXED      |           |          |      | NONE             |              |                   |              |
| AB9        |                          | High Performance | VCCO_64                            | VCCO        |             |      64 |            |                         |      |                     |                      |    1.80 |            |           |          |      |                  |              |                   |              |
| AB10       | QSPI_X4_MO_UPPER[1]      |                  | PS_MIO9_500                        | PSS IO      | LVCMOS18    |         |         12 |                         | FAST |                 Ohm |                      |         |            | PULLUP    |          |      |                  |              |                   |              |
| AB11       | QSPI_X4_SCLK_OUT_UPPER   |                  | PS_MIO12_500                       | PSS IO      | LVCMOS18    |         |         12 |                         | FAST |                 Ohm |                      |         |            | PULLUP    |          |      |                  |              |                   |              |
| AB12       | SPI1_MISO                |                  | PS_MIO18_500                       | PSS IO      | LVCMOS18    |         |         12 |                         | FAST |                 Ohm |                      |         |            | PULLUP    |          |      |                  |              |                   |              |
| AB13       | DDR4_DQ6                 |                  | PS_DDR_DQ6_504                     | PSS IO      | DDR4        |         |            |                      34 |      |              40 Ohm |                      |         |            |           |          |      |                  |              |                   |              |
| AB14       |                          |                  | GND                                | GND         |             |         |            |                         |      |                     |                      |     0.0 |            |           |          |      |                  |              |                   |              |
| AB15       | DDR4_DQ0                 |                  | PS_DDR_DQ0_504                     | PSS IO      | DDR4        |         |            |                      34 |      |              40 Ohm |                      |         |            |           |          |      |                  |              |                   |              |
| AB16       | DDR4_DQ9                 |                  | PS_DDR_DQ9_504                     | PSS IO      | DDR4        |         |            |                      34 |      |              40 Ohm |                      |         |            |           |          |      |                  |              |                   |              |
| AB17       | DDR4_DM1                 |                  | PS_DDR_DM1_504                     | PSS IO      | DDR4        |         |            |                      34 |      |              40 Ohm |                      |         |            |           |          |      |                  |              |                   |              |
| AB18       | DDR4_DQ14                |                  | PS_DDR_DQ14_504                    | PSS IO      | DDR4        |         |            |                      34 |      |              40 Ohm |                      |         |            |           |          |      |                  |              |                   |              |
| AB19       |                          |                  | GND                                | GND         |             |         |            |                         |      |                     |                      |     0.0 |            |           |          |      |                  |              |                   |              |
| AB20       | DDR4_DQ26                |                  | PS_DDR_DQ26_504                    | PSS IO      | DDR4        |         |            |                      34 |      |              40 Ohm |                      |         |            |           |          |      |                  |              |                   |              |
| AB21       | DDR4_DQ29                |                  | PS_DDR_DQ29_504                    | PSS IO      | DDR4        |         |            |                      34 |      |              40 Ohm |                      |         |            |           |          |      |                  |              |                   |              |
| AB22       | DDR4_A7                  |                  | PS_DDR_A7_504                      | PSS IO      | DDR4        |         |            |                      34 |      |                NONE |                      |         |            |           |          |      |                  |              |                   |              |
| AB23       | DDR4_A10                 |                  | PS_DDR_A10_504                     | PSS IO      | DDR4        |         |            |                      34 |      |                NONE |                      |         |            |           |          |      |                  |              |                   |              |
| AB24       |                          |                  | VCCO_PSDDR_504                     | VCCO        |             |         |            |                         |      |                     |                      |   any** |            |           |          |      |                  |              |                   |              |
| AB25       | DDR4_A2                  |                  | PS_DDR_A2_504                      | PSS IO      | DDR4        |         |            |                      34 |      |                NONE |                      |         |            |           |          |      |                  |              |                   |              |
| AC1        | dgpio[7]                 | High Performance | IO_T2U_N12_64                      | BIDIR       | LVCMOS18    |      64 |         12 |                         | SLOW |                     |            FP_VTT_50 |         | FIXED      |           |          |      | NONE             |              |                   |              |
| AC2        |                          |                  | GND                                | GND         |             |         |            |                         |      |                     |                      |     0.0 |            |           |          |      |                  |              |                   |              |
| AC3        | rf_rx2b_mux_ctl          | High Performance | IO_L13N_T2L_N1_GC_QBC_64           | OUTPUT      | LVCMOS18    |      64 |         12 |                         | SLOW |                     |            FP_VTT_50 |         | FIXED      |           |          |      | NONE             |              |                   |              |
| AC4        | dgpio[6]                 | High Performance | IO_L14N_T2L_N3_GC_64               | BIDIR       | LVCMOS18    |      64 |         12 |                         | SLOW |                     |            FP_VTT_50 |         | FIXED      |           |          |      | NONE             |              |                   |              |
| AC5        |                          | High Performance | IO_T0U_N12_VRP_64                  | User IO     |             |      64 |            |                         |      |                     |                      |         |            |           |          |      |                  |              |                   |              |
| AC6        | add_on_gpio[8]           | High Performance | IO_L1N_T0L_N1_DBC_64               | BIDIR       | LVCMOS18    |      64 |         12 |                         | SLOW |                     |            FP_VTT_50 |         | FIXED      |           |          |      | NONE             |              |                   |              |
| AC7        |                          |                  | GND                                | GND         |             |         |            |                         |      |                     |                      |     0.0 |            |           |          |      |                  |              |                   |              |
| AC8        | dgpio[3]                 | High Performance | IO_L6N_T0U_N11_AD6N_64             | BIDIR       | LVCMOS18    |      64 |         12 |                         | SLOW |                     |            FP_VTT_50 |         | FIXED      |           |          |      | NONE             |              |                   |              |
| AC9        | dgpio[2]                 | High Performance | IO_L6P_T0U_N10_AD6P_64             | BIDIR       | LVCMOS18    |      64 |         12 |                         | SLOW |                     |            FP_VTT_50 |         | FIXED      |           |          |      | NONE             |              |                   |              |
| AC10       | QSPI_X4_MO_UPPER[0]      |                  | PS_MIO8_500                        | PSS IO      | LVCMOS18    |         |         12 |                         | FAST |                 Ohm |                      |         |            | PULLUP    |          |      |                  |              |                   |              |
| AC11       | GPIO0_GPIO0[14]          |                  | PS_MIO14_500                       | PSS IO      | LVCMOS18    |         |         12 |                         | FAST |                 Ohm |                      |         |            | PULLUP    |          |      |                  |              |                   |              |
| AC12       |                          |                  | GND                                | GND         |             |         |            |                         |      |                     |                      |     0.0 |            |           |          |      |                  |              |                   |              |
| AC13       | DDR4_DQ5                 |                  | PS_DDR_DQ5_504                     | PSS IO      | DDR4        |         |            |                      34 |      |              40 Ohm |                      |         |            |           |          |      |                  |              |                   |              |
| AC14       | DDR4_DQS_P0              |                  | PS_DDR_DQS_P0_504                  | PSS IO      | DDR4        |         |            |                      34 |      |              40 Ohm |                      |         |            |           |          |      |                  |              |                   |              |
| AC15       | DDR4_DQ2                 |                  | PS_DDR_DQ2_504                     | PSS IO      | DDR4        |         |            |                      34 |      |              40 Ohm |                      |         |            |           |          |      |                  |              |                   |              |
| AC16       | DDR4_DQ8                 |                  | PS_DDR_DQ8_504                     | PSS IO      | DDR4        |         |            |                      34 |      |              40 Ohm |                      |         |            |           |          |      |                  |              |                   |              |
| AC17       |                          |                  | VCCO_PSDDR_504                     | VCCO        |             |         |            |                         |      |                     |                      |   any** |            |           |          |      |                  |              |                   |              |
| AC18       | DDR4_DQ15                |                  | PS_DDR_DQ15_504                    | PSS IO      | DDR4        |         |            |                      34 |      |              40 Ohm |                      |         |            |           |          |      |                  |              |                   |              |
| AC19       | DDR4_DQ27                |                  | PS_DDR_DQ27_504                    | PSS IO      | DDR4        |         |            |                      34 |      |              40 Ohm |                      |         |            |           |          |      |                  |              |                   |              |
| AC20       | DDR4_DQS_P3              |                  | PS_DDR_DQS_P3_504                  | PSS IO      | DDR4        |         |            |                      34 |      |              40 Ohm |                      |         |            |           |          |      |                  |              |                   |              |
| AC21       | DDR4_DQS_N3              |                  | PS_DDR_DQS_N3_504                  | PSS IO      | DDR4        |         |            |                      34 |      |              40 Ohm |                      |         |            |           |          |      |                  |              |                   |              |
| AC22       |                          |                  | GND                                | GND         |             |         |            |                         |      |                     |                      |     0.0 |            |           |          |      |                  |              |                   |              |
| AC23       | DDR4_A12                 |                  | PS_DDR_A12_504                     | PSS IO      | DDR4        |         |            |                      34 |      |                NONE |                      |         |            |           |          |      |                  |              |                   |              |
| AC24       | DDR4_A14                 |                  | PS_DDR_A14_504                     | PSS IO      | DDR4        |         |            |                      34 |      |                NONE |                      |         |            |           |          |      |                  |              |                   |              |
| AC25       | DDR4_A5                  |                  | PS_DDR_A5_504                      | PSS IO      | DDR4        |         |            |                      34 |      |                NONE |                      |         |            |           |          |      |                  |              |                   |              |
| AD1        | rf_tx2_mux_ctl1          | High Performance | IO_L17P_T2U_N8_AD10P_64            | OUTPUT      | LVCMOS18    |      64 |         12 |                         | SLOW |                     |            FP_VTT_50 |         | FIXED      |           |          |      | NONE             |              |                   |              |
| AD2        | rf_rx1b_mux_ctl          | High Performance | IO_L15P_T2L_N4_AD11P_64            | OUTPUT      | LVCMOS18    |      64 |         12 |                         | SLOW |                     |            FP_VTT_50 |         | FIXED      |           |          |      | NONE             |              |                   |              |
| AD3        | rf_tx1_mux_ctl2          | High Performance | IO_L16N_T2U_N7_QBC_AD3N_64         | OUTPUT      | LVCMOS18    |      64 |         12 |                         | SLOW |                     |            FP_VTT_50 |         | FIXED      |           |          |      | NONE             |              |                   |              |
| AD4        | rf_tx1_mux_ctl1          | High Performance | IO_L16P_T2U_N6_QBC_AD3P_64         | OUTPUT      | LVCMOS18    |      64 |         12 |                         | SLOW |                     |            FP_VTT_50 |         | FIXED      |           |          |      | NONE             |              |                   |              |
| AD5        | dgpio[1]                 | High Performance | IO_L5N_T0U_N9_AD14N_64             | BIDIR       | LVCMOS18    |      64 |         12 |                         | SLOW |                     |            FP_VTT_50 |         | FIXED      |           |          |      | NONE             |              |                   |              |
| AD6        | dgpio[0]                 | High Performance | IO_L5P_T0U_N8_AD14P_64             | BIDIR       | LVCMOS18    |      64 |         12 |                         | SLOW |                     |            FP_VTT_50 |         | FIXED      |           |          |      | NONE             |              |                   |              |
| AD7        | add_on_gpio[10]          | High Performance | IO_L2N_T0L_N3_64                   | BIDIR       | LVCMOS18    |      64 |         12 |                         | SLOW |                     |            FP_VTT_50 |         | FIXED      |           |          |      | NONE             |              |                   |              |
| AD8        | add_on_gpio[9]           | High Performance | IO_L2P_T0L_N2_64                   | BIDIR       | LVCMOS18    |      64 |         12 |                         | SLOW |                     |            FP_VTT_50 |         | FIXED      |           |          |      | NONE             |              |                   |              |
| AD9        |                          | High Performance | IO_L4P_T0U_N6_DBC_AD7P_64          | User IO     |             |      64 |            |                         |      |                     |                      |         |            |           |          |      |                  |              |                   |              |
| AD10       |                          |                  | GND                                | GND         |             |         |            |                         |      |                     |                      |     0.0 |            |           |          |      |                  |              |                   |              |
| AD11       | UART1_RXD                |                  | PS_MIO17_500                       | PSS IO      | LVCMOS18    |         |         12 |                         | FAST |                 Ohm |                      |         |            | PULLUP    |          |      |                  |              |                   |              |
| AD12       | SPI1_N_SS_OUT[0]         |                  | PS_MIO21_500                       | PSS IO      | LVCMOS18    |         |         12 |                         | FAST |                 Ohm |                      |         |            | PULLUP    |          |      |                  |              |                   |              |
| AD13       | DDR4_DQ4                 |                  | PS_DDR_DQ4_504                     | PSS IO      | DDR4        |         |            |                      34 |      |              40 Ohm |                      |         |            |           |          |      |                  |              |                   |              |
| AD14       | DDR4_DQS_N0              |                  | PS_DDR_DQS_N0_504                  | PSS IO      | DDR4        |         |            |                      34 |      |              40 Ohm |                      |         |            |           |          |      |                  |              |                   |              |
| AD15       |                          |                  | GND                                | GND         |             |         |            |                         |      |                     |                      |     0.0 |            |           |          |      |                  |              |                   |              |
| AD16       | DDR4_DQ10                |                  | PS_DDR_DQ10_504                    | PSS IO      | DDR4        |         |            |                      34 |      |              40 Ohm |                      |         |            |           |          |      |                  |              |                   |              |
| AD17       | DDR4_DQS_P1              |                  | PS_DDR_DQS_P1_504                  | PSS IO      | DDR4        |         |            |                      34 |      |              40 Ohm |                      |         |            |           |          |      |                  |              |                   |              |
| AD18       | DDR4_DQ13                |                  | PS_DDR_DQ13_504                    | PSS IO      | DDR4        |         |            |                      34 |      |              40 Ohm |                      |         |            |           |          |      |                  |              |                   |              |
| AD19       | DDR4_DQ25                |                  | PS_DDR_DQ25_504                    | PSS IO      | DDR4        |         |            |                      34 |      |              40 Ohm |                      |         |            |           |          |      |                  |              |                   |              |
| AD20       |                          |                  | VCCO_PSDDR_504                     | VCCO        |             |         |            |                         |      |                     |                      |   any** |            |           |          |      |                  |              |                   |              |
| AD21       | DDR4_DM3                 |                  | PS_DDR_DM3_504                     | PSS IO      | DDR4        |         |            |                      34 |      |              40 Ohm |                      |         |            |           |          |      |                  |              |                   |              |
| AD22       | DDR4_DQ31                |                  | PS_DDR_DQ31_504                    | PSS IO      | DDR4        |         |            |                      34 |      |              40 Ohm |                      |         |            |           |          |      |                  |              |                   |              |
| AD23       | DDR4_A15                 |                  | PS_DDR_A15_504                     | PSS IO      | DDR4        |         |            |                      34 |      |                NONE |                      |         |            |           |          |      |                  |              |                   |              |
| AD24       | DDR4_A11                 |                  | PS_DDR_A11_504                     | PSS IO      | DDR4        |         |            |                      34 |      |                NONE |                      |         |            |           |          |      |                  |              |                   |              |
| AD25       |                          |                  | GND                                | GND         |             |         |            |                         |      |                     |                      |     0.0 |            |           |          |      |                  |              |                   |              |
| AE1        | rf_tx2_mux_ctl2          | High Performance | IO_L17N_T2U_N9_AD10N_64            | OUTPUT      | LVCMOS18    |      64 |         12 |                         | SLOW |                     |            FP_VTT_50 |         | FIXED      |           |          |      | NONE             |              |                   |              |
| AE2        | rf_rx1a_mux_ctl          | High Performance | IO_L15N_T2L_N5_AD11N_64            | OUTPUT      | LVCMOS18    |      64 |         12 |                         | SLOW |                     |            FP_VTT_50 |         | FIXED      |           |          |      | NONE             |              |                   |              |
| AE3        | dgpio[10]                | High Performance | IO_L18N_T2U_N11_AD2N_64            | BIDIR       | LVCMOS18    |      64 |         12 |                         | SLOW |                     |            FP_VTT_50 |         | FIXED      |           |          |      | NONE             |              |                   |              |
| AE4        | dgpio[11]                | High Performance | IO_L18P_T2U_N10_AD2P_64            | BIDIR       | LVCMOS18    |      64 |         12 |                         | SLOW |                     |            FP_VTT_50 |         | FIXED      |           |          |      | NONE             |              |                   |              |
| AE5        |                          |                  | GND                                | GND         |             |         |            |                         |      |                     |                      |     0.0 |            |           |          |      |                  |              |                   |              |
| AE6        |                          | High Performance | IO_L3N_T0L_N5_AD15N_64             | User IO     |             |      64 |            |                         |      |                     |                      |         |            |           |          |      |                  |              |                   |              |
| AE7        |                          | High Performance | IO_L3P_T0L_N4_AD15P_64             | User IO     |             |      64 |            |                         |      |                     |                      |         |            |           |          |      |                  |              |                   |              |
| AE8        |                          |                  | GND                                | GND         |             |         |            |                         |      |                     |                      |     0.0 |            |           |          |      |                  |              |                   |              |
| AE9        | adrv9002_mcssrc          | High Performance | IO_L4N_T0U_N7_DBC_AD7N_64          | OUTPUT      | LVCMOS18    |      64 |         12 |                         | SLOW |                     |            FP_VTT_50 |         | FIXED      |           |          |      | NONE             |              |                   |              |
| AE10       | QSPI_X4_MO_UPPER[3]      |                  | PS_MIO11_500                       | PSS IO      | LVCMOS18    |         |         12 |                         | FAST |                 Ohm |                      |         |            | PULLUP    |          |      |                  |              |                   |              |
| AE11       | GPIO0_GPIO0[19]          |                  | PS_MIO19_500                       | PSS IO      | LVCMOS18    |         |         12 |                         | FAST |                 Ohm |                      |         |            | PULLUP    |          |      |                  |              |                   |              |
| AE12       | GPIO0_GPIO0[25]          |                  | PS_MIO25_500                       | PSS IO      | LVCMOS18    |         |         12 |                         | FAST |                 Ohm |                      |         |            | PULLUP    |          |      |                  |              |                   |              |
| AE13       |                          |                  | GND                                | GND         |             |         |            |                         |      |                     |                      |     0.0 |            |           |          |      |                  |              |                   |              |
| AE14       | DDR4_DQ3                 |                  | PS_DDR_DQ3_504                     | PSS IO      | DDR4        |         |            |                      34 |      |              40 Ohm |                      |         |            |           |          |      |                  |              |                   |              |
| AE15       | DDR4_DQ1                 |                  | PS_DDR_DQ1_504                     | PSS IO      | DDR4        |         |            |                      34 |      |              40 Ohm |                      |         |            |           |          |      |                  |              |                   |              |
| AE16       | DDR4_DQ11                |                  | PS_DDR_DQ11_504                    | PSS IO      | DDR4        |         |            |                      34 |      |              40 Ohm |                      |         |            |           |          |      |                  |              |                   |              |
| AE17       | DDR4_DQS_N1              |                  | PS_DDR_DQS_N1_504                  | PSS IO      | DDR4        |         |            |                      34 |      |              40 Ohm |                      |         |            |           |          |      |                  |              |                   |              |
| AE18       |                          |                  | GND                                | GND         |             |         |            |                         |      |                     |                      |     0.0 |            |           |          |      |                  |              |                   |              |
| AE19       | DDR4_DQ12                |                  | PS_DDR_DQ12_504                    | PSS IO      | DDR4        |         |            |                      34 |      |              40 Ohm |                      |         |            |           |          |      |                  |              |                   |              |
| AE20       | DDR4_DQ24                |                  | PS_DDR_DQ24_504                    | PSS IO      | DDR4        |         |            |                      34 |      |              40 Ohm |                      |         |            |           |          |      |                  |              |                   |              |
| AE21       | DDR4_DQ28                |                  | PS_DDR_DQ28_504                    | PSS IO      | DDR4        |         |            |                      34 |      |              40 Ohm |                      |         |            |           |          |      |                  |              |                   |              |
| AE22       | DDR4_DQ30                |                  | PS_DDR_DQ30_504                    | PSS IO      | DDR4        |         |            |                      34 |      |              40 Ohm |                      |         |            |           |          |      |                  |              |                   |              |
| AE23       |                          |                  | GND                                | GND         |             |         |            |                         |      |                     |                      |     0.0 |            |           |          |      |                  |              |                   |              |
| AE24       | DDR4_A13                 |                  | PS_DDR_A13_504                     | PSS IO      | DDR4        |         |            |                      34 |      |                NONE |                      |         |            |           |          |      |                  |              |                   |              |
| AE25       |                          |                  | VCCO_PSDDR_504                     | VCCO        |             |         |            |                         |      |                     |                      |   any** |            |           |          |      |                  |              |                   |              |
| B1         | fan_ctl                  | High Performance | IO_L7N_T1L_N1_QBC_AD13N_66         | OUTPUT      | LVCMOS18    |      66 |         12 |                         | SLOW |                     |            FP_VTT_50 |         | FIXED      |           |          |      | NONE             |              |                   |              |
| B2         | s_1v8_mgtravtt_sns_n     | High Performance | IO_L10N_T1U_N7_QBC_AD4N_66         | INPUT       | ANALOG      |      66 |            |                         |      |                     |                 NONE |         | FIXED      |           |          |      | NONE             |              |                   |              |
| B3         | s_1v8_mgtravtt_sns_p     | High Performance | IO_L10P_T1U_N6_QBC_AD4P_66         | INPUT       | ANALOG      |      66 |            |                         |      |                     |                 NONE |         | FIXED      |           |          |      | NONE             |              |                   |              |
| B4         |                          |                  | GND                                | GND         |             |         |            |                         |      |                     |                      |     0.0 |            |           |          |      |                  |              |                   |              |
| B5         | s_vtt_ps_ddr4_sns_n      | High Performance | IO_L21N_T3L_N5_AD8N_66             | INPUT       | ANALOG      |      66 |            |                         |      |                     |                 NONE |         | FIXED      |           |          |      | NONE             |              |                   |              |
| B6         |                          | High Performance | IO_L23N_T3U_N9_66                  | User IO     |             |      66 |            |                         |      |                     |                      |         |            |           |          |      |                  |              |                   |              |
| B7         | vin_usb2_valid_n         | High Performance | IO_L24P_T3U_N10_66                 | INPUT       | LVCMOS18    |      66 |            |                         |      |                     |                 NONE |         | FIXED      |           |          |      | NONE             |              |                   |              |
| B8         | s_2v5_sns_n              | High Performance | IO_L20N_T3L_N3_AD1N_66             | INPUT       | ANALOG      |      66 |            |                         |      |                     |                 NONE |         | FIXED      |           |          |      | NONE             |              |                   |              |
| B9         |                          |                  | GND                                | GND         |             |         |            |                         |      |                     |                      |     0.0 |            |           |          |      |                  |              |                   |              |
| B10        | ext_gpio[7]              | High Density     | IO_L4N_AD8N_26                     | BIDIR       | LVCMOS33    |      26 |         12 |                         | SLOW |                     |            FP_VTT_50 |         | FIXED      |           |          |      | NONE             |              |                   |              |
| B11        | ext_gpio[4]              | High Density     | IO_L3P_AD9P_26                     | BIDIR       | LVCMOS33    |      26 |         12 |                         | SLOW |                     |            FP_VTT_50 |         | FIXED      |           |          |      | NONE             |              |                   |              |
| B12        | ext_gpio[2]              | High Density     | IO_L2P_AD10P_26                    | BIDIR       | LVCMOS33    |      26 |         12 |                         | SLOW |                     |            FP_VTT_50 |         | FIXED      |           |          |      | NONE             |              |                   |              |
| B13        | DPAUX_DP_AUX_DATA_OE     |                  | PS_MIO29_501                       | PSS IO      | LVCMOS18    |         |         12 |                         | FAST |                 Ohm |                      |         |            | PULLUP    |          |      |                  |              |                   |              |
| B14        |                          |                  | GND                                | GND         |             |         |            |                         |      |                     |                      |     0.0 |            |           |          |      |                  |              |                   |              |
| B15        | GPIO1_GPIO1[43]          |                  | PS_MIO43_501                       | PSS IO      | LVCMOS18    |         |         12 |                         | FAST |                 Ohm |                      |         |            | PULLUP    |          |      |                  |              |                   |              |
| B16        | SD1_SDIO1_DATA_OUT[1]    |                  | PS_MIO47_501                       | PSS IO      | LVCMOS18    |         |         12 |                         | FAST |                 Ohm |                      |         |            | PULLUP    |          |      |                  |              |                   |              |
| B17        | USB0_ULPI_NXT            |                  | PS_MIO55_502                       | PSS IO      | LVCMOS18    |         |         12 |                         | FAST |                 Ohm |                      |         |            | PULLUP    |          |      |                  |              |                   |              |
| B18        | USB0_ULPI_TX_DATA[3]     |                  | PS_MIO59_502                       | PSS IO      | LVCMOS18    |         |         12 |                         | FAST |                 Ohm |                      |         |            | PULLUP    |          |      |                  |              |                   |              |
| B19        |                          |                  | GND                                | GND         |             |         |            |                         |      |                     |                      |     0.0 |            |           |          |      |                  |              |                   |              |
| B20        | GEM3_RGMII_TX_CTL        |                  | PS_MIO69_502                       | PSS IO      | LVCMOS18    |         |         12 |                         | FAST |                 Ohm |                      |         |            | PULLUP    |          |      |                  |              |                   |              |
| B21        |                          |                  | GND                                | GND         |             |         |            |                         |      |                     |                      |     0.0 |            |           |          |      |                  |              |                   |              |
| B22        |                          |                  | PS_MGTRAVTT                        | PSS IO      |             |         |            |                         |      |                     |                      |         |            |           |          |      |                  |              |                   |              |
| B23        |                          |                  | GND                                | GND         |             |         |            |                         |      |                     |                      |     0.0 |            |           |          |      |                  |              |                   |              |
| B24        | DP0_MGTRRXP3             |                  | PS_MGTRRXP3_505                    | PSS IO      |             |         |            |                         |      |                 Ohm |                      |         |            |           |          |      |                  |              |                   |              |
| B25        | DP0_MGTRRXN3             |                  | PS_MGTRRXN3_505                    | PSS IO      |             |         |            |                         |      |                 Ohm |                      |         |            |           |          |      |                  |              |                   |              |
| C1         | fan_en                   | High Performance | IO_L7P_T1L_N0_QBC_AD13P_66         | OUTPUT      | LVCMOS18    |      66 |         12 |                         | SLOW |                     |            FP_VTT_50 |         | FIXED      |           |          |      | NONE             |              |                   |              |
| C2         |                          |                  | GND                                | GND         |             |         |            |                         |      |                     |                      |     0.0 |            |           |          |      |                  |              |                   |              |
| C3         |                          | High Performance | IO_L12N_T1U_N11_GC_66              | GCLK        |             |      66 |            |                         |      |                     |                      |         |            |           |          |      |                  |              |                   |              |
| C4         |                          | High Performance | IO_L12P_T1U_N10_GC_66              | GCLK        |             |      66 |            |                         |      |                     |                      |         |            |           |          |      |                  |              |                   |              |
| C5         | s_vtt_ps_ddr4_sns_p      | High Performance | IO_L21P_T3L_N4_AD8P_66             | INPUT       | ANALOG      |      66 |            |                         |      |                     |                 NONE |         | FIXED      |           |          |      | NONE             |              |                   |              |
| C6         |                          | High Performance | IO_L23P_T3U_N8_66                  | User IO     |             |      66 |            |                         |      |                     |                      |         |            |           |          |      |                  |              |                   |              |
| C7         |                          |                  | GND                                | GND         |             |         |            |                         |      |                     |                      |     0.0 |            |           |          |      |                  |              |                   |              |
| C8         | s_2v5_sns_p              | High Performance | IO_L20P_T3L_N2_AD1P_66             | INPUT       | ANALOG      |      66 |            |                         |      |                     |                 NONE |         | FIXED      |           |          |      | NONE             |              |                   |              |
| C9         | ext_gpio[11]             | High Density     | IO_L6N_HDGC_AD6N_26                | BIDIR       | LVCMOS33    |      26 |         12 |                         | SLOW |                     |            FP_VTT_50 |         | FIXED      |           |          |      | NONE             |              |                   |              |
| C10        | ext_gpio[6]              | High Density     | IO_L4P_AD8P_26                     | BIDIR       | LVCMOS33    |      26 |         12 |                         | SLOW |                     |            FP_VTT_50 |         | FIXED      |           |          |      | NONE             |              |                   |              |
| C11        | ext_gpio[9]              | High Density     | IO_L5N_HDGC_AD7N_26                | BIDIR       | LVCMOS33    |      26 |         12 |                         | SLOW |                     |            FP_VTT_50 |         | FIXED      |           |          |      | NONE             |              |                   |              |
| C12        |                          |                  | GND                                | GND         |             |         |            |                         |      |                     |                      |     0.0 |            |           |          |      |                  |              |                   |              |
| C13        | GPIO1_GPIO1[31]          |                  | PS_MIO31_501                       | PSS IO      | LVCMOS18    |         |         12 |                         | FAST |                 Ohm |                      |         |            | PULLUP    |          |      |                  |              |                   |              |
| C14        | GPIO1_GPIO1[38]          |                  | PS_MIO38_501                       | PSS IO      | LVCMOS18    |         |         12 |                         | FAST |                 Ohm |                      |         |            | PULLUP    |          |      |                  |              |                   |              |
| C15        | SD1_SDIO1_DATA_OUT[0]    |                  | PS_MIO46_501                       | PSS IO      | LVCMOS18    |         |         12 |                         | FAST |                 Ohm |                      |         |            | PULLUP    |          |      |                  |              |                   |              |
| C16        | SD1_SDIO1_DATA_OUT[2]    |                  | PS_MIO48_501                       | PSS IO      | LVCMOS18    |         |         12 |                         | FAST |                 Ohm |                      |         |            | PULLUP    |          |      |                  |              |                   |              |
| C17        |                          |                  | GND                                | GND         |             |         |            |                         |      |                     |                      |     0.0 |            |           |          |      |                  |              |                   |              |
| C18        | USB0_ULPI_TX_DATA[5]     |                  | PS_MIO61_502                       | PSS IO      | LVCMOS18    |         |         12 |                         | FAST |                 Ohm |                      |         |            | PULLUP    |          |      |                  |              |                   |              |
| C19        | USB0_ULPI_TX_DATA[6]     |                  | PS_MIO62_502                       | PSS IO      | LVCMOS18    |         |         12 |                         | FAST |                 Ohm |                      |         |            | PULLUP    |          |      |                  |              |                   |              |
| C20        | GEM3_RGMII_RX_CLK        |                  | PS_MIO70_502                       | PSS IO      | LVCMOS18    |         |         12 |                         | FAST |                 Ohm |                      |         |            | PULLUP    |          |      |                  |              |                   |              |
| C21        |                          |                  | GND                                | GND         |             |         |            |                         |      |                     |                      |     0.0 |            |           |          |      |                  |              |                   |              |
| C22        | DP1_MGTRTXP2             |                  | PS_MGTRTXP2_505                    | PSS IO      |             |         |            |                         |      |                 Ohm |                      |         |            |           |          |      |                  |              |                   |              |
| C23        | DP1_MGTRTXN2             |                  | PS_MGTRTXN2_505                    | PSS IO      |             |         |            |                         |      |                 Ohm |                      |         |            |           |          |      |                  |              |                   |              |
| C24        |                          |                  | GND                                | GND         |             |         |            |                         |      |                     |                      |     0.0 |            |           |          |      |                  |              |                   |              |
| C25        |                          |                  | GND                                | GND         |             |         |            |                         |      |                     |                      |     0.0 |            |           |          |      |                  |              |                   |              |
| D1         |                          | High Performance | IO_L9N_T1L_N5_AD12N_66             | User IO     |             |      66 |            |                         |      |                     |                      |         |            |           |          |      |                  |              |                   |              |
| D2         |                          | High Performance | IO_L9P_T1L_N4_AD12P_66             | User IO     |             |      66 |            |                         |      |                     |                      |         |            |           |          |      |                  |              |                   |              |
| D3         |                          | High Performance | IO_L11N_T1U_N9_GC_66               | GCLK        |             |      66 |            |                         |      |                     |                      |         |            |           |          |      |                  |              |                   |              |
| D4         |                          | High Performance | IO_L11P_T1U_N8_GC_66               | GCLK        |             |      66 |            |                         |      |                     |                      |         |            |           |          |      |                  |              |                   |              |
| D5         |                          | High Performance | VCCO_66                            | VCCO        |             |      66 |            |                         |      |                     |                      |    1.80 |            |           |          |      |                  |              |                   |              |
| D6         |                          | High Performance | IO_L14N_T2L_N3_GC_66               | GCLK        |             |      66 |            |                         |      |                     |                      |         |            |           |          |      |                  |              |                   |              |
| D7         |                          | High Performance | IO_L14P_T2L_N2_GC_66               | GCLK        |             |      66 |            |                         |      |                     |                      |         |            |           |          |      |                  |              |                   |              |
| D8         | vin_poe_valid_n          | High Performance | IO_T3U_N12_66                      | INPUT       | LVCMOS18    |      66 |            |                         |      |                     |                 NONE |         | FIXED      |           |          |      | NONE             |              |                   |              |
| D9         | ext_gpio[10]             | High Density     | IO_L6P_HDGC_AD6P_26                | BIDIR       | LVCMOS33    |      26 |         12 |                         | SLOW |                     |            FP_VTT_50 |         | FIXED      |           |          |      | NONE             |              |                   |              |
| D10        |                          | High Density     | VCCO_26                            | VCCO        |             |      26 |            |                         |      |                     |                      |    3.30 |            |           |          |      |                  |              |                   |              |
| D11        | ext_gpio[8]              | High Density     | IO_L5P_HDGC_AD7P_26                | BIDIR       | LVCMOS33    |      26 |         12 |                         | SLOW |                     |            FP_VTT_50 |         | FIXED      |           |          |      | NONE             |              |                   |              |
| D12        | ext_gpio[1]              | High Density     | IO_L1N_AD11N_26                    | BIDIR       | LVCMOS33    |      26 |         12 |                         | SLOW |                     |            FP_VTT_50 |         | FIXED      |           |          |      | NONE             |              |                   |              |
| D13        | I2C1_SCL_OUT             |                  | PS_MIO32_501                       | PSS IO      | LVCMOS18    |         |         12 |                         | FAST |                 Ohm |                      |         |            | PULLUP    |          |      |                  |              |                   |              |
| D14        | GPIO1_GPIO1[36]          |                  | PS_MIO36_501                       | PSS IO      | LVCMOS18    |         |         12 |                         | FAST |                 Ohm |                      |         |            | PULLUP    |          |      |                  |              |                   |              |
| D15        |                          |                  | VCCO_PSIO1_501                     | VCCO        |             |         |            |                         |      |                     |                      |   any** |            |           |          |      |                  |              |                   |              |
| D16        | SD1_SDIO1_CLK_OUT        |                  | PS_MIO51_501                       | PSS IO      | LVCMOS18    |         |         12 |                         | FAST |                 Ohm |                      |         |            | PULLUP    |          |      |                  |              |                   |              |
| D17        | USB0_ULPI_TX_DATA[0]     |                  | PS_MIO56_502                       | PSS IO      | LVCMOS18    |         |         12 |                         | FAST |                 Ohm |                      |         |            | PULLUP    |          |      |                  |              |                   |              |
| D18        | USB0_ULPI_TX_DATA[7]     |                  | PS_MIO63_502                       | PSS IO      | LVCMOS18    |         |         12 |                         | FAST |                 Ohm |                      |         |            | PULLUP    |          |      |                  |              |                   |              |
| D19        | GEM3_RGMII_TXD[1]        |                  | PS_MIO66_502                       | PSS IO      | LVCMOS18    |         |         12 |                         | FAST |                 Ohm |                      |         |            | PULLUP    |          |      |                  |              |                   |              |
| D20        |                          |                  | VCCO_PSIO2_502                     | VCCO        |             |         |            |                         |      |                     |                      |   any** |            |           |          |      |                  |              |                   |              |
| D21        |                          |                  | GND                                | GND         |             |         |            |                         |      |                     |                      |     0.0 |            |           |          |      |                  |              |                   |              |
| D22        |                          |                  | PS_MGTRAVTT                        | PSS IO      |             |         |            |                         |      |                     |                      |         |            |           |          |      |                  |              |                   |              |
| D23        |                          |                  | GND                                | GND         |             |         |            |                         |      |                     |                      |     0.0 |            |           |          |      |                  |              |                   |              |
| D24        | DP1_MGTRRXP2             |                  | PS_MGTRRXP2_505                    | PSS IO      |             |         |            |                         |      |                 Ohm |                      |         |            |           |          |      |                  |              |                   |              |
| D25        | DP1_MGTRRXN2             |                  | PS_MGTRRXN2_505                    | PSS IO      |             |         |            |                         |      |                 Ohm |                      |         |            |           |          |      |                  |              |                   |              |
| E1         |                          | High Performance | IO_L3N_T0L_N5_AD15N_66             | User IO     |             |      66 |            |                         |      |                     |                      |         |            |           |          |      |                  |              |                   |              |
| E2         |                          | High Performance | IO_L3P_T0L_N4_AD15P_66             | User IO     |             |      66 |            |                         |      |                     |                      |         |            |           |          |      |                  |              |                   |              |
| E3         |                          |                  | GND                                | GND         |             |         |            |                         |      |                     |                      |     0.0 |            |           |          |      |                  |              |                   |              |
| E4         |                          | High Performance | IO_L2N_T0L_N3_66                   | User IO     |             |      66 |            |                         |      |                     |                      |         |            |           |          |      |                  |              |                   |              |
| E5         |                          | High Performance | IO_L13N_T2L_N1_GC_QBC_66           | GCLK        |             |      66 |            |                         |      |                     |                      |         |            |           |          |      |                  |              |                   |              |
| E6         |                          | High Performance | IO_L13P_T2L_N0_GC_QBC_66           | GCLK        |             |      66 |            |                         |      |                     |                      |         |            |           |          |      |                  |              |                   |              |
| E7         | usb_pd_reset             | High Performance | IO_T2U_N12_66                      | OUTPUT      | LVCMOS18    |      66 |         12 |                         | SLOW |                     |            FP_VTT_50 |         | FIXED      |           |          |      | NONE             |              |                   |              |
| E8         |                          | High Performance | VCCO_66                            | VCCO        |             |      66 |            |                         |      |                     |                      |    1.80 |            |           |          |      |                  |              |                   |              |
| E9         | ext_gpio[13]             | High Density     | IO_L7N_HDGC_AD5N_26                | BIDIR       | LVCMOS33    |      26 |         12 |                         | SLOW |                     |            FP_VTT_50 |         | FIXED      |           |          |      | NONE             |              |                   |              |
| E10        | ext_gpio[15]             | High Density     | IO_L8N_HDGC_AD4N_26                | BIDIR       | LVCMOS33    |      26 |         12 |                         | SLOW |                     |            FP_VTT_50 |         | FIXED      |           |          |      | NONE             |              |                   |              |
| E11        | ext_gpio[14]             | High Density     | IO_L8P_HDGC_AD4P_26                | BIDIR       | LVCMOS33    |      26 |         12 |                         | SLOW |                     |            FP_VTT_50 |         | FIXED      |           |          |      | NONE             |              |                   |              |
| E12        | ext_gpio[0]              | High Density     | IO_L1P_AD11P_26                    | BIDIR       | LVCMOS33    |      26 |         12 |                         | SLOW |                     |            FP_VTT_50 |         | FIXED      |           |          |      | NONE             |              |                   |              |
| E13        |                          |                  | VCCO_PSIO1_501                     | VCCO        |             |         |            |                         |      |                     |                      |   any** |            |           |          |      |                  |              |                   |              |
| E14        | GPIO1_GPIO1[34]          |                  | PS_MIO34_501                       | PSS IO      | LVCMOS18    |         |         12 |                         | FAST |                 Ohm |                      |         |            | PULLUP    |          |      |                  |              |                   |              |
| E15        | GPIO1_GPIO1[44]          |                  | PS_MIO44_501                       | PSS IO      | LVCMOS18    |         |         12 |                         | FAST |                 Ohm |                      |         |            | PULLUP    |          |      |                  |              |                   |              |
| E16        | SD1_SDIO1_CMD_OUT        |                  | PS_MIO50_501                       | PSS IO      | LVCMOS18    |         |         12 |                         | FAST |                 Ohm |                      |         |            | PULLUP    |          |      |                  |              |                   |              |
| E17        | USB0_ULPI_DIR            |                  | PS_MIO53_502                       | PSS IO      | LVCMOS18    |         |         12 |                         | FAST |                 Ohm |                      |         |            | PULLUP    |          |      |                  |              |                   |              |
| E18        |                          |                  | VCCO_PSIO2_502                     | VCCO        |             |         |            |                         |      |                     |                      |   any** |            |           |          |      |                  |              |                   |              |
| E19        | GEM3_RGMII_RXD[0]        |                  | PS_MIO71_502                       | PSS IO      | LVCMOS18    |         |         12 |                         | FAST |                 Ohm |                      |         |            | PULLDOWN  |          |      |                  |              |                   |              |
| E20        | GEM3_RGMII_RXD[1]        |                  | PS_MIO72_502                       | PSS IO      | LVCMOS18    |         |         12 |                         | FAST |                 Ohm |                      |         |            | PULLDOWN  |          |      |                  |              |                   |              |
| E21        |                          |                  | GND                                | GND         |             |         |            |                         |      |                     |                      |     0.0 |            |           |          |      |                  |              |                   |              |
| E22        |                          |                  | PS_MGTREFCLK3P_505                 | PSS IO      |             |         |            |                         |      |                     |                      |         |            |           |          |      |                  |              |                   |              |
| E23        |                          |                  | PS_MGTREFCLK3N_505                 | PSS IO      |             |         |            |                         |      |                     |                      |         |            |           |          |      |                  |              |                   |              |
| E24        |                          |                  | GND                                | GND         |             |         |            |                         |      |                     |                      |     0.0 |            |           |          |      |                  |              |                   |              |
| E25        |                          |                  | GND                                | GND         |             |         |            |                         |      |                     |                      |     0.0 |            |           |          |      |                  |              |                   |              |
| F1         |                          |                  | GND                                | GND         |             |         |            |                         |      |                     |                      |     0.0 |            |           |          |      |                  |              |                   |              |
| F2         |                          | High Performance | IO_L5N_T0U_N9_AD14N_66             | User IO     |             |      66 |            |                         |      |                     |                      |         |            |           |          |      |                  |              |                   |              |
| F3         | s_0v85_mgtravcc_sns_n    | High Performance | IO_L4N_T0U_N7_DBC_AD7N_66          | INPUT       | ANALOG      |      66 |            |                         |      |                     |                 NONE |         | FIXED      |           |          |      | NONE             |              |                   |              |
| F4         |                          | High Performance | IO_L2P_T0L_N2_66                   | User IO     |             |      66 |            |                         |      |                     |                      |         |            |           |          |      |                  |              |                   |              |
| F5         |                          | High Performance | IO_L15N_T2L_N5_AD11N_66            | User IO     |             |      66 |            |                         |      |                     |                      |         |            |           |          |      |                  |              |                   |              |
| F6         |                          |                  | GND                                | GND         |             |         |            |                         |      |                     |                      |     0.0 |            |           |          |      |                  |              |                   |              |
| F7         | s_1p3_rf_sns_n           | High Performance | IO_L18N_T2U_N11_AD2N_66            | INPUT       | ANALOG      |      66 |            |                         |      |                     |                 NONE |         | FIXED      |           |          |      | NONE             |              |                   |              |
| F8         | s_1p0_rf_sns_n           | High Performance | IO_L16N_T2U_N7_QBC_AD3N_66         | INPUT       | ANALOG      |      66 |            |                         |      |                     |                 NONE |         | FIXED      |           |          |      | NONE             |              |                   |              |
| F9         | ext_gpio[12]             | High Density     | IO_L7P_HDGC_AD5P_26                | BIDIR       | LVCMOS33    |      26 |         12 |                         | SLOW |                     |            FP_VTT_50 |         | FIXED      |           |          |      | NONE             |              |                   |              |
| F10        | add_on_gpio[3]           | High Density     | IO_L10N_AD2N_26                    | BIDIR       | LVCMOS33    |      26 |         12 |                         | SLOW |                     |            FP_VTT_50 |         | FIXED      |           |          |      | NONE             |              |                   |              |
| F11        |                          | High Density     | VCCO_26                            | VCCO        |             |      26 |            |                         |      |                     |                      |    3.30 |            |           |          |      |                  |              |                   |              |
| F12        | add_on_gpio[7]           | High Density     | IO_L12N_AD0N_26                    | BIDIR       | LVCMOS33    |      26 |         12 |                         | SLOW |                     |            FP_VTT_50 |         | FIXED      |           |          |      | NONE             |              |                   |              |
| F13        | I2C1_SDA_OUT             |                  | PS_MIO33_501                       | PSS IO      | LVCMOS18    |         |         12 |                         | FAST |                 Ohm |                      |         |            | PULLUP    |          |      |                  |              |                   |              |
| F14        | GPIO1_GPIO1[35]          |                  | PS_MIO35_501                       | PSS IO      | LVCMOS18    |         |         12 |                         | FAST |                 Ohm |                      |         |            | PULLUP    |          |      |                  |              |                   |              |
| F15        | GPIO1_GPIO1[42]          |                  | PS_MIO42_501                       | PSS IO      | LVCMOS18    |         |         12 |                         | FAST |                 Ohm |                      |         |            | PULLUP    |          |      |                  |              |                   |              |
| F16        |                          |                  | GND                                | GND         |             |         |            |                         |      |                     |                      |     0.0 |            |           |          |      |                  |              |                   |              |
| F17        | USB0_ULPI_TX_DATA[2]     |                  | PS_MIO54_502                       | PSS IO      | LVCMOS18    |         |         12 |                         | FAST |                 Ohm |                      |         |            | PULLUP    |          |      |                  |              |                   |              |
| F18        | GEM3_RGMII_TX_CLK        |                  | PS_MIO64_502                       | PSS IO      | LVCMOS18    |         |         12 |                         | FAST |                 Ohm |                      |         |            | PULLUP    |          |      |                  |              |                   |              |
| F19        | GEM3_RGMII_RX_CTL        |                  | PS_MIO75_502                       | PSS IO      | LVCMOS18    |         |         12 |                         | FAST |                 Ohm |                      |         |            | PULLUP    |          |      |                  |              |                   |              |
| F20        | GEM3_RGMII_RXD[2]        |                  | PS_MIO73_502                       | PSS IO      | LVCMOS18    |         |         12 |                         | FAST |                 Ohm |                      |         |            | PULLDOWN  |          |      |                  |              |                   |              |
| F21        |                          |                  | GND                                | GND         |             |         |            |                         |      |                     |                      |     0.0 |            |           |          |      |                  |              |                   |              |
| F22        |                          |                  | PS_MGTRAVCC                        | PSS IO      |             |         |            |                         |      |                     |                      |         |            |           |          |      |                  |              |                   |              |
| F23        |                          |                  | GND                                | GND         |             |         |            |                         |      |                     |                      |     0.0 |            |           |          |      |                  |              |                   |              |
| F24        | SATA1_MGTRTXP1           |                  | PS_MGTRTXP1_505                    | PSS IO      |             |         |            |                         |      |                 Ohm |                      |         |            |           |          |      |                  |              |                   |              |
| F25        | SATA1_MGTRTXN1           |                  | PS_MGTRTXN1_505                    | PSS IO      |             |         |            |                         |      |                 Ohm |                      |         |            |           |          |      |                  |              |                   |              |
| G1         |                          | High Performance | IO_L1N_T0L_N1_DBC_66               | User IO     |             |      66 |            |                         |      |                     |                      |         |            |           |          |      |                  |              |                   |              |
| G2         |                          | High Performance | IO_L5P_T0U_N8_AD14P_66             | User IO     |             |      66 |            |                         |      |                     |                      |         |            |           |          |      |                  |              |                   |              |
| G3         | s_0v85_mgtravcc_sns_p    | High Performance | IO_L4P_T0U_N6_DBC_AD7P_66          | INPUT       | ANALOG      |      66 |            |                         |      |                     |                 NONE |         | FIXED      |           |          |      | NONE             |              |                   |              |
| G4         |                          | High Performance | VCCO_66                            | VCCO        |             |      66 |            |                         |      |                     |                      |    1.80 |            |           |          |      |                  |              |                   |              |
| G5         |                          | High Performance | IO_L15P_T2L_N4_AD11P_66            | User IO     |             |      66 |            |                         |      |                     |                      |         |            |           |          |      |                  |              |                   |              |
| G6         | s_1p8_rf_sns_n           | High Performance | IO_L17N_T2U_N9_AD10N_66            | INPUT       | ANALOG      |      66 |            |                         |      |                     |                 NONE |         | FIXED      |           |          |      | NONE             |              |                   |              |
| G7         | s_1p3_rf_sns_p           | High Performance | IO_L18P_T2U_N10_AD2P_66            | INPUT       | ANALOG      |      66 |            |                         |      |                     |                 NONE |         | FIXED      |           |          |      | NONE             |              |                   |              |
| G8         | s_1p0_rf_sns_p           | High Performance | IO_L16P_T2U_N6_QBC_AD3P_66         | INPUT       | ANALOG      |      66 |            |                         |      |                     |                 NONE |         | FIXED      |           |          |      | NONE             |              |                   |              |
| G9         |                          |                  | GND                                | GND         |             |         |            |                         |      |                     |                      |     0.0 |            |           |          |      |                  |              |                   |              |
| G10        | add_on_gpio[2]           | High Density     | IO_L10P_AD2P_26                    | BIDIR       | LVCMOS33    |      26 |         12 |                         | SLOW |                     |            FP_VTT_50 |         | FIXED      |           |          |      | NONE             |              |                   |              |
| G11        | add_on_gpio[5]           | High Density     | IO_L11N_AD1N_26                    | BIDIR       | LVCMOS33    |      26 |         12 |                         | SLOW |                     |            FP_VTT_50 |         | FIXED      |           |          |      | NONE             |              |                   |              |
| G12        | add_on_gpio[6]           | High Density     | IO_L12P_AD0P_26                    | BIDIR       | LVCMOS33    |      26 |         12 |                         | SLOW |                     |            FP_VTT_50 |         | FIXED      |           |          |      | NONE             |              |                   |              |
| G13        | DPAUX_DP_AUX_DATA_OUT    |                  | PS_MIO27_501                       | PSS IO      | LVCMOS18    |         |         12 |                         | FAST |                 Ohm |                      |         |            | PULLUP    |          |      |                  |              |                   |              |
| G14        |                          |                  | VCCO_PSIO1_501                     | VCCO        |             |         |            |                         |      |                     |                      |   any** |            |           |          |      |                  |              |                   |              |
| G15        | GPIO1_GPIO1[40]          |                  | PS_MIO40_501                       | PSS IO      | LVCMOS18    |         |         12 |                         | FAST |                 Ohm |                      |         |            | PULLUP    |          |      |                  |              |                   |              |
| G16        | SD1_SDIO1_DATA_OUT[3]    |                  | PS_MIO49_501                       | PSS IO      | LVCMOS18    |         |         12 |                         | FAST |                 Ohm |                      |         |            | PULLUP    |          |      |                  |              |                   |              |
| G17        | USB0_ULPI_CLK_IN         |                  | PS_MIO52_502                       | PSS IO      | LVCMOS18    |         |         12 |                         | FAST |                 Ohm |                      |         |            | PULLUP    |          |      |                  |              |                   |              |
| G18        | GEM3_RGMII_TXD[3]        |                  | PS_MIO68_502                       | PSS IO      | LVCMOS18    |         |         12 |                         | FAST |                 Ohm |                      |         |            | PULLUP    |          |      |                  |              |                   |              |
| G19        |                          |                  | VCCO_PSIO2_502                     | VCCO        |             |         |            |                         |      |                     |                      |   any** |            |           |          |      |                  |              |                   |              |
| G20        | GEM3_RGMII_RXD[3]        |                  | PS_MIO74_502                       | PSS IO      | LVCMOS18    |         |         12 |                         | FAST |                 Ohm |                      |         |            | PULLDOWN  |          |      |                  |              |                   |              |
| G21        |                          |                  | GND                                | GND         |             |         |            |                         |      |                     |                      |     0.0 |            |           |          |      |                  |              |                   |              |
| G22        | SATA1_MGTREFCLK2P        |                  | PS_MGTREFCLK2P_505                 | PSS IO      |             |         |            |                         |      |                 Ohm |                      |         |            |           |          |      |                  |              |                   |              |
| G23        | SATA1_MGTREFCLK2N        |                  | PS_MGTREFCLK2N_505                 | PSS IO      |             |         |            |                         |      |                 Ohm |                      |         |            |           |          |      |                  |              |                   |              |
| G24        |                          |                  | GND                                | GND         |             |         |            |                         |      |                     |                      |     0.0 |            |           |          |      |                  |              |                   |              |
| G25        |                          |                  | GND                                | GND         |             |         |            |                         |      |                     |                      |     0.0 |            |           |          |      |                  |              |                   |              |
| H1         |                          | High Performance | IO_L1P_T0L_N0_DBC_66               | User IO     |             |      66 |            |                         |      |                     |                      |         |            |           |          |      |                  |              |                   |              |
| H2         |                          |                  | GND                                | GND         |             |         |            |                         |      |                     |                      |     0.0 |            |           |          |      |                  |              |                   |              |
| H3         | s_5v0_sns_n              | High Performance | IO_L6N_T0U_N11_AD6N_66             | INPUT       | ANALOG      |      66 |            |                         |      |                     |                 NONE |         | FIXED      |           |          |      | NONE             |              |                   |              |
| H4         | s_5v0_sns_p              | High Performance | IO_L6P_T0U_N10_AD6P_66             | INPUT       | ANALOG      |      66 |            |                         |      |                     |                 NONE |         | FIXED      |           |          |      | NONE             |              |                   |              |
| H5         |                          | High Performance | IO_T0U_N12_VRP_66                  | User IO     |             |      66 |            |                         |      |                     |                      |         |            |           |          |      |                  |              |                   |              |
| H6         | s_1p8_rf_sns_p           | High Performance | IO_L17P_T2U_N8_AD10P_66            | INPUT       | ANALOG      |      66 |            |                         |      |                     |                 NONE |         | FIXED      |           |          |      | NONE             |              |                   |              |
| H7         |                          |                  | GND                                | GND         |             |         |            |                         |      |                     |                      |     0.0 |            |           |          |      |                  |              |                   |              |
| H8         |                          | High Performance | VREF_66                            | Voltage     |             |      66 |            |                         |      |                     |                      |         |            |           |          |      |                  |              |                   |              |
| H9         | add_on_gpio[1]           | High Density     | IO_L9N_AD3N_26                     | BIDIR       | LVCMOS33    |      26 |         12 |                         | SLOW |                     |            FP_VTT_50 |         | FIXED      |           |          |      | NONE             |              |                   |              |
| H10        | add_on_gpio[0]           | High Density     | IO_L9P_AD3P_26                     | BIDIR       | LVCMOS33    |      26 |         12 |                         | SLOW |                     |            FP_VTT_50 |         | FIXED      |           |          |      | NONE             |              |                   |              |
| H11        | add_on_gpio[4]           | High Density     | IO_L11P_AD1P_26                    | BIDIR       | LVCMOS33    |      26 |         12 |                         | SLOW |                     |            FP_VTT_50 |         | FIXED      |           |          |      | NONE             |              |                   |              |
| H12        |                          |                  | GND                                | GND         |             |         |            |                         |      |                     |                      |     0.0 |            |           |          |      |                  |              |                   |              |
| H13        | GPIO1_GPIO1[26]          |                  | PS_MIO26_501                       | PSS IO      | LVCMOS18    |         |         12 |                         | FAST |                 Ohm |                      |         |            | PULLUP    |          |      |                  |              |                   |              |
| H14        | DPAUX_DP_HOT_PLUG_DETECT |                  | PS_MIO28_501                       | PSS IO      | LVCMOS18    |         |         12 |                         | FAST |                 Ohm |                      |         |            | PULLUP    |          |      |                  |              |                   |              |
| H15        | GPIO1_GPIO1[37]          |                  | PS_MIO37_501                       | PSS IO      | LVCMOS18    |         |         12 |                         | FAST |                 Ohm |                      |         |            | PULLUP    |          |      |                  |              |                   |              |
| H16        | SD1_SDIO1_CD_N           |                  | PS_MIO45_501                       | PSS IO      | LVCMOS18    |         |         12 |                         | FAST |                 Ohm |                      |         |            | PULLUP    |          |      |                  |              |                   |              |
| H17        |                          |                  | GND                                | GND         |             |         |            |                         |      |                     |                      |     0.0 |            |           |          |      |                  |              |                   |              |
| H18        | GEM3_RGMII_TXD[2]        |                  | PS_MIO67_502                       | PSS IO      | LVCMOS18    |         |         12 |                         | FAST |                 Ohm |                      |         |            | PULLUP    |          |      |                  |              |                   |              |
| H19        | MDIO3_GEM3_MDIO_OUT      |                  | PS_MIO77_502                       | PSS IO      | LVCMOS18    |         |         12 |                         | FAST |                 Ohm |                      |         |            | PULLUP    |          |      |                  |              |                   |              |
| H20        | MDIO3_GEM3_MDC           |                  | PS_MIO76_502                       | PSS IO      | LVCMOS18    |         |         12 |                         | FAST |                 Ohm |                      |         |            | PULLUP    |          |      |                  |              |                   |              |
| H21        |                          |                  | GND                                | GND         |             |         |            |                         |      |                     |                      |     0.0 |            |           |          |      |                  |              |                   |              |
| H22        |                          |                  | PS_MGTRAVCC                        | PSS IO      |             |         |            |                         |      |                     |                      |         |            |           |          |      |                  |              |                   |              |
| H23        |                          |                  | GND                                | GND         |             |         |            |                         |      |                     |                      |     0.0 |            |           |          |      |                  |              |                   |              |
| H24        | SATA1_MGTRRXP1           |                  | PS_MGTRRXP1_505                    | PSS IO      |             |         |            |                         |      |                 Ohm |                      |         |            |           |          |      |                  |              |                   |              |
| H25        | SATA1_MGTRRXN1           |                  | PS_MGTRRXN1_505                    | PSS IO      |             |         |            |                         |      |                 Ohm |                      |         |            |           |          |      |                  |              |                   |              |
| J1         | tx1_dclk_out_n           | High Performance | IO_L15N_T2L_N5_AD11N_65            | TRISTATE    | LVDS        |      65 |            |                         |      |                     |               FD_100 |         | FIXED      |           |          |      | NONE             |              | FALSE             | EQ_NONE      |
| J2         | tx1_idata_out_n          | High Performance | IO_L17N_T2U_N9_AD10N_65            | TRISTATE    | LVDS        |      65 |            |                         |      |                     |               FD_100 |         | FIXED      |           |          |      | NONE             |              | FALSE             | EQ_NONE      |
| J3         | tx1_idata_out_p          | High Performance | IO_L17P_T2U_N8_AD10P_65            | TRISTATE    | LVDS        |      65 |            |                         |      |                     |               FD_100 |         | FIXED      |           |          |      | NONE             |              | FALSE             | EQ_NONE      |
| J4         | tx2_enable               | High Performance | IO_L23N_T3U_N9_65                  | OUTPUT      | LVCMOS18    |      65 |         12 |                         | SLOW |                     |            FP_VTT_50 |         | FIXED      |           |          |      | NONE             |              |                   |              |
| J5         |                          |                  | GND                                | GND         |             |         |            |                         |      |                     |                      |     0.0 |            |           |          |      |                  |              |                   |              |
| J6         | clksrc                   | High Performance | IO_L24N_T3U_N11_PERSTN0_65         | OUTPUT      | LVCMOS18    |      65 |         12 |                         | SLOW |                     |            FP_VTT_50 |         | FIXED      |           |          |      | NONE             |              |                   |              |
| J7         | gp_int                   | High Performance | IO_L24P_T3U_N10_PERSTN1_I2C_SDA_65 | INPUT       | LVCMOS18    |      65 |            |                         |      |                     |                 NONE |         | FIXED      |           |          |      | NONE             |              |                   |              |
| J8         |                          |                  | VCCAUX_IO                          | VCCAUX      |             |         |            |                         |      |                     |                      |         |            |           |          |      |                  |              |                   |              |
| J9         |                          |                  | GND                                | GND         |             |         |            |                         |      |                     |                      |     0.0 |            |           |          |      |                  |              |                   |              |
| J10        |                          |                  | VCCINT                             | VCCINT      |             |         |            |                         |      |                     |                      |         |            |           |          |      |                  |              |                   |              |
| J11        |                          |                  | GND                                | GND         |             |         |            |                         |      |                     |                      |     0.0 |            |           |          |      |                  |              |                   |              |
| J12        |                          |                  | VCCINT                             | VCCINT      |             |         |            |                         |      |                     |                      |         |            |           |          |      |                  |              |                   |              |
| J13        |                          |                  | GND                                | GND         |             |         |            |                         |      |                     |                      |     0.0 |            |           |          |      |                  |              |                   |              |
| J14        |                          |                  | VCCINT                             | VCCINT      |             |         |            |                         |      |                     |                      |         |            |           |          |      |                  |              |                   |              |
| J15        |                          |                  | GND                                | GND         |             |         |            |                         |      |                     |                      |     0.0 |            |           |          |      |                  |              |                   |              |
| J16        | PS_MODE1                 |                  | PS_MODE1_503                       | PSS IO      | LVCMOS18    |         |         12 |                         | FAST |                 Ohm |                      |         |            |           |          |      |                  |              |                   |              |
| J17        | PS_MODE2                 |                  | PS_MODE2_503                       | PSS IO      | LVCMOS18    |         |         12 |                         | FAST |                 Ohm |                      |         |            |           |          |      |                  |              |                   |              |
| J18        | PS_MODE0                 |                  | PS_MODE0_503                       | PSS IO      | LVCMOS18    |         |         12 |                         | FAST |                 Ohm |                      |         |            |           |          |      |                  |              |                   |              |
| J19        | PS_ERROR_OUT             |                  | PS_ERROR_OUT_503                   | PSS IO      | LVCMOS18    |         |         12 |                         | FAST |                 Ohm |                      |         |            |           |          |      |                  |              |                   |              |
| J20        |                          |                  | VCCO_PSIO3_503                     | VCCO        |             |         |            |                         |      |                     |                      |   any** |            |           |          |      |                  |              |                   |              |
| J21        |                          |                  | GND                                | GND         |             |         |            |                         |      |                     |                      |     0.0 |            |           |          |      |                  |              |                   |              |
| J22        | DP0_DP1_MGTREFCLK1P      |                  | PS_MGTREFCLK1P_505                 | PSS IO      |             |         |            |                         |      |                 Ohm |                      |         |            |           |          |      |                  |              |                   |              |
| J23        | DP0_DP1_MGTREFCLK1N      |                  | PS_MGTREFCLK1N_505                 | PSS IO      |             |         |            |                         |      |                 Ohm |                      |         |            |           |          |      |                  |              |                   |              |
| J24        |                          |                  | GND                                | GND         |             |         |            |                         |      |                     |                      |     0.0 |            |           |          |      |                  |              |                   |              |
| J25        |                          |                  | GND                                | GND         |             |         |            |                         |      |                     |                      |     0.0 |            |           |          |      |                  |              |                   |              |
| K1         | tx1_dclk_out_p           | High Performance | IO_L15P_T2L_N4_AD11P_65            | TRISTATE    | LVDS        |      65 |            |                         |      |                     |               FD_100 |         | FIXED      |           |          |      | NONE             |              | FALSE             | EQ_NONE      |
| K2         | tx1_qdata_out_n          | High Performance | IO_L18N_T2U_N11_AD2N_65            | TRISTATE    | LVDS        |      65 |            |                         |      |                     |               FD_100 |         | FIXED      |           |          |      | NONE             |              | FALSE             | EQ_NONE      |
| K3         |                          |                  | GND                                | GND         |             |         |            |                         |      |                     |                      |     0.0 |            |           |          |      |                  |              |                   |              |
| K4         | tx1_enable               | High Performance | IO_L23P_T3U_N8_I2C_SCLK_65         | OUTPUT      | LVCMOS18    |      65 |         12 |                         | SLOW |                     |            FP_VTT_50 |         | FIXED      |           |          |      | NONE             |              |                   |              |
| K5         | tx2_idata_out_n          | High Performance | IO_L21N_T3L_N5_AD8N_65             | TRISTATE    | LVDS        |      65 |            |                         |      |                     |               FD_100 |         | FIXED      |           |          |      | NONE             |              | FALSE             | EQ_NONE      |
| K6         | tx2_idata_out_p          | High Performance | IO_L21P_T3L_N4_AD8P_65             | TRISTATE    | LVDS        |      65 |            |                         |      |                     |               FD_100 |         | FIXED      |           |          |      | NONE             |              | FALSE             | EQ_NONE      |
| K7         | tx2_qdata_out_n          | High Performance | IO_L22N_T3U_N7_DBC_AD0N_65         | TRISTATE    | LVDS        |      65 |            |                         |      |                     |               FD_100 |         | FIXED      |           |          |      | NONE             |              | FALSE             | EQ_NONE      |
| K8         |                          |                  | GND                                | GND         |             |         |            |                         |      |                     |                      |     0.0 |            |           |          |      |                  |              |                   |              |
| K9         |                          |                  | VCCINT                             | VCCINT      |             |         |            |                         |      |                     |                      |         |            |           |          |      |                  |              |                   |              |
| K10        |                          |                  | GND                                | GND         |             |         |            |                         |      |                     |                      |     0.0 |            |           |          |      |                  |              |                   |              |
| K11        |                          |                  | VCCINT                             | VCCINT      |             |         |            |                         |      |                     |                      |         |            |           |          |      |                  |              |                   |              |
| K12        |                          |                  | GND                                | GND         |             |         |            |                         |      |                     |                      |     0.0 |            |           |          |      |                  |              |                   |              |
| K13        |                          |                  | VCCINT                             | VCCINT      |             |         |            |                         |      |                     |                      |         |            |           |          |      |                  |              |                   |              |
| K14        |                          |                  | GND                                | GND         |             |         |            |                         |      |                     |                      |     0.0 |            |           |          |      |                  |              |                   |              |
| K15        | PS_REF_CLK               |                  | PS_REF_CLK_503                     | PSS Clock   | LVCMOS18    |         |          2 |                         | SLOW |                 Ohm |                      |         |            |           |          |      |                  |              |                   |              |
| K16        | PS_JTAG_TCK              |                  | PS_JTAG_TCK_503                    | PSS IO      | LVCMOS18    |         |         12 |                         | FAST |                 Ohm |                      |         |            |           |          |      |                  |              |                   |              |
| K17        | PS_PADI                  |                  | PS_PADI_503                        | PSS IO      | LVCMOS18    |         |         12 |                         | FAST |                 Ohm |                      |         |            |           |          |      |                  |              |                   |              |
| K18        |                          |                  | VCCO_PSIO3_503                     | VCCO        |             |         |            |                         |      |                     |                      |   any** |            |           |          |      |                  |              |                   |              |
| K19        | PS_PADO                  |                  | PS_PADO_503                        | PSS IO      | LVCMOS18    |         |         12 |                         | FAST |                 Ohm |                      |         |            |           |          |      |                  |              |                   |              |
| K20        | PS_MODE3                 |                  | PS_MODE3_503                       | PSS IO      | LVCMOS18    |         |         12 |                         | FAST |                 Ohm |                      |         |            |           |          |      |                  |              |                   |              |
| K21        |                          |                  | GND                                | GND         |             |         |            |                         |      |                     |                      |     0.0 |            |           |          |      |                  |              |                   |              |
| K22        |                          |                  | PS_MGTRREF_505                     | PSS IO      |             |         |            |                         |      |                     |                      |         |            |           |          |      |                  |              |                   |              |
| K23        |                          |                  | GND                                | GND         |             |         |            |                         |      |                     |                      |     0.0 |            |           |          |      |                  |              |                   |              |
| K24        | USB0_MGTRTXP0            |                  | PS_MGTRTXP0_505                    | PSS IO      |             |         |            |                         |      |                 Ohm |                      |         |            |           |          |      |                  |              |                   |              |
| K25        | USB0_MGTRTXN0            |                  | PS_MGTRTXN0_505                    | PSS IO      |             |         |            |                         |      |                 Ohm |                      |         |            |           |          |      |                  |              |                   |              |
| L1         |                          |                  | GND                                | GND         |             |         |            |                         |      |                     |                      |     0.0 |            |           |          |      |                  |              |                   |              |
| L2         | tx1_qdata_out_p          | High Performance | IO_L18P_T2U_N10_AD2P_65            | TRISTATE    | LVDS        |      65 |            |                         |      |                     |               FD_100 |         | FIXED      |           |          |      | NONE             |              | FALSE             | EQ_NONE      |
| L3         | tx2_dclk_in_n            | High Performance | IO_L13N_T2L_N1_GC_QBC_65           | INPUT       | LVDS        |      65 |            |                         |      | 100Ohm Differential |                 NONE |         | FIXED      |           |          |      | NONE             |              | FALSE             | EQ_NONE      |
| L4         | mode                     | High Performance | IO_T2U_N12_65                      | OUTPUT      | LVCMOS18    |      65 |         12 |                         | SLOW |                     |            FP_VTT_50 |         | FIXED      |           |          |      | NONE             |              |                   |              |
| L5         | tx2_dclk_out_n           | High Performance | IO_L19N_T3L_N1_DBC_AD9N_65         | TRISTATE    | LVDS        |      65 |            |                         |      |                     |               FD_100 |         | FIXED      |           |          |      | NONE             |              | FALSE             | EQ_NONE      |
| L6         |                          | High Performance | VCCO_65                            | VCCO        |             |      65 |            |                         |      |                     |                      |    1.80 |            |           |          |      |                  |              |                   |              |
| L7         | tx2_qdata_out_p          | High Performance | IO_L22P_T3U_N6_DBC_AD0P_65         | TRISTATE    | LVDS        |      65 |            |                         |      |                     |               FD_100 |         | FIXED      |           |          |      | NONE             |              | FALSE             | EQ_NONE      |
| L8         |                          |                  | VCCAUX_IO                          | VCCAUX      |             |         |            |                         |      |                     |                      |         |            |           |          |      |                  |              |                   |              |
| L9         |                          |                  | VCCAUX                             | VCCAUX      |             |         |            |                         |      |                     |                      |    1.80 |            |           |          |      |                  |              |                   |              |
| L10        |                          |                  | VCCINT                             | VCCINT      |             |         |            |                         |      |                     |                      |         |            |           |          |      |                  |              |                   |              |
| L11        |                          |                  | GND                                | GND         |             |         |            |                         |      |                     |                      |     0.0 |            |           |          |      |                  |              |                   |              |
| L12        |                          |                  | VCCINT                             | VCCINT      |             |         |            |                         |      |                     |                      |         |            |           |          |      |                  |              |                   |              |
| L13        |                          |                  | GND                                | GND         |             |         |            |                         |      |                     |                      |     0.0 |            |           |          |      |                  |              |                   |              |
| L14        |                          |                  | VCCINT                             | VCCINT      |             |         |            |                         |      |                     |                      |         |            |           |          |      |                  |              |                   |              |
| L15        | PS_JTAG_TDI              |                  | PS_JTAG_TDI_503                    | PSS IO      | LVCMOS18    |         |         12 |                         | FAST |                 Ohm |                      |         |            |           |          |      |                  |              |                   |              |
| L16        |                          |                  | GND                                | GND         |             |         |            |                         |      |                     |                      |     0.0 |            |           |          |      |                  |              |                   |              |
| L17        | PS_JTAG_TDO              |                  | PS_JTAG_TDO_503                    | PSS IO      | LVCMOS18    |         |         12 |                         | FAST |                 Ohm |                      |         |            |           |          |      |                  |              |                   |              |
| L18        | PS_JTAG_TMS              |                  | PS_JTAG_TMS_503                    | PSS IO      | LVCMOS18    |         |         12 |                         | FAST |                 Ohm |                      |         |            |           |          |      |                  |              |                   |              |
| L19        | PS_INIT_B                |                  | PS_INIT_B_503                      | PSS IO      | LVCMOS18    |         |         12 |                         | FAST |                 Ohm |                      |         |            |           |          |      |                  |              |                   |              |
| L20        | PS_ERROR_STATUS          |                  | PS_ERROR_STATUS_503                | PSS IO      | LVCMOS18    |         |         12 |                         | FAST |                 Ohm |                      |         |            |           |          |      |                  |              |                   |              |
| L21        |                          |                  | GND                                | GND         |             |         |            |                         |      |                     |                      |     0.0 |            |           |          |      |                  |              |                   |              |
| L22        | USB0_MGTREFCLK0P         |                  | PS_MGTREFCLK0P_505                 | PSS IO      |             |         |            |                         |      |                 Ohm |                      |         |            |           |          |      |                  |              |                   |              |
| L23        | USB0_MGTREFCLK0N         |                  | PS_MGTREFCLK0N_505                 | PSS IO      |             |         |            |                         |      |                 Ohm |                      |         |            |           |          |      |                  |              |                   |              |
| L24        |                          |                  | GND                                | GND         |             |         |            |                         |      |                     |                      |     0.0 |            |           |          |      |                  |              |                   |              |
| L25        |                          |                  | GND                                | GND         |             |         |            |                         |      |                     |                      |     0.0 |            |           |          |      |                  |              |                   |              |
| M1         | tx1_strobe_out_n         | High Performance | IO_L16N_T2U_N7_QBC_AD3N_65         | TRISTATE    | LVDS        |      65 |            |                         |      |                     |               FD_100 |         | FIXED      |           |          |      | NONE             |              | FALSE             | EQ_NONE      |
| M2         | tx1_strobe_out_p         | High Performance | IO_L16P_T2U_N6_QBC_AD3P_65         | TRISTATE    | LVDS        |      65 |            |                         |      |                     |               FD_100 |         | FIXED      |           |          |      | NONE             |              | FALSE             | EQ_NONE      |
| M3         | tx2_dclk_in_p            | High Performance | IO_L13P_T2L_N0_GC_QBC_65           | INPUT       | LVDS        |      65 |            |                         |      | 100Ohm Differential |                 NONE |         | FIXED      |           |          |      | NONE             |              | FALSE             | EQ_NONE      |
| M4         |                          |                  | GND                                | GND         |             |         |            |                         |      |                     |                      |     0.0 |            |           |          |      |                  |              |                   |              |
| M5         | tx2_strobe_out_n         | High Performance | IO_L20N_T3L_N3_AD1N_65             | TRISTATE    | LVDS        |      65 |            |                         |      |                     |               FD_100 |         | FIXED      |           |          |      | NONE             |              | FALSE             | EQ_NONE      |
| M6         | tx2_dclk_out_p           | High Performance | IO_L19P_T3L_N0_DBC_AD9P_65         | TRISTATE    | LVDS        |      65 |            |                         |      |                     |               FD_100 |         | FIXED      |           |          |      | NONE             |              | FALSE             | EQ_NONE      |
| M7         | spi_enb                  | High Performance | IO_T3U_N12_65                      | OUTPUT      | LVCMOS18    |      65 |         12 |                         | SLOW |                     |            FP_VTT_50 |         | FIXED      |           |          |      | NONE             |              |                   |              |
| M8         |                          |                  | VCCAUX_IO                          | VCCAUX      |             |         |            |                         |      |                     |                      |         |            |           |          |      |                  |              |                   |              |
| M9         |                          |                  | VCCAUX                             | VCCAUX      |             |         |            |                         |      |                     |                      |    1.80 |            |           |          |      |                  |              |                   |              |
| M10        |                          |                  | GND                                | GND         |             |         |            |                         |      |                     |                      |     0.0 |            |           |          |      |                  |              |                   |              |
| M11        |                          |                  | VCCINT                             | VCCINT      |             |         |            |                         |      |                     |                      |         |            |           |          |      |                  |              |                   |              |
| M12        |                          | Dedicated        | GNDADC                             | XADC        |             |       0 |            |                         |      |                     |                      |         |            |           |          |      |                  |              |                   |              |
| M13        |                          | Dedicated        | VCCADC                             | XADC        |             |       0 |            |                         |      |                     |                      |         |            |           |          |      |                  |              |                   |              |
| M14        |                          |                  | GND                                | GND         |             |         |            |                         |      |                     |                      |     0.0 |            |           |          |      |                  |              |                   |              |
| M15        |                          |                  | VCC_PSPLL                          | PSS VCCPLL  |             |         |            |                         |      |                     |                      |         |            |           |          |      |                  |              |                   |              |
| M16        |                          |                  | VCC_PSPLL                          | PSS VCCPLL  |             |         |            |                         |      |                     |                      |         |            |           |          |      |                  |              |                   |              |
| M17        |                          |                  | VCC_PSPLL                          | PSS VCCPLL  |             |         |            |                         |      |                     |                      |         |            |           |          |      |                  |              |                   |              |
| M18        | PS_PROG_B                |                  | PS_PROG_B_503                      | PSS IO      | LVCMOS18    |         |         12 |                         | FAST |                 Ohm |                      |         |            |           |          |      |                  |              |                   |              |
| M19        |                          |                  | GND                                | GND         |             |         |            |                         |      |                     |                      |     0.0 |            |           |          |      |                  |              |                   |              |
| M20        | PS_POR_B                 |                  | PS_POR_B_503                       | PSS IO      | LVCMOS18    |         |         12 |                         | FAST |                 Ohm |                      |         |            |           |          |      |                  |              |                   |              |
| M21        |                          |                  | GND                                | GND         |             |         |            |                         |      |                     |                      |     0.0 |            |           |          |      |                  |              |                   |              |
| M22        |                          |                  | GND                                | GND         |             |         |            |                         |      |                     |                      |     0.0 |            |           |          |      |                  |              |                   |              |
| M23        |                          |                  | GND                                | GND         |             |         |            |                         |      |                     |                      |     0.0 |            |           |          |      |                  |              |                   |              |
| M24        | USB0_MGTRRXP0            |                  | PS_MGTRRXP0_505                    | PSS IO      |             |         |            |                         |      |                 Ohm |                      |         |            |           |          |      |                  |              |                   |              |
| M25        | USB0_MGTRRXN0            |                  | PS_MGTRRXN0_505                    | PSS IO      |             |         |            |                         |      |                 Ohm |                      |         |            |           |          |      |                  |              |                   |              |
| N1         | dev_mcs_fpga_out_p       | High Performance | IO_L3P_T0L_N4_AD15P_65             | OUTPUT      | LVDS        |      65 |            |                         |      |                     |               FD_100 |         | FIXED      |           |          |      | NONE             |              | FALSE             | EQ_NONE      |
| N2         |                          |                  | GND                                | GND         |             |         |            |                         |      |                     |                      |     0.0 |            |           |          |      |                  |              |                   |              |
| N3         | tx1_dclk_in_n            | High Performance | IO_L14N_T2L_N3_GC_65               | INPUT       | LVDS        |      65 |            |                         |      | 100Ohm Differential |                 NONE |         | FIXED      |           |          |      | NONE             |              | FALSE             | EQ_NONE      |
| N4         | tx1_dclk_in_p            | High Performance | IO_L14P_T2L_N2_GC_65               | INPUT       | LVDS        |      65 |            |                         |      | 100Ohm Differential |                 NONE |         | FIXED      |           |          |      | NONE             |              | FALSE             | EQ_NONE      |
| N5         | tx2_strobe_out_p         | High Performance | IO_L20P_T3L_N2_AD1P_65             | TRISTATE    | LVDS        |      65 |            |                         |      |                     |               FD_100 |         | FIXED      |           |          |      | NONE             |              | FALSE             | EQ_NONE      |
| N6         |                          | High Performance | VREF_65                            | Voltage     |             |      65 |            |                         |      |                     |                      |         |            |           |          |      |                  |              |                   |              |
| N7         |                          |                  | GND                                | GND         |             |         |            |                         |      |                     |                      |     0.0 |            |           |          |      |                  |              |                   |              |
| N8         |                          |                  | VCCINT_IO                          | VCCINT      |             |         |            |                         |      |                     |                      |         |            |           |          |      |                  |              |                   |              |
| N9         |                          |                  | GND                                | GND         |             |         |            |                         |      |                     |                      |     0.0 |            |           |          |      |                  |              |                   |              |
| N10        |                          |                  | VCCINT                             | VCCINT      |             |         |            |                         |      |                     |                      |         |            |           |          |      |                  |              |                   |              |
| N11        |                          |                  | GND                                | GND         |             |         |            |                         |      |                     |                      |     0.0 |            |           |          |      |                  |              |                   |              |
| N12        |                          | Dedicated        | VREFN                              | XADC        |             |       0 |            |                         |      |                     |                      |         |            |           |          |      |                  |              |                   |              |
| N13        |                          |                  | VP                                 | XADC        |             |         |            |                         |      |                     |                      |         |            |           |          |      |                  |              |                   |              |
| N14        |                          |                  | VCCINT                             | VCCINT      |             |         |            |                         |      |                     |                      |         |            |           |          |      |                  |              |                   |              |
| N15        |                          |                  | VCC_PSDDR_PLL                      | PSS VCCPLL  |             |         |            |                         |      |                     |                      |         |            |           |          |      |                  |              |                   |              |
| N16        |                          |                  | VCC_PSDDR_PLL                      | PSS VCCPLL  |             |         |            |                         |      |                     |                      |         |            |           |          |      |                  |              |                   |              |
| N17        |                          |                  | GND                                | GND         |             |         |            |                         |      |                     |                      |     0.0 |            |           |          |      |                  |              |                   |              |
| N18        |                          |                  | VCC_PSAUX                          | PSS VCCAUX  |             |         |            |                         |      |                     |                      |         |            |           |          |      |                  |              |                   |              |
| N19        |                          |                  | VCC_PSBATT                         | VBATT       |             |         |            |                         |      |                     |                      |         |            |           |          |      |                  |              |                   |              |
| N20        | PS_SRST_B                |                  | PS_SRST_B_503                      | PSS IO      | LVCMOS18    |         |         12 |                         | FAST |                 Ohm |                      |         |            |           |          |      |                  |              |                   |              |
| N21        | PS_DONE                  |                  | PS_DONE_503                        | PSS IO      | LVCMOS18    |         |         12 |                         | FAST |                 Ohm |                      |         |            |           |          |      |                  |              |                   |              |
| N22        |                          |                  | PS_DDR_DQ69_504                    | PSS IO      |             |         |            |                         |      |                     |                      |         |            |           |          |      |                  |              |                   |              |
| N23        |                          |                  | GND                                | GND         |             |         |            |                         |      |                     |                      |     0.0 |            |           |          |      |                  |              |                   |              |
| N24        |                          |                  | GND                                | GND         |             |         |            |                         |      |                     |                      |     0.0 |            |           |          |      |                  |              |                   |              |
| N25        |                          |                  | GND                                | GND         |             |         |            |                         |      |                     |                      |     0.0 |            |           |          |      |                  |              |                   |              |
| P1         | dev_mcs_fpga_out_n       | High Performance | IO_L3N_T0L_N5_AD15N_65             | OUTPUT      | LVDS        |      65 |            |                         |      |                     |               FD_100 |         | FIXED      |           |          |      | NONE             |              | FALSE             | EQ_NONE      |
| P2         | rx1_idata_in_n           | High Performance | IO_L5N_T0U_N9_AD14N_65             | INPUT       | LVDS        |      65 |            |                         |      | 100Ohm Differential |                 NONE |         | FIXED      |           |          |      | NONE             |              | FALSE             | EQ_NONE      |
| P3         | rx1_idata_in_p           | High Performance | IO_L5P_T0U_N8_AD14P_65             | INPUT       | LVDS        |      65 |            |                         |      | 100Ohm Differential |                 NONE |         | FIXED      |           |          |      | NONE             |              | FALSE             | EQ_NONE      |
| P4         | rx1_dclk_in_p            | High Performance | IO_L11P_T1U_N8_GC_65               | INPUT       | LVDS        |      65 |            |                         |      | 100Ohm Differential |                 NONE |         | FIXED      |           |          |      | NONE             |              | FALSE             | EQ_NONE      |
| P5         |                          | High Performance | VCCO_65                            | VCCO        |             |      65 |            |                         |      |                     |                      |    1.80 |            |           |          |      |                  |              |                   |              |
| P6         | rx2_enable               | High Performance | IO_L10N_T1U_N7_QBC_AD4N_65         | OUTPUT      | LVCMOS18    |      65 |         12 |                         | SLOW |                     |            FP_VTT_50 |         | FIXED      |           |          |      | NONE             |              |                   |              |
| P7         |                          | High Performance | IO_L10P_T1U_N6_QBC_AD4P_65         | User IO     |             |      65 |            |                         |      |                     |                      |         |            |           |          |      |                  |              |                   |              |
| P8         |                          |                  | VCCINT_IO                          | VCCINT      |             |         |            |                         |      |                     |                      |         |            |           |          |      |                  |              |                   |              |
| P9         |                          |                  | VCCBRAM                            | VCCBRAM     |             |         |            |                         |      |                     |                      |         |            |           |          |      |                  |              |                   |              |
| P10        |                          |                  | GND                                | GND         |             |         |            |                         |      |                     |                      |     0.0 |            |           |          |      |                  |              |                   |              |
| P11        |                          |                  | VCCINT                             | VCCINT      |             |         |            |                         |      |                     |                      |         |            |           |          |      |                  |              |                   |              |
| P12        |                          |                  | VN                                 | XADC        |             |         |            |                         |      |                     |                      |         |            |           |          |      |                  |              |                   |              |
| P13        |                          | Dedicated        | VREFP                              | XADC        |             |       0 |            |                         |      |                     |                      |         |            |           |          |      |                  |              |                   |              |
| P14        |                          |                  | GND                                | GND         |             |         |            |                         |      |                     |                      |     0.0 |            |           |          |      |                  |              |                   |              |
| P15        |                          |                  | VCC_PSINTLP                        | PSS VCCINT  |             |         |            |                         |      |                     |                      |         |            |           |          |      |                  |              |                   |              |
| P16        |                          |                  | GND                                | GND         |             |         |            |                         |      |                     |                      |     0.0 |            |           |          |      |                  |              |                   |              |
| P17        |                          |                  | VCC_PSINTLP                        | PSS VCCINT  |             |         |            |                         |      |                     |                      |         |            |           |          |      |                  |              |                   |              |
| P18        |                          |                  | VCC_PSAUX                          | PSS VCCAUX  |             |         |            |                         |      |                     |                      |         |            |           |          |      |                  |              |                   |              |
| P19        |                          |                  | VCC_PSAUX                          | PSS VCCAUX  |             |         |            |                         |      |                     |                      |         |            |           |          |      |                  |              |                   |              |
| P20        |                          |                  | GND                                | GND         |             |         |            |                         |      |                     |                      |     0.0 |            |           |          |      |                  |              |                   |              |
| P21        |                          |                  | PS_DDR_DQ70_504                    | PSS IO      |             |         |            |                         |      |                     |                      |         |            |           |          |      |                  |              |                   |              |
| P22        |                          |                  | PS_DDR_DQS_P8_504                  | PSS IO      |             |         |            |                         |      |                     |                      |         |            |           |          |      |                  |              |                   |              |
| P23        |                          |                  | PS_DDR_DM8_504                     | PSS IO      |             |         |            |                         |      |                     |                      |         |            |           |          |      |                  |              |                   |              |
| P24        |                          |                  | PS_DDR_DQ67_504                    | PSS IO      |             |         |            |                         |      |                     |                      |         |            |           |          |      |                  |              |                   |              |
| P25        |                          |                  | GND                                | GND         |             |         |            |                         |      |                     |                      |     0.0 |            |           |          |      |                  |              |                   |              |
| R1         | spi_do                   | High Performance | IO_L1N_T0L_N1_DBC_65               | OUTPUT      | LVCMOS18    |      65 |         12 |                         | SLOW |                     |            FP_VTT_50 |         | FIXED      |           |          |      | NONE             |              |                   |              |
| R2         | spi_clk                  | High Performance | IO_L1P_T0L_N0_DBC_65               | OUTPUT      | LVCMOS18    |      65 |         12 |                         | SLOW |                     |            FP_VTT_50 |         | FIXED      |           |          |      | NONE             |              |                   |              |
| R3         |                          |                  | GND                                | GND         |             |         |            |                         |      |                     |                      |     0.0 |            |           |          |      |                  |              |                   |              |
| R4         | rx1_dclk_in_n            | High Performance | IO_L11N_T1U_N9_GC_65               | INPUT       | LVDS        |      65 |            |                         |      | 100Ohm Differential |                 NONE |         | FIXED      |           |          |      | NONE             |              | FALSE             | EQ_NONE      |
| R5         | rx2_dclk_in_n            | High Performance | IO_L12N_T1U_N11_GC_65              | INPUT       | LVDS        |      65 |            |                         |      | 100Ohm Differential |                 NONE |         | FIXED      |           |          |      | NONE             |              | FALSE             | EQ_NONE      |
| R6         | rx2_dclk_in_p            | High Performance | IO_L12P_T1U_N10_GC_65              | INPUT       | LVDS        |      65 |            |                         |      | 100Ohm Differential |                 NONE |         | FIXED      |           |          |      | NONE             |              | FALSE             | EQ_NONE      |
| R7         | rx2_idata_in_p           | High Performance | IO_L8P_T1L_N2_AD5P_65              | INPUT       | LVDS        |      65 |            |                         |      | 100Ohm Differential |                 NONE |         | FIXED      |           |          |      | NONE             |              | FALSE             | EQ_NONE      |
| R8         |                          |                  | VCCINT_IO                          | VCCINT      |             |         |            |                         |      |                     |                      |         |            |           |          |      |                  |              |                   |              |
| R9         |                          |                  | VCCBRAM                            | VCCBRAM     |             |         |            |                         |      |                     |                      |         |            |           |          |      |                  |              |                   |              |
| R10        |                          |                  | VCCINT                             | VCCINT      |             |         |            |                         |      |                     |                      |         |            |           |          |      |                  |              |                   |              |
| R11        |                          |                  | GND                                | GND         |             |         |            |                         |      |                     |                      |     0.0 |            |           |          |      |                  |              |                   |              |
| R12        |                          | Dedicated        | DXN                                | Temp Sensor |             |       0 |            |                         |      |                     |                      |         |            |           |          |      |                  |              |                   |              |
| R13        |                          | Dedicated        | DXP                                | Temp Sensor |             |       0 |            |                         |      |                     |                      |         |            |           |          |      |                  |              |                   |              |
| R14        |                          |                  | VCCINT                             | VCCINT      |             |         |            |                         |      |                     |                      |         |            |           |          |      |                  |              |                   |              |
| R15        |                          |                  | VCC_PSINTLP                        | PSS VCCINT  |             |         |            |                         |      |                     |                      |         |            |           |          |      |                  |              |                   |              |
| R16        |                          |                  | VCC_PSINTLP                        | PSS VCCINT  |             |         |            |                         |      |                     |                      |         |            |           |          |      |                  |              |                   |              |
| R17        |                          |                  | VCC_PSINTLP                        | PSS VCCINT  |             |         |            |                         |      |                     |                      |         |            |           |          |      |                  |              |                   |              |
| R18        |                          |                  | GND                                | GND         |             |         |            |                         |      |                     |                      |     0.0 |            |           |          |      |                  |              |                   |              |
| R19        |                          |                  | VCC_PSAUX                          | PSS VCCAUX  |             |         |            |                         |      |                     |                      |         |            |           |          |      |                  |              |                   |              |
| R20        |                          |                  | VCC_PSINTFP_DDR                    | PSS VCCINT  |             |         |            |                         |      |                     |                      |         |            |           |          |      |                  |              |                   |              |
| R21        |                          |                  | PS_DDR_DQ71_504                    | PSS IO      |             |         |            |                         |      |                     |                      |         |            |           |          |      |                  |              |                   |              |
| R22        |                          |                  | PS_DDR_DQS_N8_504                  | PSS IO      |             |         |            |                         |      |                     |                      |         |            |           |          |      |                  |              |                   |              |
| R23        |                          |                  | GND                                | GND         |             |         |            |                         |      |                     |                      |     0.0 |            |           |          |      |                  |              |                   |              |
| R24        |                          |                  | PS_DDR_DQ65_504                    | PSS IO      |             |         |            |                         |      |                     |                      |         |            |           |          |      |                  |              |                   |              |
| R25        |                          |                  | PS_DDR_DQ66_504                    | PSS IO      |             |         |            |                         |      |                     |                      |         |            |           |          |      |                  |              |                   |              |
| T1         |                          |                  | GND                                | GND         |             |         |            |                         |      |                     |                      |     0.0 |            |           |          |      |                  |              |                   |              |
| T2         |                          | High Performance | IO_T0U_N12_VRP_65                  | User IO     |             |      65 |            |                         |      |                     |                      |         |            |           |          |      |                  |              |                   |              |
| T3         | rx1_qdata_in_p           | High Performance | IO_L6P_T0U_N10_AD6P_65             | INPUT       | LVDS        |      65 |            |                         |      | 100Ohm Differential |                 NONE |         | FIXED      |           |          |      | NONE             |              | FALSE             | EQ_NONE      |
| T4         | rx2_qdata_in_n           | High Performance | IO_L9N_T1L_N5_AD12N_65             | INPUT       | LVDS        |      65 |            |                         |      | 100Ohm Differential |                 NONE |         | FIXED      |           |          |      | NONE             |              | FALSE             | EQ_NONE      |
| T5         | rx2_qdata_in_p           | High Performance | IO_L9P_T1L_N4_AD12P_65             | INPUT       | LVDS        |      65 |            |                         |      | 100Ohm Differential |                 NONE |         | FIXED      |           |          |      | NONE             |              | FALSE             | EQ_NONE      |
| T6         |                          |                  | GND                                | GND         |             |         |            |                         |      |                     |                      |     0.0 |            |           |          |      |                  |              |                   |              |
| T7         | rx2_idata_in_n           | High Performance | IO_L8N_T1L_N3_AD5N_65              | INPUT       | LVDS        |      65 |            |                         |      | 100Ohm Differential |                 NONE |         | FIXED      |           |          |      | NONE             |              | FALSE             | EQ_NONE      |
| T8         |                          |                  | GND                                | GND         |             |         |            |                         |      |                     |                      |     0.0 |            |           |          |      |                  |              |                   |              |
| T9         |                          |                  | VCCBRAM                            | VCCBRAM     |             |         |            |                         |      |                     |                      |         |            |           |          |      |                  |              |                   |              |
| T10        |                          |                  | GND                                | GND         |             |         |            |                         |      |                     |                      |     0.0 |            |           |          |      |                  |              |                   |              |
| T11        |                          |                  | VCCINT                             | VCCINT      |             |         |            |                         |      |                     |                      |         |            |           |          |      |                  |              |                   |              |
| T12        |                          |                  | GND                                | GND         |             |         |            |                         |      |                     |                      |     0.0 |            |           |          |      |                  |              |                   |              |
| T13        |                          |                  | VCCINT                             | VCCINT      |             |         |            |                         |      |                     |                      |         |            |           |          |      |                  |              |                   |              |
| T14        |                          |                  | GND                                | GND         |             |         |            |                         |      |                     |                      |     0.0 |            |           |          |      |                  |              |                   |              |
| T15        |                          |                  | VCC_PSINTFP                        | PSS VCCINT  |             |         |            |                         |      |                     |                      |         |            |           |          |      |                  |              |                   |              |
| T16        |                          |                  | GND                                | GND         |             |         |            |                         |      |                     |                      |     0.0 |            |           |          |      |                  |              |                   |              |
| T17        |                          |                  | VCC_PSINTLP                        | PSS VCCINT  |             |         |            |                         |      |                     |                      |         |            |           |          |      |                  |              |                   |              |
| T18        |                          |                  | GND_PSADC                          | XADC        |             |         |            |                         |      |                     |                      |         |            |           |          |      |                  |              |                   |              |
| T19        |                          |                  | VCC_PSADC                          | XADC        |             |         |            |                         |      |                     |                      |         |            |           |          |      |                  |              |                   |              |
| T20        |                          |                  | VCC_PSINTFP_DDR                    | PSS VCCINT  |             |         |            |                         |      |                     |                      |         |            |           |          |      |                  |              |                   |              |
| T21        |                          |                  | GND                                | GND         |             |         |            |                         |      |                     |                      |     0.0 |            |           |          |      |                  |              |                   |              |
| T22        |                          |                  | PS_DDR_DQ68_504                    | PSS IO      |             |         |            |                         |      |                     |                      |         |            |           |          |      |                  |              |                   |              |
| T23        |                          |                  | PS_DDR_DQ64_504                    | PSS IO      |             |         |            |                         |      |                     |                      |         |            |           |          |      |                  |              |                   |              |
| T24        | DDR4_CKE0                |                  | PS_DDR_CKE0_504                    | PSS IO      | DDR4        |         |            |                      34 |      |                NONE |                      |         |            |           |          |      |                  |              |                   |              |
| T25        | DDR4_CS_N0               |                  | PS_DDR_CS_N0_504                   | PSS IO      | DDR4        |         |            |                      34 |      |                NONE |                      |         |            |           |          |      |                  |              |                   |              |
| U1         | spi_di                   | High Performance | IO_L2P_T0L_N2_65                   | INPUT       | LVCMOS18    |      65 |            |                         |      |                     |                 NONE |         | FIXED      |           |          |      | NONE             |              |                   |              |
| U2         | rx1_qdata_in_n           | High Performance | IO_L6N_T0U_N11_AD6N_65             | INPUT       | LVDS        |      65 |            |                         |      | 100Ohm Differential |                 NONE |         | FIXED      |           |          |      | NONE             |              | FALSE             | EQ_NONE      |
| U3         | rx1_strobe_in_p          | High Performance | IO_L4P_T0U_N6_DBC_AD7P_SMBALERT_65 | INPUT       | LVDS        |      65 |            |                         |      | 100Ohm Differential |                 NONE |         | FIXED      |           |          |      | NONE             |              | FALSE             | EQ_NONE      |
| U4         |                          | High Performance | VCCO_65                            | VCCO        |             |      65 |            |                         |      |                     |                      |    1.80 |            |           |          |      |                  |              |                   |              |
| U5         | rx2_strobe_in_n          | High Performance | IO_L7N_T1L_N1_QBC_AD13N_65         | INPUT       | LVDS        |      65 |            |                         |      | 100Ohm Differential |                 NONE |         | FIXED      |           |          |      | NONE             |              | FALSE             | EQ_NONE      |
| U6         | rx2_strobe_in_p          | High Performance | IO_L7P_T1L_N0_QBC_AD13P_65         | INPUT       | LVDS        |      65 |            |                         |      | 100Ohm Differential |                 NONE |         | FIXED      |           |          |      | NONE             |              | FALSE             | EQ_NONE      |
| U7         | resetb                   | High Performance | IO_T1U_N12_65                      | OUTPUT      | LVCMOS18    |      65 |         12 |                         | SLOW |                     |            FP_VTT_50 |         | FIXED      |           |          |      | NONE             |              |                   |              |
| U8         |                          |                  | VCCINT_IO                          | VCCINT      |             |         |            |                         |      |                     |                      |         |            |           |          |      |                  |              |                   |              |
| U9         |                          |                  | VCCBRAM                            | VCCBRAM     |             |         |            |                         |      |                     |                      |         |            |           |          |      |                  |              |                   |              |
| U10        |                          |                  | VCCINT                             | VCCINT      |             |         |            |                         |      |                     |                      |         |            |           |          |      |                  |              |                   |              |
| U11        |                          |                  | GND                                | GND         |             |         |            |                         |      |                     |                      |     0.0 |            |           |          |      |                  |              |                   |              |
| U12        |                          |                  | VCCINT                             | VCCINT      |             |         |            |                         |      |                     |                      |         |            |           |          |      |                  |              |                   |              |
| U13        |                          |                  | GND                                | GND         |             |         |            |                         |      |                     |                      |     0.0 |            |           |          |      |                  |              |                   |              |
| U14        |                          |                  | VCCINT                             | VCCINT      |             |         |            |                         |      |                     |                      |         |            |           |          |      |                  |              |                   |              |
| U15        |                          |                  | VCC_PSINTFP                        | PSS VCCINT  |             |         |            |                         |      |                     |                      |         |            |           |          |      |                  |              |                   |              |
| U16        |                          |                  | VCC_PSINTFP                        | PSS VCCINT  |             |         |            |                         |      |                     |                      |         |            |           |          |      |                  |              |                   |              |
| U17        |                          |                  | VCC_PSINTFP                        | PSS VCCINT  |             |         |            |                         |      |                     |                      |         |            |           |          |      |                  |              |                   |              |
| U18        |                          |                  | VCC_PSINTFP                        | PSS VCCINT  |             |         |            |                         |      |                     |                      |         |            |           |          |      |                  |              |                   |              |
| U19        |                          |                  | GND                                | GND         |             |         |            |                         |      |                     |                      |     0.0 |            |           |          |      |                  |              |                   |              |
| U20        |                          |                  | VCC_PSINTFP_DDR                    | PSS VCCINT  |             |         |            |                         |      |                     |                      |         |            |           |          |      |                  |              |                   |              |
| U21        | DDR4_RAM_RST_N           |                  | PS_DDR_RAM_RST_N_504               | PSS IO      | DDR4        |         |            |                      34 |      |                NONE |                      |         |            |           |          |      |                  |              |                   |              |
| U22        | DDR4_ZQ                  |                  | PS_DDR_ZQ_504                      | PSS IO      | DDR4        |         |            |                         |      |                 Ohm |                      |         |            |           |          |      |                  |              |                   |              |
| U23        | DDR4_ALERT_N             |                  | PS_DDR_ALERT_N_504                 | PSS IO      | DDR4        |         |            |                      34 |      |                NONE |                      |         |            |           |          |      |                  |              |                   |              |
| U24        |                          |                  | GND                                | GND         |             |         |            |                         |      |                     |                      |     0.0 |            |           |          |      |                  |              |                   |              |
| U25        | DDR4_A0                  |                  | PS_DDR_A0_504                      | PSS IO      | DDR4        |         |            |                      34 |      |                NONE |                      |         |            |           |          |      |                  |              |                   |              |
| V1         | rx1_enable               | High Performance | IO_L2N_T0L_N3_65                   | OUTPUT      | LVCMOS18    |      65 |         12 |                         | SLOW |                     |            FP_VTT_50 |         | FIXED      |           |          |      | NONE             |              |                   |              |
| V2         |                          |                  | GND                                | GND         |             |         |            |                         |      |                     |                      |     0.0 |            |           |          |      |                  |              |                   |              |
| V3         | rx1_strobe_in_n          | High Performance | IO_L4N_T0U_N7_DBC_AD7N_65          | INPUT       | LVDS        |      65 |            |                         |      | 100Ohm Differential |                 NONE |         | FIXED      |           |          |      | NONE             |              | FALSE             | EQ_NONE      |
| V4         |                          | High Performance | IO_T3U_N12_64                      | User IO     |             |      64 |            |                         |      |                     |                      |         |            |           |          |      |                  |              |                   |              |
| V5         |                          | High Performance | IO_T1U_N12_64                      | User IO     |             |      64 |            |                         |      |                     |                      |         |            |           |          |      |                  |              |                   |              |
| V6         |                          | High Performance | VREF_64                            | Voltage     |             |      64 |            |                         |      |                     |                      |         |            |           |          |      |                  |              |                   |              |
| V7         |                          | High Performance | VCCO_64                            | VCCO        |             |      64 |            |                         |      |                     |                      |    1.80 |            |           |          |      |                  |              |                   |              |
| V8         |                          | Dedicated        | PUDC_B                             | Config      |             |       0 |            |                         |      |                     |                      |         |            |           |          |      |                  |              |                   |              |
| V9         |                          | Dedicated        | POR_OVERRIDE                       | Config      |             |       0 |            |                         |      |                     |                      |         |            |           |          |      |                  |              |                   |              |
| V10        | QSPI_X4_SCLK_OUT         |                  | PS_MIO0_500                        | PSS IO      | LVCMOS18    |         |         12 |                         | FAST |                 Ohm |                      |         |            | PULLUP    |          |      |                  |              |                   |              |
| V11        | QSPI_X4_MO2              |                  | PS_MIO2_500                        | PSS IO      | LVCMOS18    |         |         12 |                         | FAST |                 Ohm |                      |         |            | PULLUP    |          |      |                  |              |                   |              |
| V12        |                          |                  | VCCO_PSIO0_500                     | VCCO        |             |         |            |                         |      |                     |                      |   any** |            |           |          |      |                  |              |                   |              |
| V13        | UART1_TXD                |                  | PS_MIO16_500                       | PSS IO      | LVCMOS18    |         |         12 |                         | FAST |                 Ohm |                      |         |            | PULLUP    |          |      |                  |              |                   |              |
| V14        | SPI1_MOSI                |                  | PS_MIO23_500                       | PSS IO      | LVCMOS18    |         |         12 |                         | FAST |                 Ohm |                      |         |            | PULLUP    |          |      |                  |              |                   |              |
| V15        |                          |                  | VCC_PSINTFP                        | PSS VCCINT  |             |         |            |                         |      |                     |                      |         |            |           |          |      |                  |              |                   |              |
| V16        |                          |                  | VCC_PSINTFP                        | PSS VCCINT  |             |         |            |                         |      |                     |                      |         |            |           |          |      |                  |              |                   |              |
| V17        |                          |                  | GND                                | GND         |             |         |            |                         |      |                     |                      |     0.0 |            |           |          |      |                  |              |                   |              |
| V18        | DDR4_ACT_N               |                  | PS_DDR_ACT_N_504                   | PSS IO      | DDR4        |         |            |                      34 |      |                NONE |                      |         |            |           |          |      |                  |              |                   |              |
| V19        | DDR4_BG0                 |                  | PS_DDR_BG0_504                     | PSS IO      | DDR4        |         |            |                      34 |      |                NONE |                      |         |            |           |          |      |                  |              |                   |              |
| V20        | DDR4_BA1                 |                  | PS_DDR_BA1_504                     | PSS IO      | DDR4        |         |            |                      34 |      |                NONE |                      |         |            |           |          |      |                  |              |                   |              |
| V21        |                          |                  | PS_DDR_BG1_504                     | PSS IO      |             |         |            |                         |      |                     |                      |         |            |           |          |      |                  |              |                   |              |
| V22        |                          |                  | VCCO_PSDDR_504                     | VCCO        |             |         |            |                         |      |                     |                      |   any** |            |           |          |      |                  |              |                   |              |
| V23        | DDR4_PARITY              |                  | PS_DDR_PARITY_504                  | PSS IO      | DDR4        |         |            |                      34 |      |                NONE |                      |         |            |           |          |      |                  |              |                   |              |
| V24        | DDR4_ODT0                |                  | PS_DDR_ODT0_504                    | PSS IO      | DDR4        |         |            |                      34 |      |                NONE |                      |         |            |           |          |      |                  |              |                   |              |
| V25        | DDR4_A4                  |                  | PS_DDR_A4_504                      | PSS IO      | DDR4        |         |            |                      34 |      |                NONE |                      |         |            |           |          |      |                  |              |                   |              |
| W1         | add_on_gpio[13]          | High Performance | IO_L23P_T3U_N8_64                  | BIDIR       | LVCMOS18    |      64 |         12 |                         | SLOW |                     |            FP_VTT_50 |         | FIXED      |           |          |      | NONE             |              |                   |              |
| W2         |                          | High Performance | IO_L20N_T3L_N3_AD1N_64             | User IO     |             |      64 |            |                         |      |                     |                      |         |            |           |          |      |                  |              |                   |              |
| W3         |                          | High Performance | IO_L20P_T3L_N2_AD1P_64             | User IO     |             |      64 |            |                         |      |                     |                      |         |            |           |          |      |                  |              |                   |              |
| W4         |                          | High Performance | IO_L22P_T3U_N6_DBC_AD0P_64         | User IO     |             |      64 |            |                         |      |                     |                      |         |            |           |          |      |                  |              |                   |              |
| W5         |                          |                  | GND                                | GND         |             |         |            |                         |      |                     |                      |     0.0 |            |           |          |      |                  |              |                   |              |
| W6         | fpga_ref_clk_p           | High Performance | IO_L12P_T1U_N10_GC_64              | INPUT       | LVDS        |      64 |            |                         |      | 100Ohm Differential |                 NONE |         | FIXED      |           |          |      | NONE             |              | FALSE             | EQ_NONE      |
| W7         |                          | High Performance | IO_L10N_T1U_N7_QBC_AD4N_64         | User IO     |             |      64 |            |                         |      |                     |                      |         |            |           |          |      |                  |              |                   |              |
| W8         |                          | High Performance | IO_L10P_T1U_N6_QBC_AD4P_64         | User IO     |             |      64 |            |                         |      |                     |                      |         |            |           |          |      |                  |              |                   |              |
| W9         | QSPI_X4_MO3              |                  | PS_MIO3_500                        | PSS IO      | LVCMOS18    |         |         12 |                         | FAST |                 Ohm |                      |         |            | PULLUP    |          |      |                  |              |                   |              |
| W10        |                          |                  | VCCO_PSIO0_500                     | VCCO        |             |         |            |                         |      |                     |                      |   any** |            |           |          |      |                  |              |                   |              |
| W11        | QSPI_X4_MISO_MO1         |                  | PS_MIO1_500                        | PSS IO      | LVCMOS18    |         |         12 |                         | FAST |                 Ohm |                      |         |            | PULLUP    |          |      |                  |              |                   |              |
| W12        | QSPI_X4_MO_UPPER[2]      |                  | PS_MIO10_500                       | PSS IO      | LVCMOS18    |         |         12 |                         | FAST |                 Ohm |                      |         |            | PULLUP    |          |      |                  |              |                   |              |
| W13        | GPIO0_GPIO0[15]          |                  | PS_MIO15_500                       | PSS IO      | LVCMOS18    |         |         12 |                         | FAST |                 Ohm |                      |         |            | PULLUP    |          |      |                  |              |                   |              |
| W14        | SPI1_SCLK_OUT            |                  | PS_MIO22_500                       | PSS IO      | LVCMOS18    |         |         12 |                         | FAST |                 Ohm |                      |         |            | PULLUP    |          |      |                  |              |                   |              |
| W15        |                          |                  | VCCO_PSIO0_500                     | VCCO        |             |         |            |                         |      |                     |                      |   any** |            |           |          |      |                  |              |                   |              |
| W16        | DDR4_DQ19                |                  | PS_DDR_DQ19_504                    | PSS IO      | DDR4        |         |            |                      34 |      |              40 Ohm |                      |         |            |           |          |      |                  |              |                   |              |
| W17        | DDR4_DM2                 |                  | PS_DDR_DM2_504                     | PSS IO      | DDR4        |         |            |                      34 |      |              40 Ohm |                      |         |            |           |          |      |                  |              |                   |              |
| W18        | DDR4_DQ16                |                  | PS_DDR_DQ16_504                    | PSS IO      | DDR4        |         |            |                      34 |      |              40 Ohm |                      |         |            |           |          |      |                  |              |                   |              |
| W19        |                          |                  | PS_DDR_A17_504                     | PSS IO      |             |         |            |                         |      |                     |                      |         |            |           |          |      |                  |              |                   |              |
| W20        |                          |                  | GND                                | GND         |             |         |            |                         |      |                     |                      |     0.0 |            |           |          |      |                  |              |                   |              |
| W21        | DDR4_A6                  |                  | PS_DDR_A6_504                      | PSS IO      | DDR4        |         |            |                      34 |      |                NONE |                      |         |            |           |          |      |                  |              |                   |              |
| W22        | DDR4_BA0                 |                  | PS_DDR_BA0_504                     | PSS IO      | DDR4        |         |            |                      34 |      |                NONE |                      |         |            |           |          |      |                  |              |                   |              |
| W23        |                          |                  | PS_DDR_CS_N1_504                   | PSS IO      |             |         |            |                         |      |                     |                      |         |            |           |          |      |                  |              |                   |              |
| W24        |                          |                  | PS_DDR_CKE1_504                    | PSS IO      |             |         |            |                         |      |                     |                      |         |            |           |          |      |                  |              |                   |              |
| W25        |                          |                  | GND                                | GND         |             |         |            |                         |      |                     |                      |     0.0 |            |           |          |      |                  |              |                   |              |
| Y1         | add_on_gpio[14]          | High Performance | IO_L23N_T3U_N9_64                  | BIDIR       | LVCMOS18    |      64 |         12 |                         | SLOW |                     |            FP_VTT_50 |         | FIXED      |           |          |      | NONE             |              |                   |              |
| Y2         |                          | High Performance | IO_L19P_T3L_N0_DBC_AD9P_64         | User IO     |             |      64 |            |                         |      |                     |                      |         |            |           |          |      |                  |              |                   |              |
| Y3         |                          |                  | GND                                | GND         |             |         |            |                         |      |                     |                      |     0.0 |            |           |          |      |                  |              |                   |              |
| Y4         |                          | High Performance | IO_L22N_T3U_N7_DBC_AD0N_64         | User IO     |             |      64 |            |                         |      |                     |                      |         |            |           |          |      |                  |              |                   |              |
| Y5         | fpga_mcs_in_p            | High Performance | IO_L11P_T1U_N8_GC_64               | INPUT       | LVDS        |      64 |            |                         |      | 100Ohm Differential |                 NONE |         | FIXED      |           |          |      | NONE             |              | FALSE             | EQ_NONE      |
| Y6         | fpga_ref_clk_n           | High Performance | IO_L12N_T1U_N11_GC_64              | INPUT       | LVDS        |      64 |            |                         |      | 100Ohm Differential |                 NONE |         | FIXED      |           |          |      | NONE             |              | FALSE             | EQ_NONE      |
| Y7         |                          | High Performance | IO_L8P_T1L_N2_AD5P_64              | User IO     |             |      64 |            |                         |      |                     |                      |         |            |           |          |      |                  |              |                   |              |
| Y8         |                          |                  | GND                                | GND         |             |         |            |                         |      |                     |                      |     0.0 |            |           |          |      |                  |              |                   |              |
| Y9         | QSPI_X4_MOSI_MI0         |                  | PS_MIO4_500                        | PSS IO      | LVCMOS18    |         |         12 |                         | FAST |                 Ohm |                      |         |            | PULLUP    |          |      |                  |              |                   |              |
| Y10        | GPIO0_GPIO0[6]           |                  | PS_MIO6_500                        | PSS IO      | LVCMOS18    |         |         12 |                         | FAST |                 Ohm |                      |         |            | PULLUP    |          |      |                  |              |                   |              |
| Y11        | QSPI_X4_N_SS_OUT_UPPER   |                  | PS_MIO7_500                        | PSS IO      | LVCMOS18    |         |         12 |                         | FAST |                 Ohm |                      |         |            | PULLUP    |          |      |                  |              |                   |              |
| Y12        | GPIO0_GPIO0[13]          |                  | PS_MIO13_500                       | PSS IO      | LVCMOS18    |         |         12 |                         | FAST |                 Ohm |                      |         |            | PULLUP    |          |      |                  |              |                   |              |
| Y13        |                          |                  | GND                                | GND         |             |         |            |                         |      |                     |                      |     0.0 |            |           |          |      |                  |              |                   |              |
| Y14        | GPIO0_GPIO0[24]          |                  | PS_MIO24_500                       | PSS IO      | LVCMOS18    |         |         12 |                         | FAST |                 Ohm |                      |         |            | PULLUP    |          |      |                  |              |                   |              |
| Y15        | DDR4_DQ23                |                  | PS_DDR_DQ23_504                    | PSS IO      | DDR4        |         |            |                      34 |      |              40 Ohm |                      |         |            |           |          |      |                  |              |                   |              |
| Y16        | DDR4_DQ22                |                  | PS_DDR_DQ22_504                    | PSS IO      | DDR4        |         |            |                      34 |      |              40 Ohm |                      |         |            |           |          |      |                  |              |                   |              |
| Y17        | DDR4_DQS_P2              |                  | PS_DDR_DQS_P2_504                  | PSS IO      | DDR4        |         |            |                      34 |      |              40 Ohm |                      |         |            |           |          |      |                  |              |                   |              |
| Y18        |                          |                  | VCCO_PSDDR_504                     | VCCO        |             |         |            |                         |      |                     |                      |   any** |            |           |          |      |                  |              |                   |              |
| Y19        | DDR4_DQ17                |                  | PS_DDR_DQ17_504                    | PSS IO      | DDR4        |         |            |                      34 |      |              40 Ohm |                      |         |            |           |          |      |                  |              |                   |              |
| Y20        | DDR4_A8                  |                  | PS_DDR_A8_504                      | PSS IO      | DDR4        |         |            |                      34 |      |                NONE |                      |         |            |           |          |      |                  |              |                   |              |
| Y21        | DDR4_A16                 |                  | PS_DDR_A16_504                     | PSS IO      | DDR4        |         |            |                      34 |      |                NONE |                      |         |            |           |          |      |                  |              |                   |              |
| Y22        |                          |                  | PS_DDR_CK1_504                     | PSS IO      |             |         |            |                         |      |                     |                      |         |            |           |          |      |                  |              |                   |              |
| Y23        |                          |                  | GND                                | GND         |             |         |            |                         |      |                     |                      |     0.0 |            |           |          |      |                  |              |                   |              |
| Y24        |                          |                  | PS_DDR_ODT1_504                    | PSS IO      |             |         |            |                         |      |                     |                      |         |            |           |          |      |                  |              |                   |              |
| Y25        | DDR4_A1                  |                  | PS_DDR_A1_504                      | PSS IO      | DDR4        |         |            |                      34 |      |                NONE |                      |         |            |           |          |      |                  |              |                   |              |
+------------+--------------------------+------------------+------------------------------------+-------------+-------------+---------+------------+-------------------------+------+---------------------+----------------------+---------+------------+-----------+----------+------+------------------+--------------+-------------------+--------------+
* Default value
** Special VCCO requirements may apply. Please consult the device family datasheet for specific guideline on VCCO requirements.


