
*** Running vivado
    with args -log system_top.vds -m64 -product Vivado -mode batch -messageDb vivado.pb -notrace -source system_top.tcl


****** Vivado v2025.1 (64-bit)
  **** SW Build 6140274 on Wed May 21 22:58:25 MDT 2025
  **** IP Build 6138677 on Thu May 22 03:10:11 MDT 2025
  **** SharedData Build 6139179 on Tue May 20 17:58:58 MDT 2025
  **** Start of session at: Tue May 26 19:45:46 2026
    ** Copyright 1986-2022 Xilinx, Inc. All Rights Reserved.
    ** Copyright 2022-2025 Advanced Micro Devices, Inc. All Rights Reserved.

source system_top.tcl -notrace
INFO: [IP_Flow 19-234] Refreshing IP repositories
INFO: [IP_Flow 19-1700] Loaded user IP repository '/home/tcollins/dev/qpsk_ai/TransceiverToolbox/trx_examples/targeting/QPSKTxRxHDLExample/hdl_prj_jupiter_txrx/vivado_ip_prj/ipcore'.
INFO: [IP_Flow 19-1700] Loaded user IP repository '/home/tcollins/dev/qpsk_ai/TransceiverToolbox/trx_examples/targeting/QPSKTxRxHDLExample/hdl_prj_jupiter_txrx/vivado_ip_prj/library'.
INFO: [IP_Flow 19-2313] Loaded Vivado IP repository '/tools/Xilinx/2025.1/Vivado/data/ip'.
INFO: [Project 1-5698] Found the below utility IPs instantiated in block design /home/tcollins/dev/qpsk_ai/TransceiverToolbox/trx_examples/targeting/QPSKTxRxHDLExample/hdl_prj_jupiter_txrx/vivado_ip_prj/vivado_prj.srcs/sources_1/bd/system/system.bd which have equivalent inline hdl with improved performance and reduced diskspace.
It is recommended to migrate these utility IPs to inline hdl  using the command upgrade_project -migrate_to_inline_hdl.  The utility IPs may be deprecated in future releases.
More information on inline hdl is available in UG994.
Utility IP Component Instances:
 system_bit_concatenator_sync_0
system_bit_concatenator_shifter_0
system_bit_slicer_rx_0_0
system_bit_slicer_tx_0_0
system_bit_slicer_rx_1_0
system_bit_slicer_tx_1_0
system_bit_slicer_rx_2_0
system_bit_slicer_tx_2_0
system_bit_slicer_rx_3_0
system_bit_slicer_tx_3_0
system_bit_slicer_valid_rx_0_0
system_bit_slicer_valid_tx_0_0
system_bit_concatenator_sync_1
system_bit_concatenator_shifter_1
system_bit_slicer_rx_0_1
system_bit_slicer_tx_0_1
system_bit_slicer_rx_1_1
system_bit_slicer_tx_1_1
system_bit_slicer_rx_2_1
system_bit_slicer_tx_2_1
system_bit_slicer_rx_3_1
system_bit_slicer_tx_3_1
system_bit_slicer_valid_rx_0_1
system_bit_slicer_valid_tx_0_1
system_rx_rstn_inverter_0
system_tx_rstn_inverter_0
add_files: Time (s): cpu = 00:00:10 ; elapsed = 00:00:10 . Memory (MB): peak = 1602.113 ; gain = 21.344 ; free physical = 9011 ; free virtual = 44904
Command: synth_design -top system_top -part xczu3eg-sfva625-2-e
Starting synth_design
Attempting to get a license for feature 'Synthesis' and/or device 'xczu3eg'
INFO: [Common 17-349] Got license for feature 'Synthesis' and/or device 'xczu3eg'
INFO: [Device 21-403] Loading part xczu3eg-sfva625-2-e
INFO: [Synth 8-7079] Multithreading enabled for synth_design using a maximum of 7 processes.
INFO: [Synth 8-7078] Launching helper process for spawning children vivado processes
INFO: [Synth 8-7075] Helper process launched with PID 3538306
---------------------------------------------------------------------------------
Starting RTL Elaboration : Time (s): cpu = 00:00:07 ; elapsed = 00:00:07 . Memory (MB): peak = 2649.738 ; gain = 134.688 ; free physical = 7746 ; free virtual = 43640
---------------------------------------------------------------------------------
INFO: [Synth 8-6157] synthesizing module 'system_top' [/home/tcollins/dev/qpsk_ai/TransceiverToolbox/trx_examples/targeting/QPSKTxRxHDLExample/hdl_prj_jupiter_txrx/vivado_ip_prj/projects/jupiter_sdr/system_top.v:38]
INFO: [Synth 8-6157] synthesizing module 'ad_iobuf' [/home/tcollins/dev/qpsk_ai/TransceiverToolbox/trx_examples/targeting/QPSKTxRxHDLExample/hdl_prj_jupiter_txrx/vivado_ip_prj/library/common/ad_iobuf.v:38]
	Parameter DATA_WIDTH bound to: 16 - type: integer 
INFO: [Synth 8-6155] done synthesizing module 'ad_iobuf' (0#1) [/home/tcollins/dev/qpsk_ai/TransceiverToolbox/trx_examples/targeting/QPSKTxRxHDLExample/hdl_prj_jupiter_txrx/vivado_ip_prj/library/common/ad_iobuf.v:38]
INFO: [Synth 8-6157] synthesizing module 'ad_iobuf__parameterized0' [/home/tcollins/dev/qpsk_ai/TransceiverToolbox/trx_examples/targeting/QPSKTxRxHDLExample/hdl_prj_jupiter_txrx/vivado_ip_prj/library/common/ad_iobuf.v:38]
	Parameter DATA_WIDTH bound to: 15 - type: integer 
INFO: [Synth 8-6155] done synthesizing module 'ad_iobuf__parameterized0' (0#1) [/home/tcollins/dev/qpsk_ai/TransceiverToolbox/trx_examples/targeting/QPSKTxRxHDLExample/hdl_prj_jupiter_txrx/vivado_ip_prj/library/common/ad_iobuf.v:38]
INFO: [Synth 8-6157] synthesizing module 'IBUFDS' [/tools/Xilinx/2025.1/Vivado/scripts/rt/data/unisim_comp.v:76883]
INFO: [Synth 8-6155] done synthesizing module 'IBUFDS' (0#1) [/tools/Xilinx/2025.1/Vivado/scripts/rt/data/unisim_comp.v:76883]
INFO: [Synth 8-6157] synthesizing module 'OBUFDS' [/tools/Xilinx/2025.1/Vivado/scripts/rt/data/unisim_comp.v:104275]
INFO: [Synth 8-6155] done synthesizing module 'OBUFDS' (0#1) [/tools/Xilinx/2025.1/Vivado/scripts/rt/data/unisim_comp.v:104275]
INFO: [Synth 8-6157] synthesizing module 'system_wrapper' [/home/tcollins/dev/qpsk_ai/TransceiverToolbox/trx_examples/targeting/QPSKTxRxHDLExample/hdl_prj_jupiter_txrx/vivado_ip_prj/vivado_prj.srcs/sources_1/imports/hdl/system_wrapper.v:13]
INFO: [Synth 8-6157] synthesizing module 'system' [/home/tcollins/dev/qpsk_ai/TransceiverToolbox/trx_examples/targeting/QPSKTxRxHDLExample/hdl_prj_jupiter_txrx/vivado_ip_prj/vivado_prj.gen/sources_1/bd/system/synth/system.v:287]
INFO: [Synth 8-6157] synthesizing module 'system_Receiver_ip_0_0' [/home/tcollins/dev/qpsk_ai/TransceiverToolbox/trx_examples/targeting/QPSKTxRxHDLExample/hdl_prj_jupiter_txrx/vivado_ip_prj/vivado_prj.runs/synth_1/.Xil/Vivado-3537448-nemo/realtime/system_Receiver_ip_0_0_stub.v:6]
INFO: [Synth 8-6155] done synthesizing module 'system_Receiver_ip_0_0' (0#1) [/home/tcollins/dev/qpsk_ai/TransceiverToolbox/trx_examples/targeting/QPSKTxRxHDLExample/hdl_prj_jupiter_txrx/vivado_ip_prj/vivado_prj.runs/synth_1/.Xil/Vivado-3537448-nemo/realtime/system_Receiver_ip_0_0_stub.v:6]
INFO: [Synth 8-6157] synthesizing module 'system_axi_adrv9001_0' [/home/tcollins/dev/qpsk_ai/TransceiverToolbox/trx_examples/targeting/QPSKTxRxHDLExample/hdl_prj_jupiter_txrx/vivado_ip_prj/vivado_prj.runs/synth_1/.Xil/Vivado-3537448-nemo/realtime/system_axi_adrv9001_0_stub.v:6]
INFO: [Synth 8-6155] done synthesizing module 'system_axi_adrv9001_0' (0#1) [/home/tcollins/dev/qpsk_ai/TransceiverToolbox/trx_examples/targeting/QPSKTxRxHDLExample/hdl_prj_jupiter_txrx/vivado_ip_prj/vivado_prj.runs/synth_1/.Xil/Vivado-3537448-nemo/realtime/system_axi_adrv9001_0_stub.v:6]
WARNING: [Synth 8-7071] port 'adc_1_valid_q0' of module 'system_axi_adrv9001_0' is unconnected for instance 'axi_adrv9001' [/home/tcollins/dev/qpsk_ai/TransceiverToolbox/trx_examples/targeting/QPSKTxRxHDLExample/hdl_prj_jupiter_txrx/vivado_ip_prj/vivado_prj.gen/sources_1/bd/system/synth/system.v:935]
WARNING: [Synth 8-7071] port 'adc_1_valid_i1' of module 'system_axi_adrv9001_0' is unconnected for instance 'axi_adrv9001' [/home/tcollins/dev/qpsk_ai/TransceiverToolbox/trx_examples/targeting/QPSKTxRxHDLExample/hdl_prj_jupiter_txrx/vivado_ip_prj/vivado_prj.gen/sources_1/bd/system/synth/system.v:935]
WARNING: [Synth 8-7071] port 'adc_1_valid_q1' of module 'system_axi_adrv9001_0' is unconnected for instance 'axi_adrv9001' [/home/tcollins/dev/qpsk_ai/TransceiverToolbox/trx_examples/targeting/QPSKTxRxHDLExample/hdl_prj_jupiter_txrx/vivado_ip_prj/vivado_prj.gen/sources_1/bd/system/synth/system.v:935]
WARNING: [Synth 8-7071] port 'adc_2_valid_q0' of module 'system_axi_adrv9001_0' is unconnected for instance 'axi_adrv9001' [/home/tcollins/dev/qpsk_ai/TransceiverToolbox/trx_examples/targeting/QPSKTxRxHDLExample/hdl_prj_jupiter_txrx/vivado_ip_prj/vivado_prj.gen/sources_1/bd/system/synth/system.v:935]
WARNING: [Synth 8-7071] port 'dac_1_valid_q0' of module 'system_axi_adrv9001_0' is unconnected for instance 'axi_adrv9001' [/home/tcollins/dev/qpsk_ai/TransceiverToolbox/trx_examples/targeting/QPSKTxRxHDLExample/hdl_prj_jupiter_txrx/vivado_ip_prj/vivado_prj.gen/sources_1/bd/system/synth/system.v:935]
WARNING: [Synth 8-7071] port 'dac_1_valid_i1' of module 'system_axi_adrv9001_0' is unconnected for instance 'axi_adrv9001' [/home/tcollins/dev/qpsk_ai/TransceiverToolbox/trx_examples/targeting/QPSKTxRxHDLExample/hdl_prj_jupiter_txrx/vivado_ip_prj/vivado_prj.gen/sources_1/bd/system/synth/system.v:935]
WARNING: [Synth 8-7071] port 'dac_1_valid_q1' of module 'system_axi_adrv9001_0' is unconnected for instance 'axi_adrv9001' [/home/tcollins/dev/qpsk_ai/TransceiverToolbox/trx_examples/targeting/QPSKTxRxHDLExample/hdl_prj_jupiter_txrx/vivado_ip_prj/vivado_prj.gen/sources_1/bd/system/synth/system.v:935]
WARNING: [Synth 8-7071] port 'dac_2_valid_q0' of module 'system_axi_adrv9001_0' is unconnected for instance 'axi_adrv9001' [/home/tcollins/dev/qpsk_ai/TransceiverToolbox/trx_examples/targeting/QPSKTxRxHDLExample/hdl_prj_jupiter_txrx/vivado_ip_prj/vivado_prj.gen/sources_1/bd/system/synth/system.v:935]
WARNING: [Synth 8-7071] port 'tdd_sync_cntr' of module 'system_axi_adrv9001_0' is unconnected for instance 'axi_adrv9001' [/home/tcollins/dev/qpsk_ai/TransceiverToolbox/trx_examples/targeting/QPSKTxRxHDLExample/hdl_prj_jupiter_txrx/vivado_ip_prj/vivado_prj.gen/sources_1/bd/system/synth/system.v:935]
WARNING: [Synth 8-7023] instance 'axi_adrv9001' of module 'system_axi_adrv9001_0' has 124 connections declared, but only 115 given [/home/tcollins/dev/qpsk_ai/TransceiverToolbox/trx_examples/targeting/QPSKTxRxHDLExample/hdl_prj_jupiter_txrx/vivado_ip_prj/vivado_prj.gen/sources_1/bd/system/synth/system.v:935]
INFO: [Synth 8-6157] synthesizing module 'system_axi_adrv9001_rx1_dma_0' [/home/tcollins/dev/qpsk_ai/TransceiverToolbox/trx_examples/targeting/QPSKTxRxHDLExample/hdl_prj_jupiter_txrx/vivado_ip_prj/vivado_prj.runs/synth_1/.Xil/Vivado-3537448-nemo/realtime/system_axi_adrv9001_rx1_dma_0_stub.v:6]
INFO: [Synth 8-6155] done synthesizing module 'system_axi_adrv9001_rx1_dma_0' (0#1) [/home/tcollins/dev/qpsk_ai/TransceiverToolbox/trx_examples/targeting/QPSKTxRxHDLExample/hdl_prj_jupiter_txrx/vivado_ip_prj/vivado_prj.runs/synth_1/.Xil/Vivado-3537448-nemo/realtime/system_axi_adrv9001_rx1_dma_0_stub.v:6]
WARNING: [Synth 8-7071] port 'fifo_wr_xfer_req' of module 'system_axi_adrv9001_rx1_dma_0' is unconnected for instance 'axi_adrv9001_rx1_dma' [/home/tcollins/dev/qpsk_ai/TransceiverToolbox/trx_examples/targeting/QPSKTxRxHDLExample/hdl_prj_jupiter_txrx/vivado_ip_prj/vivado_prj.gen/sources_1/bd/system/synth/system.v:1051]
WARNING: [Synth 8-7023] instance 'axi_adrv9001_rx1_dma' of module 'system_axi_adrv9001_rx1_dma_0' has 46 connections declared, but only 45 given [/home/tcollins/dev/qpsk_ai/TransceiverToolbox/trx_examples/targeting/QPSKTxRxHDLExample/hdl_prj_jupiter_txrx/vivado_ip_prj/vivado_prj.gen/sources_1/bd/system/synth/system.v:1051]
INFO: [Synth 8-6157] synthesizing module 'system_axi_adrv9001_rx2_dma_0' [/home/tcollins/dev/qpsk_ai/TransceiverToolbox/trx_examples/targeting/QPSKTxRxHDLExample/hdl_prj_jupiter_txrx/vivado_ip_prj/vivado_prj.runs/synth_1/.Xil/Vivado-3537448-nemo/realtime/system_axi_adrv9001_rx2_dma_0_stub.v:6]
INFO: [Synth 8-6155] done synthesizing module 'system_axi_adrv9001_rx2_dma_0' (0#1) [/home/tcollins/dev/qpsk_ai/TransceiverToolbox/trx_examples/targeting/QPSKTxRxHDLExample/hdl_prj_jupiter_txrx/vivado_ip_prj/vivado_prj.runs/synth_1/.Xil/Vivado-3537448-nemo/realtime/system_axi_adrv9001_rx2_dma_0_stub.v:6]
WARNING: [Synth 8-7071] port 'fifo_wr_xfer_req' of module 'system_axi_adrv9001_rx2_dma_0' is unconnected for instance 'axi_adrv9001_rx2_dma' [/home/tcollins/dev/qpsk_ai/TransceiverToolbox/trx_examples/targeting/QPSKTxRxHDLExample/hdl_prj_jupiter_txrx/vivado_ip_prj/vivado_prj.gen/sources_1/bd/system/synth/system.v:1097]
WARNING: [Synth 8-7023] instance 'axi_adrv9001_rx2_dma' of module 'system_axi_adrv9001_rx2_dma_0' has 46 connections declared, but only 45 given [/home/tcollins/dev/qpsk_ai/TransceiverToolbox/trx_examples/targeting/QPSKTxRxHDLExample/hdl_prj_jupiter_txrx/vivado_ip_prj/vivado_prj.gen/sources_1/bd/system/synth/system.v:1097]
INFO: [Synth 8-6157] synthesizing module 'system_axi_adrv9001_tx1_dma_0' [/home/tcollins/dev/qpsk_ai/TransceiverToolbox/trx_examples/targeting/QPSKTxRxHDLExample/hdl_prj_jupiter_txrx/vivado_ip_prj/vivado_prj.runs/synth_1/.Xil/Vivado-3537448-nemo/realtime/system_axi_adrv9001_tx1_dma_0_stub.v:6]
INFO: [Synth 8-6155] done synthesizing module 'system_axi_adrv9001_tx1_dma_0' (0#1) [/home/tcollins/dev/qpsk_ai/TransceiverToolbox/trx_examples/targeting/QPSKTxRxHDLExample/hdl_prj_jupiter_txrx/vivado_ip_prj/vivado_prj.runs/synth_1/.Xil/Vivado-3537448-nemo/realtime/system_axi_adrv9001_tx1_dma_0_stub.v:6]
WARNING: [Synth 8-7071] port 'm_axis_strb' of module 'system_axi_adrv9001_tx1_dma_0' is unconnected for instance 'axi_adrv9001_tx1_dma' [/home/tcollins/dev/qpsk_ai/TransceiverToolbox/trx_examples/targeting/QPSKTxRxHDLExample/hdl_prj_jupiter_txrx/vivado_ip_prj/vivado_prj.gen/sources_1/bd/system/synth/system.v:1143]
WARNING: [Synth 8-7071] port 'm_axis_keep' of module 'system_axi_adrv9001_tx1_dma_0' is unconnected for instance 'axi_adrv9001_tx1_dma' [/home/tcollins/dev/qpsk_ai/TransceiverToolbox/trx_examples/targeting/QPSKTxRxHDLExample/hdl_prj_jupiter_txrx/vivado_ip_prj/vivado_prj.gen/sources_1/bd/system/synth/system.v:1143]
WARNING: [Synth 8-7071] port 'm_axis_user' of module 'system_axi_adrv9001_tx1_dma_0' is unconnected for instance 'axi_adrv9001_tx1_dma' [/home/tcollins/dev/qpsk_ai/TransceiverToolbox/trx_examples/targeting/QPSKTxRxHDLExample/hdl_prj_jupiter_txrx/vivado_ip_prj/vivado_prj.gen/sources_1/bd/system/synth/system.v:1143]
WARNING: [Synth 8-7071] port 'm_axis_id' of module 'system_axi_adrv9001_tx1_dma_0' is unconnected for instance 'axi_adrv9001_tx1_dma' [/home/tcollins/dev/qpsk_ai/TransceiverToolbox/trx_examples/targeting/QPSKTxRxHDLExample/hdl_prj_jupiter_txrx/vivado_ip_prj/vivado_prj.gen/sources_1/bd/system/synth/system.v:1143]
WARNING: [Synth 8-7071] port 'm_axis_dest' of module 'system_axi_adrv9001_tx1_dma_0' is unconnected for instance 'axi_adrv9001_tx1_dma' [/home/tcollins/dev/qpsk_ai/TransceiverToolbox/trx_examples/targeting/QPSKTxRxHDLExample/hdl_prj_jupiter_txrx/vivado_ip_prj/vivado_prj.gen/sources_1/bd/system/synth/system.v:1143]
WARNING: [Synth 8-7071] port 'm_axis_last' of module 'system_axi_adrv9001_tx1_dma_0' is unconnected for instance 'axi_adrv9001_tx1_dma' [/home/tcollins/dev/qpsk_ai/TransceiverToolbox/trx_examples/targeting/QPSKTxRxHDLExample/hdl_prj_jupiter_txrx/vivado_ip_prj/vivado_prj.gen/sources_1/bd/system/synth/system.v:1143]
WARNING: [Synth 8-7071] port 'm_axis_xfer_req' of module 'system_axi_adrv9001_tx1_dma_0' is unconnected for instance 'axi_adrv9001_tx1_dma' [/home/tcollins/dev/qpsk_ai/TransceiverToolbox/trx_examples/targeting/QPSKTxRxHDLExample/hdl_prj_jupiter_txrx/vivado_ip_prj/vivado_prj.gen/sources_1/bd/system/synth/system.v:1143]
WARNING: [Synth 8-7023] instance 'axi_adrv9001_tx1_dma' of module 'system_axi_adrv9001_tx1_dma_0' has 48 connections declared, but only 41 given [/home/tcollins/dev/qpsk_ai/TransceiverToolbox/trx_examples/targeting/QPSKTxRxHDLExample/hdl_prj_jupiter_txrx/vivado_ip_prj/vivado_prj.gen/sources_1/bd/system/synth/system.v:1143]
INFO: [Synth 8-6157] synthesizing module 'system_axi_adrv9001_tx2_dma_0' [/home/tcollins/dev/qpsk_ai/TransceiverToolbox/trx_examples/targeting/QPSKTxRxHDLExample/hdl_prj_jupiter_txrx/vivado_ip_prj/vivado_prj.runs/synth_1/.Xil/Vivado-3537448-nemo/realtime/system_axi_adrv9001_tx2_dma_0_stub.v:6]
INFO: [Synth 8-6155] done synthesizing module 'system_axi_adrv9001_tx2_dma_0' (0#1) [/home/tcollins/dev/qpsk_ai/TransceiverToolbox/trx_examples/targeting/QPSKTxRxHDLExample/hdl_prj_jupiter_txrx/vivado_ip_prj/vivado_prj.runs/synth_1/.Xil/Vivado-3537448-nemo/realtime/system_axi_adrv9001_tx2_dma_0_stub.v:6]
WARNING: [Synth 8-7071] port 'm_axis_strb' of module 'system_axi_adrv9001_tx2_dma_0' is unconnected for instance 'axi_adrv9001_tx2_dma' [/home/tcollins/dev/qpsk_ai/TransceiverToolbox/trx_examples/targeting/QPSKTxRxHDLExample/hdl_prj_jupiter_txrx/vivado_ip_prj/vivado_prj.gen/sources_1/bd/system/synth/system.v:1185]
WARNING: [Synth 8-7071] port 'm_axis_keep' of module 'system_axi_adrv9001_tx2_dma_0' is unconnected for instance 'axi_adrv9001_tx2_dma' [/home/tcollins/dev/qpsk_ai/TransceiverToolbox/trx_examples/targeting/QPSKTxRxHDLExample/hdl_prj_jupiter_txrx/vivado_ip_prj/vivado_prj.gen/sources_1/bd/system/synth/system.v:1185]
WARNING: [Synth 8-7071] port 'm_axis_user' of module 'system_axi_adrv9001_tx2_dma_0' is unconnected for instance 'axi_adrv9001_tx2_dma' [/home/tcollins/dev/qpsk_ai/TransceiverToolbox/trx_examples/targeting/QPSKTxRxHDLExample/hdl_prj_jupiter_txrx/vivado_ip_prj/vivado_prj.gen/sources_1/bd/system/synth/system.v:1185]
WARNING: [Synth 8-7071] port 'm_axis_id' of module 'system_axi_adrv9001_tx2_dma_0' is unconnected for instance 'axi_adrv9001_tx2_dma' [/home/tcollins/dev/qpsk_ai/TransceiverToolbox/trx_examples/targeting/QPSKTxRxHDLExample/hdl_prj_jupiter_txrx/vivado_ip_prj/vivado_prj.gen/sources_1/bd/system/synth/system.v:1185]
WARNING: [Synth 8-7071] port 'm_axis_dest' of module 'system_axi_adrv9001_tx2_dma_0' is unconnected for instance 'axi_adrv9001_tx2_dma' [/home/tcollins/dev/qpsk_ai/TransceiverToolbox/trx_examples/targeting/QPSKTxRxHDLExample/hdl_prj_jupiter_txrx/vivado_ip_prj/vivado_prj.gen/sources_1/bd/system/synth/system.v:1185]
WARNING: [Synth 8-7071] port 'm_axis_last' of module 'system_axi_adrv9001_tx2_dma_0' is unconnected for instance 'axi_adrv9001_tx2_dma' [/home/tcollins/dev/qpsk_ai/TransceiverToolbox/trx_examples/targeting/QPSKTxRxHDLExample/hdl_prj_jupiter_txrx/vivado_ip_prj/vivado_prj.gen/sources_1/bd/system/synth/system.v:1185]
WARNING: [Synth 8-7071] port 'm_axis_xfer_req' of module 'system_axi_adrv9001_tx2_dma_0' is unconnected for instance 'axi_adrv9001_tx2_dma' [/home/tcollins/dev/qpsk_ai/TransceiverToolbox/trx_examples/targeting/QPSKTxRxHDLExample/hdl_prj_jupiter_txrx/vivado_ip_prj/vivado_prj.gen/sources_1/bd/system/synth/system.v:1185]
WARNING: [Synth 8-7023] instance 'axi_adrv9001_tx2_dma' of module 'system_axi_adrv9001_tx2_dma_0' has 48 connections declared, but only 41 given [/home/tcollins/dev/qpsk_ai/TransceiverToolbox/trx_examples/targeting/QPSKTxRxHDLExample/hdl_prj_jupiter_txrx/vivado_ip_prj/vivado_prj.gen/sources_1/bd/system/synth/system.v:1185]
INFO: [Synth 8-6157] synthesizing module 'system_axi_hpc0_interconnect_0' [/home/tcollins/dev/qpsk_ai/TransceiverToolbox/trx_examples/targeting/QPSKTxRxHDLExample/hdl_prj_jupiter_txrx/vivado_ip_prj/vivado_prj.runs/synth_1/.Xil/Vivado-3537448-nemo/realtime/system_axi_hpc0_interconnect_0_stub.v:6]
INFO: [Synth 8-6155] done synthesizing module 'system_axi_hpc0_interconnect_0' (0#1) [/home/tcollins/dev/qpsk_ai/TransceiverToolbox/trx_examples/targeting/QPSKTxRxHDLExample/hdl_prj_jupiter_txrx/vivado_ip_prj/vivado_prj.runs/synth_1/.Xil/Vivado-3537448-nemo/realtime/system_axi_hpc0_interconnect_0_stub.v:6]
INFO: [Synth 8-6157] synthesizing module 'system_axi_hpm0_lpd_interconnect_0' [/home/tcollins/dev/qpsk_ai/TransceiverToolbox/trx_examples/targeting/QPSKTxRxHDLExample/hdl_prj_jupiter_txrx/vivado_ip_prj/vivado_prj.runs/synth_1/.Xil/Vivado-3537448-nemo/realtime/system_axi_hpm0_lpd_interconnect_0_stub.v:6]
INFO: [Synth 8-6155] done synthesizing module 'system_axi_hpm0_lpd_interconnect_0' (0#1) [/home/tcollins/dev/qpsk_ai/TransceiverToolbox/trx_examples/targeting/QPSKTxRxHDLExample/hdl_prj_jupiter_txrx/vivado_ip_prj/vivado_prj.runs/synth_1/.Xil/Vivado-3537448-nemo/realtime/system_axi_hpm0_lpd_interconnect_0_stub.v:6]
WARNING: [Synth 8-7071] port 'M06_AXI_awprot' of module 'system_axi_hpm0_lpd_interconnect_0' is unconnected for instance 'axi_hpm0_lpd_interconnect' [/home/tcollins/dev/qpsk_ai/TransceiverToolbox/trx_examples/targeting/QPSKTxRxHDLExample/hdl_prj_jupiter_txrx/vivado_ip_prj/vivado_prj.gen/sources_1/bd/system/synth/system.v:1329]
WARNING: [Synth 8-7071] port 'M06_AXI_arprot' of module 'system_axi_hpm0_lpd_interconnect_0' is unconnected for instance 'axi_hpm0_lpd_interconnect' [/home/tcollins/dev/qpsk_ai/TransceiverToolbox/trx_examples/targeting/QPSKTxRxHDLExample/hdl_prj_jupiter_txrx/vivado_ip_prj/vivado_prj.gen/sources_1/bd/system/synth/system.v:1329]
WARNING: [Synth 8-7071] port 'M07_AXI_awprot' of module 'system_axi_hpm0_lpd_interconnect_0' is unconnected for instance 'axi_hpm0_lpd_interconnect' [/home/tcollins/dev/qpsk_ai/TransceiverToolbox/trx_examples/targeting/QPSKTxRxHDLExample/hdl_prj_jupiter_txrx/vivado_ip_prj/vivado_prj.gen/sources_1/bd/system/synth/system.v:1329]
WARNING: [Synth 8-7071] port 'M07_AXI_arprot' of module 'system_axi_hpm0_lpd_interconnect_0' is unconnected for instance 'axi_hpm0_lpd_interconnect' [/home/tcollins/dev/qpsk_ai/TransceiverToolbox/trx_examples/targeting/QPSKTxRxHDLExample/hdl_prj_jupiter_txrx/vivado_ip_prj/vivado_prj.gen/sources_1/bd/system/synth/system.v:1329]
WARNING: [Synth 8-7023] instance 'axi_hpm0_lpd_interconnect' of module 'system_axi_hpm0_lpd_interconnect_0' has 194 connections declared, but only 190 given [/home/tcollins/dev/qpsk_ai/TransceiverToolbox/trx_examples/targeting/QPSKTxRxHDLExample/hdl_prj_jupiter_txrx/vivado_ip_prj/vivado_prj.gen/sources_1/bd/system/synth/system.v:1329]
INFO: [Synth 8-6157] synthesizing module 'system_axi_sysid_0_0' [/home/tcollins/dev/qpsk_ai/TransceiverToolbox/trx_examples/targeting/QPSKTxRxHDLExample/hdl_prj_jupiter_txrx/vivado_ip_prj/vivado_prj.runs/synth_1/.Xil/Vivado-3537448-nemo/realtime/system_axi_sysid_0_0_stub.v:6]
INFO: [Synth 8-6155] done synthesizing module 'system_axi_sysid_0_0' (0#1) [/home/tcollins/dev/qpsk_ai/TransceiverToolbox/trx_examples/targeting/QPSKTxRxHDLExample/hdl_prj_jupiter_txrx/vivado_ip_prj/vivado_prj.runs/synth_1/.Xil/Vivado-3537448-nemo/realtime/system_axi_sysid_0_0_stub.v:6]
INFO: [Synth 8-6157] synthesizing module 'system_pl_sysmon_0' [/home/tcollins/dev/qpsk_ai/TransceiverToolbox/trx_examples/targeting/QPSKTxRxHDLExample/hdl_prj_jupiter_txrx/vivado_ip_prj/vivado_prj.runs/synth_1/.Xil/Vivado-3537448-nemo/realtime/system_pl_sysmon_0_stub.v:6]
INFO: [Synth 8-6155] done synthesizing module 'system_pl_sysmon_0' (0#1) [/home/tcollins/dev/qpsk_ai/TransceiverToolbox/trx_examples/targeting/QPSKTxRxHDLExample/hdl_prj_jupiter_txrx/vivado_ip_prj/vivado_prj.runs/synth_1/.Xil/Vivado-3537448-nemo/realtime/system_pl_sysmon_0_stub.v:6]
WARNING: [Synth 8-7071] port 'channel_out' of module 'system_pl_sysmon_0' is unconnected for instance 'pl_sysmon' [/home/tcollins/dev/qpsk_ai/TransceiverToolbox/trx_examples/targeting/QPSKTxRxHDLExample/hdl_prj_jupiter_txrx/vivado_ip_prj/vivado_prj.gen/sources_1/bd/system/synth/system.v:1545]
WARNING: [Synth 8-7071] port 'busy_out' of module 'system_pl_sysmon_0' is unconnected for instance 'pl_sysmon' [/home/tcollins/dev/qpsk_ai/TransceiverToolbox/trx_examples/targeting/QPSKTxRxHDLExample/hdl_prj_jupiter_txrx/vivado_ip_prj/vivado_prj.gen/sources_1/bd/system/synth/system.v:1545]
WARNING: [Synth 8-7071] port 'eoc_out' of module 'system_pl_sysmon_0' is unconnected for instance 'pl_sysmon' [/home/tcollins/dev/qpsk_ai/TransceiverToolbox/trx_examples/targeting/QPSKTxRxHDLExample/hdl_prj_jupiter_txrx/vivado_ip_prj/vivado_prj.gen/sources_1/bd/system/synth/system.v:1545]
WARNING: [Synth 8-7071] port 'eos_out' of module 'system_pl_sysmon_0' is unconnected for instance 'pl_sysmon' [/home/tcollins/dev/qpsk_ai/TransceiverToolbox/trx_examples/targeting/QPSKTxRxHDLExample/hdl_prj_jupiter_txrx/vivado_ip_prj/vivado_prj.gen/sources_1/bd/system/synth/system.v:1545]
WARNING: [Synth 8-7071] port 'ot_out' of module 'system_pl_sysmon_0' is unconnected for instance 'pl_sysmon' [/home/tcollins/dev/qpsk_ai/TransceiverToolbox/trx_examples/targeting/QPSKTxRxHDLExample/hdl_prj_jupiter_txrx/vivado_ip_prj/vivado_prj.gen/sources_1/bd/system/synth/system.v:1545]
WARNING: [Synth 8-7071] port 'alarm_out' of module 'system_pl_sysmon_0' is unconnected for instance 'pl_sysmon' [/home/tcollins/dev/qpsk_ai/TransceiverToolbox/trx_examples/targeting/QPSKTxRxHDLExample/hdl_prj_jupiter_txrx/vivado_ip_prj/vivado_prj.gen/sources_1/bd/system/synth/system.v:1545]
WARNING: [Synth 8-7023] instance 'pl_sysmon' of module 'system_pl_sysmon_0' has 48 connections declared, but only 42 given [/home/tcollins/dev/qpsk_ai/TransceiverToolbox/trx_examples/targeting/QPSKTxRxHDLExample/hdl_prj_jupiter_txrx/vivado_ip_prj/vivado_prj.gen/sources_1/bd/system/synth/system.v:1545]
INFO: [Synth 8-6157] synthesizing module 'system_rom_sys_0_0' [/home/tcollins/dev/qpsk_ai/TransceiverToolbox/trx_examples/targeting/QPSKTxRxHDLExample/hdl_prj_jupiter_txrx/vivado_ip_prj/vivado_prj.runs/synth_1/.Xil/Vivado-3537448-nemo/realtime/system_rom_sys_0_0_stub.v:6]
INFO: [Synth 8-6155] done synthesizing module 'system_rom_sys_0_0' (0#1) [/home/tcollins/dev/qpsk_ai/TransceiverToolbox/trx_examples/targeting/QPSKTxRxHDLExample/hdl_prj_jupiter_txrx/vivado_ip_prj/vivado_prj.runs/synth_1/.Xil/Vivado-3537448-nemo/realtime/system_rom_sys_0_0_stub.v:6]
INFO: [Synth 8-6157] synthesizing module 'system_rx_rstn_inverter_0' [/home/tcollins/dev/qpsk_ai/TransceiverToolbox/trx_examples/targeting/QPSKTxRxHDLExample/hdl_prj_jupiter_txrx/vivado_ip_prj/vivado_prj.runs/synth_1/.Xil/Vivado-3537448-nemo/realtime/system_rx_rstn_inverter_0_stub.v:6]
INFO: [Synth 8-6155] done synthesizing module 'system_rx_rstn_inverter_0' (0#1) [/home/tcollins/dev/qpsk_ai/TransceiverToolbox/trx_examples/targeting/QPSKTxRxHDLExample/hdl_prj_jupiter_txrx/vivado_ip_prj/vivado_prj.runs/synth_1/.Xil/Vivado-3537448-nemo/realtime/system_rx_rstn_inverter_0_stub.v:6]
INFO: [Synth 8-6157] synthesizing module 'sync_input_imp_13CLUWH' [/home/tcollins/dev/qpsk_ai/TransceiverToolbox/trx_examples/targeting/QPSKTxRxHDLExample/hdl_prj_jupiter_txrx/vivado_ip_prj/vivado_prj.gen/sources_1/bd/system/synth/system.v:13]
INFO: [Synth 8-6157] synthesizing module 'system_bit_concatenator_shifter_0' [/home/tcollins/dev/qpsk_ai/TransceiverToolbox/trx_examples/targeting/QPSKTxRxHDLExample/hdl_prj_jupiter_txrx/vivado_ip_prj/vivado_prj.gen/sources_1/bd/system/ip/system_bit_concatenator_shifter_0/synth/system_bit_concatenator_shifter_0.v:53]
INFO: [Synth 8-6157] synthesizing module 'xlconcat_v2_1_7_xlconcat' [/home/tcollins/dev/qpsk_ai/TransceiverToolbox/trx_examples/targeting/QPSKTxRxHDLExample/hdl_prj_jupiter_txrx/vivado_ip_prj/vivado_prj.gen/sources_1/bd/system/ipshared/9c1a/hdl/xlconcat_v2_1_vl_rfs.v:59]
INFO: [Synth 8-6155] done synthesizing module 'xlconcat_v2_1_7_xlconcat' (0#1) [/home/tcollins/dev/qpsk_ai/TransceiverToolbox/trx_examples/targeting/QPSKTxRxHDLExample/hdl_prj_jupiter_txrx/vivado_ip_prj/vivado_prj.gen/sources_1/bd/system/ipshared/9c1a/hdl/xlconcat_v2_1_vl_rfs.v:59]
INFO: [Synth 8-6155] done synthesizing module 'system_bit_concatenator_shifter_0' (0#1) [/home/tcollins/dev/qpsk_ai/TransceiverToolbox/trx_examples/targeting/QPSKTxRxHDLExample/hdl_prj_jupiter_txrx/vivado_ip_prj/vivado_prj.gen/sources_1/bd/system/ip/system_bit_concatenator_shifter_0/synth/system_bit_concatenator_shifter_0.v:53]
INFO: [Synth 8-6157] synthesizing module 'system_bit_concatenator_sync_0' [/home/tcollins/dev/qpsk_ai/TransceiverToolbox/trx_examples/targeting/QPSKTxRxHDLExample/hdl_prj_jupiter_txrx/vivado_ip_prj/vivado_prj.gen/sources_1/bd/system/ip/system_bit_concatenator_sync_0/synth/system_bit_concatenator_sync_0.v:53]
INFO: [Synth 8-6155] done synthesizing module 'system_bit_concatenator_sync_0' (0#1) [/home/tcollins/dev/qpsk_ai/TransceiverToolbox/trx_examples/targeting/QPSKTxRxHDLExample/hdl_prj_jupiter_txrx/vivado_ip_prj/vivado_prj.gen/sources_1/bd/system/ip/system_bit_concatenator_sync_0/synth/system_bit_concatenator_sync_0.v:53]
INFO: [Synth 8-6157] synthesizing module 'system_bit_slicer_rx_0_0' [/home/tcollins/dev/qpsk_ai/TransceiverToolbox/trx_examples/targeting/QPSKTxRxHDLExample/hdl_prj_jupiter_txrx/vivado_ip_prj/vivado_prj.gen/sources_1/bd/system/ip/system_bit_slicer_rx_0_0/synth/system_bit_slicer_rx_0_0.v:53]
INFO: [Synth 8-6157] synthesizing module 'xlslice_v1_0_5_xlslice' [/home/tcollins/dev/qpsk_ai/TransceiverToolbox/trx_examples/targeting/QPSKTxRxHDLExample/hdl_prj_jupiter_txrx/vivado_ip_prj/vivado_prj.gen/sources_1/bd/system/ipshared/6792/hdl/xlslice_v1_0_vl_rfs.v:58]
INFO: [Synth 8-6155] done synthesizing module 'xlslice_v1_0_5_xlslice' (0#1) [/home/tcollins/dev/qpsk_ai/TransceiverToolbox/trx_examples/targeting/QPSKTxRxHDLExample/hdl_prj_jupiter_txrx/vivado_ip_prj/vivado_prj.gen/sources_1/bd/system/ipshared/6792/hdl/xlslice_v1_0_vl_rfs.v:58]
INFO: [Synth 8-6155] done synthesizing module 'system_bit_slicer_rx_0_0' (0#1) [/home/tcollins/dev/qpsk_ai/TransceiverToolbox/trx_examples/targeting/QPSKTxRxHDLExample/hdl_prj_jupiter_txrx/vivado_ip_prj/vivado_prj.gen/sources_1/bd/system/ip/system_bit_slicer_rx_0_0/synth/system_bit_slicer_rx_0_0.v:53]
INFO: [Synth 8-6157] synthesizing module 'system_bit_slicer_rx_1_0' [/home/tcollins/dev/qpsk_ai/TransceiverToolbox/trx_examples/targeting/QPSKTxRxHDLExample/hdl_prj_jupiter_txrx/vivado_ip_prj/vivado_prj.gen/sources_1/bd/system/ip/system_bit_slicer_rx_1_0/synth/system_bit_slicer_rx_1_0.v:53]
INFO: [Synth 8-6157] synthesizing module 'xlslice_v1_0_5_xlslice__parameterized0' [/home/tcollins/dev/qpsk_ai/TransceiverToolbox/trx_examples/targeting/QPSKTxRxHDLExample/hdl_prj_jupiter_txrx/vivado_ip_prj/vivado_prj.gen/sources_1/bd/system/ipshared/6792/hdl/xlslice_v1_0_vl_rfs.v:58]
INFO: [Synth 8-6155] done synthesizing module 'xlslice_v1_0_5_xlslice__parameterized0' (0#1) [/home/tcollins/dev/qpsk_ai/TransceiverToolbox/trx_examples/targeting/QPSKTxRxHDLExample/hdl_prj_jupiter_txrx/vivado_ip_prj/vivado_prj.gen/sources_1/bd/system/ipshared/6792/hdl/xlslice_v1_0_vl_rfs.v:58]
INFO: [Synth 8-6155] done synthesizing module 'system_bit_slicer_rx_1_0' (0#1) [/home/tcollins/dev/qpsk_ai/TransceiverToolbox/trx_examples/targeting/QPSKTxRxHDLExample/hdl_prj_jupiter_txrx/vivado_ip_prj/vivado_prj.gen/sources_1/bd/system/ip/system_bit_slicer_rx_1_0/synth/system_bit_slicer_rx_1_0.v:53]
INFO: [Synth 8-6157] synthesizing module 'system_bit_slicer_rx_2_0' [/home/tcollins/dev/qpsk_ai/TransceiverToolbox/trx_examples/targeting/QPSKTxRxHDLExample/hdl_prj_jupiter_txrx/vivado_ip_prj/vivado_prj.gen/sources_1/bd/system/ip/system_bit_slicer_rx_2_0/synth/system_bit_slicer_rx_2_0.v:53]
INFO: [Synth 8-6157] synthesizing module 'xlslice_v1_0_5_xlslice__parameterized1' [/home/tcollins/dev/qpsk_ai/TransceiverToolbox/trx_examples/targeting/QPSKTxRxHDLExample/hdl_prj_jupiter_txrx/vivado_ip_prj/vivado_prj.gen/sources_1/bd/system/ipshared/6792/hdl/xlslice_v1_0_vl_rfs.v:58]
INFO: [Synth 8-6155] done synthesizing module 'xlslice_v1_0_5_xlslice__parameterized1' (0#1) [/home/tcollins/dev/qpsk_ai/TransceiverToolbox/trx_examples/targeting/QPSKTxRxHDLExample/hdl_prj_jupiter_txrx/vivado_ip_prj/vivado_prj.gen/sources_1/bd/system/ipshared/6792/hdl/xlslice_v1_0_vl_rfs.v:58]
INFO: [Synth 8-6155] done synthesizing module 'system_bit_slicer_rx_2_0' (0#1) [/home/tcollins/dev/qpsk_ai/TransceiverToolbox/trx_examples/targeting/QPSKTxRxHDLExample/hdl_prj_jupiter_txrx/vivado_ip_prj/vivado_prj.gen/sources_1/bd/system/ip/system_bit_slicer_rx_2_0/synth/system_bit_slicer_rx_2_0.v:53]
INFO: [Synth 8-6157] synthesizing module 'system_bit_slicer_rx_3_0' [/home/tcollins/dev/qpsk_ai/TransceiverToolbox/trx_examples/targeting/QPSKTxRxHDLExample/hdl_prj_jupiter_txrx/vivado_ip_prj/vivado_prj.gen/sources_1/bd/system/ip/system_bit_slicer_rx_3_0/synth/system_bit_slicer_rx_3_0.v:53]
INFO: [Synth 8-6157] synthesizing module 'xlslice_v1_0_5_xlslice__parameterized2' [/home/tcollins/dev/qpsk_ai/TransceiverToolbox/trx_examples/targeting/QPSKTxRxHDLExample/hdl_prj_jupiter_txrx/vivado_ip_prj/vivado_prj.gen/sources_1/bd/system/ipshared/6792/hdl/xlslice_v1_0_vl_rfs.v:58]
INFO: [Synth 8-6155] done synthesizing module 'xlslice_v1_0_5_xlslice__parameterized2' (0#1) [/home/tcollins/dev/qpsk_ai/TransceiverToolbox/trx_examples/targeting/QPSKTxRxHDLExample/hdl_prj_jupiter_txrx/vivado_ip_prj/vivado_prj.gen/sources_1/bd/system/ipshared/6792/hdl/xlslice_v1_0_vl_rfs.v:58]
INFO: [Synth 8-6155] done synthesizing module 'system_bit_slicer_rx_3_0' (0#1) [/home/tcollins/dev/qpsk_ai/TransceiverToolbox/trx_examples/targeting/QPSKTxRxHDLExample/hdl_prj_jupiter_txrx/vivado_ip_prj/vivado_prj.gen/sources_1/bd/system/ip/system_bit_slicer_rx_3_0/synth/system_bit_slicer_rx_3_0.v:53]
INFO: [Synth 8-6157] synthesizing module 'system_bit_slicer_tx_0_0' [/home/tcollins/dev/qpsk_ai/TransceiverToolbox/trx_examples/targeting/QPSKTxRxHDLExample/hdl_prj_jupiter_txrx/vivado_ip_prj/vivado_prj.gen/sources_1/bd/system/ip/system_bit_slicer_tx_0_0/synth/system_bit_slicer_tx_0_0.v:53]
INFO: [Synth 8-6155] done synthesizing module 'system_bit_slicer_tx_0_0' (0#1) [/home/tcollins/dev/qpsk_ai/TransceiverToolbox/trx_examples/targeting/QPSKTxRxHDLExample/hdl_prj_jupiter_txrx/vivado_ip_prj/vivado_prj.gen/sources_1/bd/system/ip/system_bit_slicer_tx_0_0/synth/system_bit_slicer_tx_0_0.v:53]
INFO: [Synth 8-6157] synthesizing module 'system_bit_slicer_tx_1_0' [/home/tcollins/dev/qpsk_ai/TransceiverToolbox/trx_examples/targeting/QPSKTxRxHDLExample/hdl_prj_jupiter_txrx/vivado_ip_prj/vivado_prj.gen/sources_1/bd/system/ip/system_bit_slicer_tx_1_0/synth/system_bit_slicer_tx_1_0.v:53]
INFO: [Synth 8-6155] done synthesizing module 'system_bit_slicer_tx_1_0' (0#1) [/home/tcollins/dev/qpsk_ai/TransceiverToolbox/trx_examples/targeting/QPSKTxRxHDLExample/hdl_prj_jupiter_txrx/vivado_ip_prj/vivado_prj.gen/sources_1/bd/system/ip/system_bit_slicer_tx_1_0/synth/system_bit_slicer_tx_1_0.v:53]
INFO: [Synth 8-6157] synthesizing module 'system_bit_slicer_tx_2_0' [/home/tcollins/dev/qpsk_ai/TransceiverToolbox/trx_examples/targeting/QPSKTxRxHDLExample/hdl_prj_jupiter_txrx/vivado_ip_prj/vivado_prj.gen/sources_1/bd/system/ip/system_bit_slicer_tx_2_0/synth/system_bit_slicer_tx_2_0.v:53]
INFO: [Synth 8-6155] done synthesizing module 'system_bit_slicer_tx_2_0' (0#1) [/home/tcollins/dev/qpsk_ai/TransceiverToolbox/trx_examples/targeting/QPSKTxRxHDLExample/hdl_prj_jupiter_txrx/vivado_ip_prj/vivado_prj.gen/sources_1/bd/system/ip/system_bit_slicer_tx_2_0/synth/system_bit_slicer_tx_2_0.v:53]
INFO: [Synth 8-6157] synthesizing module 'system_bit_slicer_tx_3_0' [/home/tcollins/dev/qpsk_ai/TransceiverToolbox/trx_examples/targeting/QPSKTxRxHDLExample/hdl_prj_jupiter_txrx/vivado_ip_prj/vivado_prj.gen/sources_1/bd/system/ip/system_bit_slicer_tx_3_0/synth/system_bit_slicer_tx_3_0.v:53]
INFO: [Synth 8-6155] done synthesizing module 'system_bit_slicer_tx_3_0' (0#1) [/home/tcollins/dev/qpsk_ai/TransceiverToolbox/trx_examples/targeting/QPSKTxRxHDLExample/hdl_prj_jupiter_txrx/vivado_ip_prj/vivado_prj.gen/sources_1/bd/system/ip/system_bit_slicer_tx_3_0/synth/system_bit_slicer_tx_3_0.v:53]
INFO: [Synth 8-6157] synthesizing module 'system_bit_slicer_valid_rx_0_0' [/home/tcollins/dev/qpsk_ai/TransceiverToolbox/trx_examples/targeting/QPSKTxRxHDLExample/hdl_prj_jupiter_txrx/vivado_ip_prj/vivado_prj.gen/sources_1/bd/system/ip/system_bit_slicer_valid_rx_0_0/synth/system_bit_slicer_valid_rx_0_0.v:53]
INFO: [Synth 8-6157] synthesizing module 'xlslice_v1_0_5_xlslice__parameterized3' [/home/tcollins/dev/qpsk_ai/TransceiverToolbox/trx_examples/targeting/QPSKTxRxHDLExample/hdl_prj_jupiter_txrx/vivado_ip_prj/vivado_prj.gen/sources_1/bd/system/ipshared/6792/hdl/xlslice_v1_0_vl_rfs.v:58]
INFO: [Synth 8-6155] done synthesizing module 'xlslice_v1_0_5_xlslice__parameterized3' (0#1) [/home/tcollins/dev/qpsk_ai/TransceiverToolbox/trx_examples/targeting/QPSKTxRxHDLExample/hdl_prj_jupiter_txrx/vivado_ip_prj/vivado_prj.gen/sources_1/bd/system/ipshared/6792/hdl/xlslice_v1_0_vl_rfs.v:58]
INFO: [Synth 8-6155] done synthesizing module 'system_bit_slicer_valid_rx_0_0' (0#1) [/home/tcollins/dev/qpsk_ai/TransceiverToolbox/trx_examples/targeting/QPSKTxRxHDLExample/hdl_prj_jupiter_txrx/vivado_ip_prj/vivado_prj.gen/sources_1/bd/system/ip/system_bit_slicer_valid_rx_0_0/synth/system_bit_slicer_valid_rx_0_0.v:53]
INFO: [Synth 8-6157] synthesizing module 'system_bit_slicer_valid_tx_0_0' [/home/tcollins/dev/qpsk_ai/TransceiverToolbox/trx_examples/targeting/QPSKTxRxHDLExample/hdl_prj_jupiter_txrx/vivado_ip_prj/vivado_prj.gen/sources_1/bd/system/ip/system_bit_slicer_valid_tx_0_0/synth/system_bit_slicer_valid_tx_0_0.v:53]
INFO: [Synth 8-6155] done synthesizing module 'system_bit_slicer_valid_tx_0_0' (0#1) [/home/tcollins/dev/qpsk_ai/TransceiverToolbox/trx_examples/targeting/QPSKTxRxHDLExample/hdl_prj_jupiter_txrx/vivado_ip_prj/vivado_prj.gen/sources_1/bd/system/ip/system_bit_slicer_valid_tx_0_0/synth/system_bit_slicer_valid_tx_0_0.v:53]
INFO: [Synth 8-6157] synthesizing module 'system_sync_slow_to_fast_0' [/home/tcollins/dev/qpsk_ai/TransceiverToolbox/trx_examples/targeting/QPSKTxRxHDLExample/hdl_prj_jupiter_txrx/vivado_ip_prj/vivado_prj.runs/synth_1/.Xil/Vivado-3537448-nemo/realtime/system_sync_slow_to_fast_0_stub.v:6]
INFO: [Synth 8-6155] done synthesizing module 'system_sync_slow_to_fast_0' (0#1) [/home/tcollins/dev/qpsk_ai/TransceiverToolbox/trx_examples/targeting/QPSKTxRxHDLExample/hdl_prj_jupiter_txrx/vivado_ip_prj/vivado_prj.runs/synth_1/.Xil/Vivado-3537448-nemo/realtime/system_sync_slow_to_fast_0_stub.v:6]
INFO: [Synth 8-6157] synthesizing module 'system_util_delay_0' [/home/tcollins/dev/qpsk_ai/TransceiverToolbox/trx_examples/targeting/QPSKTxRxHDLExample/hdl_prj_jupiter_txrx/vivado_ip_prj/vivado_prj.runs/synth_1/.Xil/Vivado-3537448-nemo/realtime/system_util_delay_0_stub.v:6]
INFO: [Synth 8-6155] done synthesizing module 'system_util_delay_0' (0#1) [/home/tcollins/dev/qpsk_ai/TransceiverToolbox/trx_examples/targeting/QPSKTxRxHDLExample/hdl_prj_jupiter_txrx/vivado_ip_prj/vivado_prj.runs/synth_1/.Xil/Vivado-3537448-nemo/realtime/system_util_delay_0_stub.v:6]
INFO: [Synth 8-6155] done synthesizing module 'sync_input_imp_13CLUWH' (0#1) [/home/tcollins/dev/qpsk_ai/TransceiverToolbox/trx_examples/targeting/QPSKTxRxHDLExample/hdl_prj_jupiter_txrx/vivado_ip_prj/vivado_prj.gen/sources_1/bd/system/synth/system.v:13]
WARNING: [Synth 8-7071] port 'data_out_rx_2' of module 'sync_input_imp_13CLUWH' is unconnected for instance 'sync_input' [/home/tcollins/dev/qpsk_ai/TransceiverToolbox/trx_examples/targeting/QPSKTxRxHDLExample/hdl_prj_jupiter_txrx/vivado_ip_prj/vivado_prj.gen/sources_1/bd/system/synth/system.v:1595]
WARNING: [Synth 8-7071] port 'data_out_rx_3' of module 'sync_input_imp_13CLUWH' is unconnected for instance 'sync_input' [/home/tcollins/dev/qpsk_ai/TransceiverToolbox/trx_examples/targeting/QPSKTxRxHDLExample/hdl_prj_jupiter_txrx/vivado_ip_prj/vivado_prj.gen/sources_1/bd/system/synth/system.v:1595]
WARNING: [Synth 8-7071] port 'data_out_tx_0' of module 'sync_input_imp_13CLUWH' is unconnected for instance 'sync_input' [/home/tcollins/dev/qpsk_ai/TransceiverToolbox/trx_examples/targeting/QPSKTxRxHDLExample/hdl_prj_jupiter_txrx/vivado_ip_prj/vivado_prj.gen/sources_1/bd/system/synth/system.v:1595]
WARNING: [Synth 8-7071] port 'data_out_tx_1' of module 'sync_input_imp_13CLUWH' is unconnected for instance 'sync_input' [/home/tcollins/dev/qpsk_ai/TransceiverToolbox/trx_examples/targeting/QPSKTxRxHDLExample/hdl_prj_jupiter_txrx/vivado_ip_prj/vivado_prj.gen/sources_1/bd/system/synth/system.v:1595]
WARNING: [Synth 8-7071] port 'data_out_tx_2' of module 'sync_input_imp_13CLUWH' is unconnected for instance 'sync_input' [/home/tcollins/dev/qpsk_ai/TransceiverToolbox/trx_examples/targeting/QPSKTxRxHDLExample/hdl_prj_jupiter_txrx/vivado_ip_prj/vivado_prj.gen/sources_1/bd/system/synth/system.v:1595]
WARNING: [Synth 8-7071] port 'data_out_tx_3' of module 'sync_input_imp_13CLUWH' is unconnected for instance 'sync_input' [/home/tcollins/dev/qpsk_ai/TransceiverToolbox/trx_examples/targeting/QPSKTxRxHDLExample/hdl_prj_jupiter_txrx/vivado_ip_prj/vivado_prj.gen/sources_1/bd/system/synth/system.v:1595]
WARNING: [Synth 8-7071] port 'data_valid_out_tx_0' of module 'sync_input_imp_13CLUWH' is unconnected for instance 'sync_input' [/home/tcollins/dev/qpsk_ai/TransceiverToolbox/trx_examples/targeting/QPSKTxRxHDLExample/hdl_prj_jupiter_txrx/vivado_ip_prj/vivado_prj.gen/sources_1/bd/system/synth/system.v:1595]
WARNING: [Synth 8-7023] instance 'sync_input' of module 'sync_input_imp_13CLUWH' has 24 connections declared, but only 17 given [/home/tcollins/dev/qpsk_ai/TransceiverToolbox/trx_examples/targeting/QPSKTxRxHDLExample/hdl_prj_jupiter_txrx/vivado_ip_prj/vivado_prj.gen/sources_1/bd/system/synth/system.v:1595]
INFO: [Synth 8-6157] synthesizing module 'sync_output_imp_1NKHJQ6' [/home/tcollins/dev/qpsk_ai/TransceiverToolbox/trx_examples/targeting/QPSKTxRxHDLExample/hdl_prj_jupiter_txrx/vivado_ip_prj/vivado_prj.gen/sources_1/bd/system/synth/system.v:150]
INFO: [Synth 8-6157] synthesizing module 'system_bit_concatenator_shifter_1' [/home/tcollins/dev/qpsk_ai/TransceiverToolbox/trx_examples/targeting/QPSKTxRxHDLExample/hdl_prj_jupiter_txrx/vivado_ip_prj/vivado_prj.gen/sources_1/bd/system/ip/system_bit_concatenator_shifter_1/synth/system_bit_concatenator_shifter_1.v:53]
INFO: [Synth 8-6155] done synthesizing module 'system_bit_concatenator_shifter_1' (0#1) [/home/tcollins/dev/qpsk_ai/TransceiverToolbox/trx_examples/targeting/QPSKTxRxHDLExample/hdl_prj_jupiter_txrx/vivado_ip_prj/vivado_prj.gen/sources_1/bd/system/ip/system_bit_concatenator_shifter_1/synth/system_bit_concatenator_shifter_1.v:53]
INFO: [Synth 8-6157] synthesizing module 'system_bit_concatenator_sync_1' [/home/tcollins/dev/qpsk_ai/TransceiverToolbox/trx_examples/targeting/QPSKTxRxHDLExample/hdl_prj_jupiter_txrx/vivado_ip_prj/vivado_prj.gen/sources_1/bd/system/ip/system_bit_concatenator_sync_1/synth/system_bit_concatenator_sync_1.v:53]
INFO: [Synth 8-6155] done synthesizing module 'system_bit_concatenator_sync_1' (0#1) [/home/tcollins/dev/qpsk_ai/TransceiverToolbox/trx_examples/targeting/QPSKTxRxHDLExample/hdl_prj_jupiter_txrx/vivado_ip_prj/vivado_prj.gen/sources_1/bd/system/ip/system_bit_concatenator_sync_1/synth/system_bit_concatenator_sync_1.v:53]
INFO: [Synth 8-6157] synthesizing module 'system_bit_slicer_rx_0_1' [/home/tcollins/dev/qpsk_ai/TransceiverToolbox/trx_examples/targeting/QPSKTxRxHDLExample/hdl_prj_jupiter_txrx/vivado_ip_prj/vivado_prj.gen/sources_1/bd/system/ip/system_bit_slicer_rx_0_1/synth/system_bit_slicer_rx_0_1.v:53]
INFO: [Synth 8-6155] done synthesizing module 'system_bit_slicer_rx_0_1' (0#1) [/home/tcollins/dev/qpsk_ai/TransceiverToolbox/trx_examples/targeting/QPSKTxRxHDLExample/hdl_prj_jupiter_txrx/vivado_ip_prj/vivado_prj.gen/sources_1/bd/system/ip/system_bit_slicer_rx_0_1/synth/system_bit_slicer_rx_0_1.v:53]
INFO: [Synth 8-6157] synthesizing module 'system_bit_slicer_rx_1_1' [/home/tcollins/dev/qpsk_ai/TransceiverToolbox/trx_examples/targeting/QPSKTxRxHDLExample/hdl_prj_jupiter_txrx/vivado_ip_prj/vivado_prj.gen/sources_1/bd/system/ip/system_bit_slicer_rx_1_1/synth/system_bit_slicer_rx_1_1.v:53]
INFO: [Synth 8-6155] done synthesizing module 'system_bit_slicer_rx_1_1' (0#1) [/home/tcollins/dev/qpsk_ai/TransceiverToolbox/trx_examples/targeting/QPSKTxRxHDLExample/hdl_prj_jupiter_txrx/vivado_ip_prj/vivado_prj.gen/sources_1/bd/system/ip/system_bit_slicer_rx_1_1/synth/system_bit_slicer_rx_1_1.v:53]
INFO: [Synth 8-6157] synthesizing module 'system_bit_slicer_rx_2_1' [/home/tcollins/dev/qpsk_ai/TransceiverToolbox/trx_examples/targeting/QPSKTxRxHDLExample/hdl_prj_jupiter_txrx/vivado_ip_prj/vivado_prj.gen/sources_1/bd/system/ip/system_bit_slicer_rx_2_1/synth/system_bit_slicer_rx_2_1.v:53]
INFO: [Synth 8-6155] done synthesizing module 'system_bit_slicer_rx_2_1' (0#1) [/home/tcollins/dev/qpsk_ai/TransceiverToolbox/trx_examples/targeting/QPSKTxRxHDLExample/hdl_prj_jupiter_txrx/vivado_ip_prj/vivado_prj.gen/sources_1/bd/system/ip/system_bit_slicer_rx_2_1/synth/system_bit_slicer_rx_2_1.v:53]
INFO: [Synth 8-6157] synthesizing module 'system_bit_slicer_rx_3_1' [/home/tcollins/dev/qpsk_ai/TransceiverToolbox/trx_examples/targeting/QPSKTxRxHDLExample/hdl_prj_jupiter_txrx/vivado_ip_prj/vivado_prj.gen/sources_1/bd/system/ip/system_bit_slicer_rx_3_1/synth/system_bit_slicer_rx_3_1.v:53]
INFO: [Synth 8-6155] done synthesizing module 'system_bit_slicer_rx_3_1' (0#1) [/home/tcollins/dev/qpsk_ai/TransceiverToolbox/trx_examples/targeting/QPSKTxRxHDLExample/hdl_prj_jupiter_txrx/vivado_ip_prj/vivado_prj.gen/sources_1/bd/system/ip/system_bit_slicer_rx_3_1/synth/system_bit_slicer_rx_3_1.v:53]
INFO: [Synth 8-6157] synthesizing module 'system_bit_slicer_tx_0_1' [/home/tcollins/dev/qpsk_ai/TransceiverToolbox/trx_examples/targeting/QPSKTxRxHDLExample/hdl_prj_jupiter_txrx/vivado_ip_prj/vivado_prj.gen/sources_1/bd/system/ip/system_bit_slicer_tx_0_1/synth/system_bit_slicer_tx_0_1.v:53]
INFO: [Synth 8-6155] done synthesizing module 'system_bit_slicer_tx_0_1' (0#1) [/home/tcollins/dev/qpsk_ai/TransceiverToolbox/trx_examples/targeting/QPSKTxRxHDLExample/hdl_prj_jupiter_txrx/vivado_ip_prj/vivado_prj.gen/sources_1/bd/system/ip/system_bit_slicer_tx_0_1/synth/system_bit_slicer_tx_0_1.v:53]
INFO: [Synth 8-6157] synthesizing module 'system_bit_slicer_tx_1_1' [/home/tcollins/dev/qpsk_ai/TransceiverToolbox/trx_examples/targeting/QPSKTxRxHDLExample/hdl_prj_jupiter_txrx/vivado_ip_prj/vivado_prj.gen/sources_1/bd/system/ip/system_bit_slicer_tx_1_1/synth/system_bit_slicer_tx_1_1.v:53]
INFO: [Synth 8-6155] done synthesizing module 'system_bit_slicer_tx_1_1' (0#1) [/home/tcollins/dev/qpsk_ai/TransceiverToolbox/trx_examples/targeting/QPSKTxRxHDLExample/hdl_prj_jupiter_txrx/vivado_ip_prj/vivado_prj.gen/sources_1/bd/system/ip/system_bit_slicer_tx_1_1/synth/system_bit_slicer_tx_1_1.v:53]
INFO: [Synth 8-6157] synthesizing module 'system_bit_slicer_tx_2_1' [/home/tcollins/dev/qpsk_ai/TransceiverToolbox/trx_examples/targeting/QPSKTxRxHDLExample/hdl_prj_jupiter_txrx/vivado_ip_prj/vivado_prj.gen/sources_1/bd/system/ip/system_bit_slicer_tx_2_1/synth/system_bit_slicer_tx_2_1.v:53]
INFO: [Synth 8-6155] done synthesizing module 'system_bit_slicer_tx_2_1' (0#1) [/home/tcollins/dev/qpsk_ai/TransceiverToolbox/trx_examples/targeting/QPSKTxRxHDLExample/hdl_prj_jupiter_txrx/vivado_ip_prj/vivado_prj.gen/sources_1/bd/system/ip/system_bit_slicer_tx_2_1/synth/system_bit_slicer_tx_2_1.v:53]
INFO: [Synth 8-6157] synthesizing module 'system_bit_slicer_tx_3_1' [/home/tcollins/dev/qpsk_ai/TransceiverToolbox/trx_examples/targeting/QPSKTxRxHDLExample/hdl_prj_jupiter_txrx/vivado_ip_prj/vivado_prj.gen/sources_1/bd/system/ip/system_bit_slicer_tx_3_1/synth/system_bit_slicer_tx_3_1.v:53]
INFO: [Synth 8-6155] done synthesizing module 'system_bit_slicer_tx_3_1' (0#1) [/home/tcollins/dev/qpsk_ai/TransceiverToolbox/trx_examples/targeting/QPSKTxRxHDLExample/hdl_prj_jupiter_txrx/vivado_ip_prj/vivado_prj.gen/sources_1/bd/system/ip/system_bit_slicer_tx_3_1/synth/system_bit_slicer_tx_3_1.v:53]
INFO: [Synth 8-6157] synthesizing module 'system_bit_slicer_valid_rx_0_1' [/home/tcollins/dev/qpsk_ai/TransceiverToolbox/trx_examples/targeting/QPSKTxRxHDLExample/hdl_prj_jupiter_txrx/vivado_ip_prj/vivado_prj.gen/sources_1/bd/system/ip/system_bit_slicer_valid_rx_0_1/synth/system_bit_slicer_valid_rx_0_1.v:53]
INFO: [Synth 8-6155] done synthesizing module 'system_bit_slicer_valid_rx_0_1' (0#1) [/home/tcollins/dev/qpsk_ai/TransceiverToolbox/trx_examples/targeting/QPSKTxRxHDLExample/hdl_prj_jupiter_txrx/vivado_ip_prj/vivado_prj.gen/sources_1/bd/system/ip/system_bit_slicer_valid_rx_0_1/synth/system_bit_slicer_valid_rx_0_1.v:53]
INFO: [Synth 8-6157] synthesizing module 'system_bit_slicer_valid_tx_0_1' [/home/tcollins/dev/qpsk_ai/TransceiverToolbox/trx_examples/targeting/QPSKTxRxHDLExample/hdl_prj_jupiter_txrx/vivado_ip_prj/vivado_prj.gen/sources_1/bd/system/ip/system_bit_slicer_valid_tx_0_1/synth/system_bit_slicer_valid_tx_0_1.v:53]
INFO: [Synth 8-6155] done synthesizing module 'system_bit_slicer_valid_tx_0_1' (0#1) [/home/tcollins/dev/qpsk_ai/TransceiverToolbox/trx_examples/targeting/QPSKTxRxHDLExample/hdl_prj_jupiter_txrx/vivado_ip_prj/vivado_prj.gen/sources_1/bd/system/ip/system_bit_slicer_valid_tx_0_1/synth/system_bit_slicer_valid_tx_0_1.v:53]
INFO: [Synth 8-6157] synthesizing module 'system_sync_slow_to_fast_1' [/home/tcollins/dev/qpsk_ai/TransceiverToolbox/trx_examples/targeting/QPSKTxRxHDLExample/hdl_prj_jupiter_txrx/vivado_ip_prj/vivado_prj.runs/synth_1/.Xil/Vivado-3537448-nemo/realtime/system_sync_slow_to_fast_1_stub.v:6]
INFO: [Synth 8-6155] done synthesizing module 'system_sync_slow_to_fast_1' (0#1) [/home/tcollins/dev/qpsk_ai/TransceiverToolbox/trx_examples/targeting/QPSKTxRxHDLExample/hdl_prj_jupiter_txrx/vivado_ip_prj/vivado_prj.runs/synth_1/.Xil/Vivado-3537448-nemo/realtime/system_sync_slow_to_fast_1_stub.v:6]
INFO: [Synth 8-6157] synthesizing module 'system_util_delay_1' [/home/tcollins/dev/qpsk_ai/TransceiverToolbox/trx_examples/targeting/QPSKTxRxHDLExample/hdl_prj_jupiter_txrx/vivado_ip_prj/vivado_prj.runs/synth_1/.Xil/Vivado-3537448-nemo/realtime/system_util_delay_1_stub.v:6]
INFO: [Synth 8-6155] done synthesizing module 'system_util_delay_1' (0#1) [/home/tcollins/dev/qpsk_ai/TransceiverToolbox/trx_examples/targeting/QPSKTxRxHDLExample/hdl_prj_jupiter_txrx/vivado_ip_prj/vivado_prj.runs/synth_1/.Xil/Vivado-3537448-nemo/realtime/system_util_delay_1_stub.v:6]
INFO: [Synth 8-6155] done synthesizing module 'sync_output_imp_1NKHJQ6' (0#1) [/home/tcollins/dev/qpsk_ai/TransceiverToolbox/trx_examples/targeting/QPSKTxRxHDLExample/hdl_prj_jupiter_txrx/vivado_ip_prj/vivado_prj.gen/sources_1/bd/system/synth/system.v:150]
INFO: [Synth 8-6157] synthesizing module 'system_sys_250m_rstgen_0' [/home/tcollins/dev/qpsk_ai/TransceiverToolbox/trx_examples/targeting/QPSKTxRxHDLExample/hdl_prj_jupiter_txrx/vivado_ip_prj/vivado_prj.runs/synth_1/.Xil/Vivado-3537448-nemo/realtime/system_sys_250m_rstgen_0_stub.v:6]
INFO: [Synth 8-6155] done synthesizing module 'system_sys_250m_rstgen_0' (0#1) [/home/tcollins/dev/qpsk_ai/TransceiverToolbox/trx_examples/targeting/QPSKTxRxHDLExample/hdl_prj_jupiter_txrx/vivado_ip_prj/vivado_prj.runs/synth_1/.Xil/Vivado-3537448-nemo/realtime/system_sys_250m_rstgen_0_stub.v:6]
WARNING: [Synth 8-7071] port 'mb_reset' of module 'system_sys_250m_rstgen_0' is unconnected for instance 'sys_250m_rstgen' [/home/tcollins/dev/qpsk_ai/TransceiverToolbox/trx_examples/targeting/QPSKTxRxHDLExample/hdl_prj_jupiter_txrx/vivado_ip_prj/vivado_prj.gen/sources_1/bd/system/synth/system.v:1638]
WARNING: [Synth 8-7071] port 'bus_struct_reset' of module 'system_sys_250m_rstgen_0' is unconnected for instance 'sys_250m_rstgen' [/home/tcollins/dev/qpsk_ai/TransceiverToolbox/trx_examples/targeting/QPSKTxRxHDLExample/hdl_prj_jupiter_txrx/vivado_ip_prj/vivado_prj.gen/sources_1/bd/system/synth/system.v:1638]
WARNING: [Synth 8-7071] port 'interconnect_aresetn' of module 'system_sys_250m_rstgen_0' is unconnected for instance 'sys_250m_rstgen' [/home/tcollins/dev/qpsk_ai/TransceiverToolbox/trx_examples/targeting/QPSKTxRxHDLExample/hdl_prj_jupiter_txrx/vivado_ip_prj/vivado_prj.gen/sources_1/bd/system/synth/system.v:1638]
WARNING: [Synth 8-7023] instance 'sys_250m_rstgen' of module 'system_sys_250m_rstgen_0' has 10 connections declared, but only 7 given [/home/tcollins/dev/qpsk_ai/TransceiverToolbox/trx_examples/targeting/QPSKTxRxHDLExample/hdl_prj_jupiter_txrx/vivado_ip_prj/vivado_prj.gen/sources_1/bd/system/synth/system.v:1638]
INFO: [Synth 8-6157] synthesizing module 'system_sys_500m_rstgen_0' [/home/tcollins/dev/qpsk_ai/TransceiverToolbox/trx_examples/targeting/QPSKTxRxHDLExample/hdl_prj_jupiter_txrx/vivado_ip_prj/vivado_prj.runs/synth_1/.Xil/Vivado-3537448-nemo/realtime/system_sys_500m_rstgen_0_stub.v:6]
INFO: [Synth 8-6155] done synthesizing module 'system_sys_500m_rstgen_0' (0#1) [/home/tcollins/dev/qpsk_ai/TransceiverToolbox/trx_examples/targeting/QPSKTxRxHDLExample/hdl_prj_jupiter_txrx/vivado_ip_prj/vivado_prj.runs/synth_1/.Xil/Vivado-3537448-nemo/realtime/system_sys_500m_rstgen_0_stub.v:6]
WARNING: [Synth 8-7071] port 'mb_reset' of module 'system_sys_500m_rstgen_0' is unconnected for instance 'sys_500m_rstgen' [/home/tcollins/dev/qpsk_ai/TransceiverToolbox/trx_examples/targeting/QPSKTxRxHDLExample/hdl_prj_jupiter_txrx/vivado_ip_prj/vivado_prj.gen/sources_1/bd/system/synth/system.v:1646]
WARNING: [Synth 8-7071] port 'bus_struct_reset' of module 'system_sys_500m_rstgen_0' is unconnected for instance 'sys_500m_rstgen' [/home/tcollins/dev/qpsk_ai/TransceiverToolbox/trx_examples/targeting/QPSKTxRxHDLExample/hdl_prj_jupiter_txrx/vivado_ip_prj/vivado_prj.gen/sources_1/bd/system/synth/system.v:1646]
WARNING: [Synth 8-7071] port 'interconnect_aresetn' of module 'system_sys_500m_rstgen_0' is unconnected for instance 'sys_500m_rstgen' [/home/tcollins/dev/qpsk_ai/TransceiverToolbox/trx_examples/targeting/QPSKTxRxHDLExample/hdl_prj_jupiter_txrx/vivado_ip_prj/vivado_prj.gen/sources_1/bd/system/synth/system.v:1646]
WARNING: [Synth 8-7023] instance 'sys_500m_rstgen' of module 'system_sys_500m_rstgen_0' has 10 connections declared, but only 7 given [/home/tcollins/dev/qpsk_ai/TransceiverToolbox/trx_examples/targeting/QPSKTxRxHDLExample/hdl_prj_jupiter_txrx/vivado_ip_prj/vivado_prj.gen/sources_1/bd/system/synth/system.v:1646]
INFO: [Synth 8-6157] synthesizing module 'system_sys_ps8_0' [/home/tcollins/dev/qpsk_ai/TransceiverToolbox/trx_examples/targeting/QPSKTxRxHDLExample/hdl_prj_jupiter_txrx/vivado_ip_prj/vivado_prj.runs/synth_1/.Xil/Vivado-3537448-nemo/realtime/system_sys_ps8_0_stub.v:6]
INFO: [Synth 8-6155] done synthesizing module 'system_sys_ps8_0' (0#1) [/home/tcollins/dev/qpsk_ai/TransceiverToolbox/trx_examples/targeting/QPSKTxRxHDLExample/hdl_prj_jupiter_txrx/vivado_ip_prj/vivado_prj.runs/synth_1/.Xil/Vivado-3537448-nemo/realtime/system_sys_ps8_0_stub.v:6]
WARNING: [Synth 8-7071] port 'saxigp0_bid' of module 'system_sys_ps8_0' is unconnected for instance 'sys_ps8' [/home/tcollins/dev/qpsk_ai/TransceiverToolbox/trx_examples/targeting/QPSKTxRxHDLExample/hdl_prj_jupiter_txrx/vivado_ip_prj/vivado_prj.gen/sources_1/bd/system/synth/system.v:1656]
WARNING: [Synth 8-7071] port 'saxigp0_rid' of module 'system_sys_ps8_0' is unconnected for instance 'sys_ps8' [/home/tcollins/dev/qpsk_ai/TransceiverToolbox/trx_examples/targeting/QPSKTxRxHDLExample/hdl_prj_jupiter_txrx/vivado_ip_prj/vivado_prj.gen/sources_1/bd/system/synth/system.v:1656]
WARNING: [Synth 8-7071] port 'emio_spi0_sclk_t' of module 'system_sys_ps8_0' is unconnected for instance 'sys_ps8' [/home/tcollins/dev/qpsk_ai/TransceiverToolbox/trx_examples/targeting/QPSKTxRxHDLExample/hdl_prj_jupiter_txrx/vivado_ip_prj/vivado_prj.gen/sources_1/bd/system/synth/system.v:1656]
WARNING: [Synth 8-7071] port 'emio_spi0_mo_t' of module 'system_sys_ps8_0' is unconnected for instance 'sys_ps8' [/home/tcollins/dev/qpsk_ai/TransceiverToolbox/trx_examples/targeting/QPSKTxRxHDLExample/hdl_prj_jupiter_txrx/vivado_ip_prj/vivado_prj.gen/sources_1/bd/system/synth/system.v:1656]
WARNING: [Synth 8-7071] port 'emio_spi0_s_o' of module 'system_sys_ps8_0' is unconnected for instance 'sys_ps8' [/home/tcollins/dev/qpsk_ai/TransceiverToolbox/trx_examples/targeting/QPSKTxRxHDLExample/hdl_prj_jupiter_txrx/vivado_ip_prj/vivado_prj.gen/sources_1/bd/system/synth/system.v:1656]
WARNING: [Synth 8-7071] port 'emio_spi0_so_t' of module 'system_sys_ps8_0' is unconnected for instance 'sys_ps8' [/home/tcollins/dev/qpsk_ai/TransceiverToolbox/trx_examples/targeting/QPSKTxRxHDLExample/hdl_prj_jupiter_txrx/vivado_ip_prj/vivado_prj.gen/sources_1/bd/system/synth/system.v:1656]
WARNING: [Synth 8-7071] port 'emio_spi0_ss_n_t' of module 'system_sys_ps8_0' is unconnected for instance 'sys_ps8' [/home/tcollins/dev/qpsk_ai/TransceiverToolbox/trx_examples/targeting/QPSKTxRxHDLExample/hdl_prj_jupiter_txrx/vivado_ip_prj/vivado_prj.gen/sources_1/bd/system/synth/system.v:1656]
WARNING: [Synth 8-7023] instance 'sys_ps8' of module 'system_sys_ps8_0' has 101 connections declared, but only 94 given [/home/tcollins/dev/qpsk_ai/TransceiverToolbox/trx_examples/targeting/QPSKTxRxHDLExample/hdl_prj_jupiter_txrx/vivado_ip_prj/vivado_prj.gen/sources_1/bd/system/synth/system.v:1656]
INFO: [Synth 8-6157] synthesizing module 'system_sys_rstgen_0' [/home/tcollins/dev/qpsk_ai/TransceiverToolbox/trx_examples/targeting/QPSKTxRxHDLExample/hdl_prj_jupiter_txrx/vivado_ip_prj/vivado_prj.runs/synth_1/.Xil/Vivado-3537448-nemo/realtime/system_sys_rstgen_0_stub.v:6]
INFO: [Synth 8-6155] done synthesizing module 'system_sys_rstgen_0' (0#1) [/home/tcollins/dev/qpsk_ai/TransceiverToolbox/trx_examples/targeting/QPSKTxRxHDLExample/hdl_prj_jupiter_txrx/vivado_ip_prj/vivado_prj.runs/synth_1/.Xil/Vivado-3537448-nemo/realtime/system_sys_rstgen_0_stub.v:6]
WARNING: [Synth 8-7071] port 'mb_reset' of module 'system_sys_rstgen_0' is unconnected for instance 'sys_rstgen' [/home/tcollins/dev/qpsk_ai/TransceiverToolbox/trx_examples/targeting/QPSKTxRxHDLExample/hdl_prj_jupiter_txrx/vivado_ip_prj/vivado_prj.gen/sources_1/bd/system/synth/system.v:1751]
WARNING: [Synth 8-7071] port 'bus_struct_reset' of module 'system_sys_rstgen_0' is unconnected for instance 'sys_rstgen' [/home/tcollins/dev/qpsk_ai/TransceiverToolbox/trx_examples/targeting/QPSKTxRxHDLExample/hdl_prj_jupiter_txrx/vivado_ip_prj/vivado_prj.gen/sources_1/bd/system/synth/system.v:1751]
WARNING: [Synth 8-7071] port 'interconnect_aresetn' of module 'system_sys_rstgen_0' is unconnected for instance 'sys_rstgen' [/home/tcollins/dev/qpsk_ai/TransceiverToolbox/trx_examples/targeting/QPSKTxRxHDLExample/hdl_prj_jupiter_txrx/vivado_ip_prj/vivado_prj.gen/sources_1/bd/system/synth/system.v:1751]
WARNING: [Synth 8-7023] instance 'sys_rstgen' of module 'system_sys_rstgen_0' has 10 connections declared, but only 7 given [/home/tcollins/dev/qpsk_ai/TransceiverToolbox/trx_examples/targeting/QPSKTxRxHDLExample/hdl_prj_jupiter_txrx/vivado_ip_prj/vivado_prj.gen/sources_1/bd/system/synth/system.v:1751]
INFO: [Synth 8-6157] synthesizing module 'system_tx_rstn_inverter_0' [/home/tcollins/dev/qpsk_ai/TransceiverToolbox/trx_examples/targeting/QPSKTxRxHDLExample/hdl_prj_jupiter_txrx/vivado_ip_prj/vivado_prj.runs/synth_1/.Xil/Vivado-3537448-nemo/realtime/system_tx_rstn_inverter_0_stub.v:6]
INFO: [Synth 8-6155] done synthesizing module 'system_tx_rstn_inverter_0' (0#1) [/home/tcollins/dev/qpsk_ai/TransceiverToolbox/trx_examples/targeting/QPSKTxRxHDLExample/hdl_prj_jupiter_txrx/vivado_ip_prj/vivado_prj.runs/synth_1/.Xil/Vivado-3537448-nemo/realtime/system_tx_rstn_inverter_0_stub.v:6]
INFO: [Synth 8-6157] synthesizing module 'system_util_adc_1_pack_0' [/home/tcollins/dev/qpsk_ai/TransceiverToolbox/trx_examples/targeting/QPSKTxRxHDLExample/hdl_prj_jupiter_txrx/vivado_ip_prj/vivado_prj.runs/synth_1/.Xil/Vivado-3537448-nemo/realtime/system_util_adc_1_pack_0_stub.v:6]
INFO: [Synth 8-6155] done synthesizing module 'system_util_adc_1_pack_0' (0#1) [/home/tcollins/dev/qpsk_ai/TransceiverToolbox/trx_examples/targeting/QPSKTxRxHDLExample/hdl_prj_jupiter_txrx/vivado_ip_prj/vivado_prj.runs/synth_1/.Xil/Vivado-3537448-nemo/realtime/system_util_adc_1_pack_0_stub.v:6]
WARNING: [Synth 8-7071] port 'packed_sync' of module 'system_util_adc_1_pack_0' is unconnected for instance 'util_adc_1_pack' [/home/tcollins/dev/qpsk_ai/TransceiverToolbox/trx_examples/targeting/QPSKTxRxHDLExample/hdl_prj_jupiter_txrx/vivado_ip_prj/vivado_prj.gen/sources_1/bd/system/synth/system.v:1762]
WARNING: [Synth 8-7023] instance 'util_adc_1_pack' of module 'system_util_adc_1_pack_0' has 16 connections declared, but only 15 given [/home/tcollins/dev/qpsk_ai/TransceiverToolbox/trx_examples/targeting/QPSKTxRxHDLExample/hdl_prj_jupiter_txrx/vivado_ip_prj/vivado_prj.gen/sources_1/bd/system/synth/system.v:1762]
INFO: [Synth 8-6157] synthesizing module 'system_util_adc_2_pack_0' [/home/tcollins/dev/qpsk_ai/TransceiverToolbox/trx_examples/targeting/QPSKTxRxHDLExample/hdl_prj_jupiter_txrx/vivado_ip_prj/vivado_prj.runs/synth_1/.Xil/Vivado-3537448-nemo/realtime/system_util_adc_2_pack_0_stub.v:6]
INFO: [Synth 8-6155] done synthesizing module 'system_util_adc_2_pack_0' (0#1) [/home/tcollins/dev/qpsk_ai/TransceiverToolbox/trx_examples/targeting/QPSKTxRxHDLExample/hdl_prj_jupiter_txrx/vivado_ip_prj/vivado_prj.runs/synth_1/.Xil/Vivado-3537448-nemo/realtime/system_util_adc_2_pack_0_stub.v:6]
WARNING: [Synth 8-7071] port 'packed_sync' of module 'system_util_adc_2_pack_0' is unconnected for instance 'util_adc_2_pack' [/home/tcollins/dev/qpsk_ai/TransceiverToolbox/trx_examples/targeting/QPSKTxRxHDLExample/hdl_prj_jupiter_txrx/vivado_ip_prj/vivado_prj.gen/sources_1/bd/system/synth/system.v:1778]
WARNING: [Synth 8-7023] instance 'util_adc_2_pack' of module 'system_util_adc_2_pack_0' has 16 connections declared, but only 15 given [/home/tcollins/dev/qpsk_ai/TransceiverToolbox/trx_examples/targeting/QPSKTxRxHDLExample/hdl_prj_jupiter_txrx/vivado_ip_prj/vivado_prj.gen/sources_1/bd/system/synth/system.v:1778]
INFO: [Synth 8-6157] synthesizing module 'system_util_dac_1_upack_0' [/home/tcollins/dev/qpsk_ai/TransceiverToolbox/trx_examples/targeting/QPSKTxRxHDLExample/hdl_prj_jupiter_txrx/vivado_ip_prj/vivado_prj.runs/synth_1/.Xil/Vivado-3537448-nemo/realtime/system_util_dac_1_upack_0_stub.v:6]
INFO: [Synth 8-6155] done synthesizing module 'system_util_dac_1_upack_0' (0#1) [/home/tcollins/dev/qpsk_ai/TransceiverToolbox/trx_examples/targeting/QPSKTxRxHDLExample/hdl_prj_jupiter_txrx/vivado_ip_prj/vivado_prj.runs/synth_1/.Xil/Vivado-3537448-nemo/realtime/system_util_dac_1_upack_0_stub.v:6]
WARNING: [Synth 8-7071] port 'fifo_rd_valid' of module 'system_util_dac_1_upack_0' is unconnected for instance 'util_dac_1_upack' [/home/tcollins/dev/qpsk_ai/TransceiverToolbox/trx_examples/targeting/QPSKTxRxHDLExample/hdl_prj_jupiter_txrx/vivado_ip_prj/vivado_prj.gen/sources_1/bd/system/synth/system.v:1794]
WARNING: [Synth 8-7023] instance 'util_dac_1_upack' of module 'system_util_dac_1_upack_0' has 16 connections declared, but only 15 given [/home/tcollins/dev/qpsk_ai/TransceiverToolbox/trx_examples/targeting/QPSKTxRxHDLExample/hdl_prj_jupiter_txrx/vivado_ip_prj/vivado_prj.gen/sources_1/bd/system/synth/system.v:1794]
INFO: [Synth 8-6157] synthesizing module 'system_util_dac_2_upack_0' [/home/tcollins/dev/qpsk_ai/TransceiverToolbox/trx_examples/targeting/QPSKTxRxHDLExample/hdl_prj_jupiter_txrx/vivado_ip_prj/vivado_prj.runs/synth_1/.Xil/Vivado-3537448-nemo/realtime/system_util_dac_2_upack_0_stub.v:6]
INFO: [Synth 8-6155] done synthesizing module 'system_util_dac_2_upack_0' (0#1) [/home/tcollins/dev/qpsk_ai/TransceiverToolbox/trx_examples/targeting/QPSKTxRxHDLExample/hdl_prj_jupiter_txrx/vivado_ip_prj/vivado_prj.runs/synth_1/.Xil/Vivado-3537448-nemo/realtime/system_util_dac_2_upack_0_stub.v:6]
WARNING: [Synth 8-7071] port 'fifo_rd_valid' of module 'system_util_dac_2_upack_0' is unconnected for instance 'util_dac_2_upack' [/home/tcollins/dev/qpsk_ai/TransceiverToolbox/trx_examples/targeting/QPSKTxRxHDLExample/hdl_prj_jupiter_txrx/vivado_ip_prj/vivado_prj.gen/sources_1/bd/system/synth/system.v:1810]
WARNING: [Synth 8-7023] instance 'util_dac_2_upack' of module 'system_util_dac_2_upack_0' has 12 connections declared, but only 11 given [/home/tcollins/dev/qpsk_ai/TransceiverToolbox/trx_examples/targeting/QPSKTxRxHDLExample/hdl_prj_jupiter_txrx/vivado_ip_prj/vivado_prj.gen/sources_1/bd/system/synth/system.v:1810]
INFO: [Synth 8-6155] done synthesizing module 'system' (0#1) [/home/tcollins/dev/qpsk_ai/TransceiverToolbox/trx_examples/targeting/QPSKTxRxHDLExample/hdl_prj_jupiter_txrx/vivado_ip_prj/vivado_prj.gen/sources_1/bd/system/synth/system.v:287]
INFO: [Synth 8-6155] done synthesizing module 'system_wrapper' (0#1) [/home/tcollins/dev/qpsk_ai/TransceiverToolbox/trx_examples/targeting/QPSKTxRxHDLExample/hdl_prj_jupiter_txrx/vivado_ip_prj/vivado_prj.srcs/sources_1/imports/hdl/system_wrapper.v:13]
INFO: [Synth 8-6155] done synthesizing module 'system_top' (0#1) [/home/tcollins/dev/qpsk_ai/TransceiverToolbox/trx_examples/targeting/QPSKTxRxHDLExample/hdl_prj_jupiter_txrx/vivado_ip_prj/projects/jupiter_sdr/system_top.v:38]
WARNING: [Synth 8-3301] Unused top level parameter/generic USE_RX_CLK_FOR_TX1
WARNING: [Synth 8-3301] Unused top level parameter/generic USE_RX_CLK_FOR_TX2
WARNING: [Synth 8-3917] design system_top has port usb_pd_reset driven by constant 0
WARNING: [Synth 8-3917] design system_top has port fan_en driven by constant 1
WARNING: [Synth 8-7129] Port Din[63] in module xlslice_v1_0_5_xlslice__parameterized3 is either unconnected or has no load
WARNING: [Synth 8-7129] Port Din[62] in module xlslice_v1_0_5_xlslice__parameterized3 is either unconnected or has no load
WARNING: [Synth 8-7129] Port Din[61] in module xlslice_v1_0_5_xlslice__parameterized3 is either unconnected or has no load
WARNING: [Synth 8-7129] Port Din[60] in module xlslice_v1_0_5_xlslice__parameterized3 is either unconnected or has no load
WARNING: [Synth 8-7129] Port Din[59] in module xlslice_v1_0_5_xlslice__parameterized3 is either unconnected or has no load
WARNING: [Synth 8-7129] Port Din[58] in module xlslice_v1_0_5_xlslice__parameterized3 is either unconnected or has no load
WARNING: [Synth 8-7129] Port Din[57] in module xlslice_v1_0_5_xlslice__parameterized3 is either unconnected or has no load
WARNING: [Synth 8-7129] Port Din[56] in module xlslice_v1_0_5_xlslice__parameterized3 is either unconnected or has no load
WARNING: [Synth 8-7129] Port Din[55] in module xlslice_v1_0_5_xlslice__parameterized3 is either unconnected or has no load
WARNING: [Synth 8-7129] Port Din[54] in module xlslice_v1_0_5_xlslice__parameterized3 is either unconnected or has no load
WARNING: [Synth 8-7129] Port Din[53] in module xlslice_v1_0_5_xlslice__parameterized3 is either unconnected or has no load
WARNING: [Synth 8-7129] Port Din[52] in module xlslice_v1_0_5_xlslice__parameterized3 is either unconnected or has no load
WARNING: [Synth 8-7129] Port Din[51] in module xlslice_v1_0_5_xlslice__parameterized3 is either unconnected or has no load
WARNING: [Synth 8-7129] Port Din[50] in module xlslice_v1_0_5_xlslice__parameterized3 is either unconnected or has no load
WARNING: [Synth 8-7129] Port Din[49] in module xlslice_v1_0_5_xlslice__parameterized3 is either unconnected or has no load
WARNING: [Synth 8-7129] Port Din[48] in module xlslice_v1_0_5_xlslice__parameterized3 is either unconnected or has no load
WARNING: [Synth 8-7129] Port Din[47] in module xlslice_v1_0_5_xlslice__parameterized3 is either unconnected or has no load
WARNING: [Synth 8-7129] Port Din[46] in module xlslice_v1_0_5_xlslice__parameterized3 is either unconnected or has no load
WARNING: [Synth 8-7129] Port Din[45] in module xlslice_v1_0_5_xlslice__parameterized3 is either unconnected or has no load
WARNING: [Synth 8-7129] Port Din[44] in module xlslice_v1_0_5_xlslice__parameterized3 is either unconnected or has no load
WARNING: [Synth 8-7129] Port Din[43] in module xlslice_v1_0_5_xlslice__parameterized3 is either unconnected or has no load
WARNING: [Synth 8-7129] Port Din[42] in module xlslice_v1_0_5_xlslice__parameterized3 is either unconnected or has no load
WARNING: [Synth 8-7129] Port Din[41] in module xlslice_v1_0_5_xlslice__parameterized3 is either unconnected or has no load
WARNING: [Synth 8-7129] Port Din[40] in module xlslice_v1_0_5_xlslice__parameterized3 is either unconnected or has no load
WARNING: [Synth 8-7129] Port Din[39] in module xlslice_v1_0_5_xlslice__parameterized3 is either unconnected or has no load
WARNING: [Synth 8-7129] Port Din[38] in module xlslice_v1_0_5_xlslice__parameterized3 is either unconnected or has no load
WARNING: [Synth 8-7129] Port Din[37] in module xlslice_v1_0_5_xlslice__parameterized3 is either unconnected or has no load
WARNING: [Synth 8-7129] Port Din[36] in module xlslice_v1_0_5_xlslice__parameterized3 is either unconnected or has no load
WARNING: [Synth 8-7129] Port Din[35] in module xlslice_v1_0_5_xlslice__parameterized3 is either unconnected or has no load
WARNING: [Synth 8-7129] Port Din[34] in module xlslice_v1_0_5_xlslice__parameterized3 is either unconnected or has no load
WARNING: [Synth 8-7129] Port Din[33] in module xlslice_v1_0_5_xlslice__parameterized3 is either unconnected or has no load
WARNING: [Synth 8-7129] Port Din[32] in module xlslice_v1_0_5_xlslice__parameterized3 is either unconnected or has no load
WARNING: [Synth 8-7129] Port Din[31] in module xlslice_v1_0_5_xlslice__parameterized3 is either unconnected or has no load
WARNING: [Synth 8-7129] Port Din[30] in module xlslice_v1_0_5_xlslice__parameterized3 is either unconnected or has no load
WARNING: [Synth 8-7129] Port Din[29] in module xlslice_v1_0_5_xlslice__parameterized3 is either unconnected or has no load
WARNING: [Synth 8-7129] Port Din[28] in module xlslice_v1_0_5_xlslice__parameterized3 is either unconnected or has no load
WARNING: [Synth 8-7129] Port Din[27] in module xlslice_v1_0_5_xlslice__parameterized3 is either unconnected or has no load
WARNING: [Synth 8-7129] Port Din[26] in module xlslice_v1_0_5_xlslice__parameterized3 is either unconnected or has no load
WARNING: [Synth 8-7129] Port Din[25] in module xlslice_v1_0_5_xlslice__parameterized3 is either unconnected or has no load
WARNING: [Synth 8-7129] Port Din[24] in module xlslice_v1_0_5_xlslice__parameterized3 is either unconnected or has no load
WARNING: [Synth 8-7129] Port Din[23] in module xlslice_v1_0_5_xlslice__parameterized3 is either unconnected or has no load
WARNING: [Synth 8-7129] Port Din[22] in module xlslice_v1_0_5_xlslice__parameterized3 is either unconnected or has no load
WARNING: [Synth 8-7129] Port Din[21] in module xlslice_v1_0_5_xlslice__parameterized3 is either unconnected or has no load
WARNING: [Synth 8-7129] Port Din[20] in module xlslice_v1_0_5_xlslice__parameterized3 is either unconnected or has no load
WARNING: [Synth 8-7129] Port Din[19] in module xlslice_v1_0_5_xlslice__parameterized3 is either unconnected or has no load
WARNING: [Synth 8-7129] Port Din[18] in module xlslice_v1_0_5_xlslice__parameterized3 is either unconnected or has no load
WARNING: [Synth 8-7129] Port Din[17] in module xlslice_v1_0_5_xlslice__parameterized3 is either unconnected or has no load
WARNING: [Synth 8-7129] Port Din[16] in module xlslice_v1_0_5_xlslice__parameterized3 is either unconnected or has no load
WARNING: [Synth 8-7129] Port Din[15] in module xlslice_v1_0_5_xlslice__parameterized3 is either unconnected or has no load
WARNING: [Synth 8-7129] Port Din[14] in module xlslice_v1_0_5_xlslice__parameterized3 is either unconnected or has no load
WARNING: [Synth 8-7129] Port Din[13] in module xlslice_v1_0_5_xlslice__parameterized3 is either unconnected or has no load
WARNING: [Synth 8-7129] Port Din[12] in module xlslice_v1_0_5_xlslice__parameterized3 is either unconnected or has no load
WARNING: [Synth 8-7129] Port Din[11] in module xlslice_v1_0_5_xlslice__parameterized3 is either unconnected or has no load
WARNING: [Synth 8-7129] Port Din[10] in module xlslice_v1_0_5_xlslice__parameterized3 is either unconnected or has no load
WARNING: [Synth 8-7129] Port Din[9] in module xlslice_v1_0_5_xlslice__parameterized3 is either unconnected or has no load
WARNING: [Synth 8-7129] Port Din[8] in module xlslice_v1_0_5_xlslice__parameterized3 is either unconnected or has no load
WARNING: [Synth 8-7129] Port Din[7] in module xlslice_v1_0_5_xlslice__parameterized3 is either unconnected or has no load
WARNING: [Synth 8-7129] Port Din[6] in module xlslice_v1_0_5_xlslice__parameterized3 is either unconnected or has no load
WARNING: [Synth 8-7129] Port Din[5] in module xlslice_v1_0_5_xlslice__parameterized3 is either unconnected or has no load
WARNING: [Synth 8-7129] Port Din[4] in module xlslice_v1_0_5_xlslice__parameterized3 is either unconnected or has no load
WARNING: [Synth 8-7129] Port Din[3] in module xlslice_v1_0_5_xlslice__parameterized3 is either unconnected or has no load
WARNING: [Synth 8-7129] Port Din[2] in module xlslice_v1_0_5_xlslice__parameterized3 is either unconnected or has no load
WARNING: [Synth 8-7129] Port Din[1] in module xlslice_v1_0_5_xlslice__parameterized3 is either unconnected or has no load
WARNING: [Synth 8-7129] Port Din[0] in module xlslice_v1_0_5_xlslice__parameterized3 is either unconnected or has no load
WARNING: [Synth 8-7129] Port Din[64] in module xlslice_v1_0_5_xlslice__parameterized2 is either unconnected or has no load
WARNING: [Synth 8-7129] Port Din[47] in module xlslice_v1_0_5_xlslice__parameterized2 is either unconnected or has no load
WARNING: [Synth 8-7129] Port Din[46] in module xlslice_v1_0_5_xlslice__parameterized2 is either unconnected or has no load
WARNING: [Synth 8-7129] Port Din[45] in module xlslice_v1_0_5_xlslice__parameterized2 is either unconnected or has no load
WARNING: [Synth 8-7129] Port Din[44] in module xlslice_v1_0_5_xlslice__parameterized2 is either unconnected or has no load
WARNING: [Synth 8-7129] Port Din[43] in module xlslice_v1_0_5_xlslice__parameterized2 is either unconnected or has no load
WARNING: [Synth 8-7129] Port Din[42] in module xlslice_v1_0_5_xlslice__parameterized2 is either unconnected or has no load
WARNING: [Synth 8-7129] Port Din[41] in module xlslice_v1_0_5_xlslice__parameterized2 is either unconnected or has no load
WARNING: [Synth 8-7129] Port Din[40] in module xlslice_v1_0_5_xlslice__parameterized2 is either unconnected or has no load
WARNING: [Synth 8-7129] Port Din[39] in module xlslice_v1_0_5_xlslice__parameterized2 is either unconnected or has no load
WARNING: [Synth 8-7129] Port Din[38] in module xlslice_v1_0_5_xlslice__parameterized2 is either unconnected or has no load
WARNING: [Synth 8-7129] Port Din[37] in module xlslice_v1_0_5_xlslice__parameterized2 is either unconnected or has no load
WARNING: [Synth 8-7129] Port Din[36] in module xlslice_v1_0_5_xlslice__parameterized2 is either unconnected or has no load
WARNING: [Synth 8-7129] Port Din[35] in module xlslice_v1_0_5_xlslice__parameterized2 is either unconnected or has no load
WARNING: [Synth 8-7129] Port Din[34] in module xlslice_v1_0_5_xlslice__parameterized2 is either unconnected or has no load
WARNING: [Synth 8-7129] Port Din[33] in module xlslice_v1_0_5_xlslice__parameterized2 is either unconnected or has no load
WARNING: [Synth 8-7129] Port Din[32] in module xlslice_v1_0_5_xlslice__parameterized2 is either unconnected or has no load
WARNING: [Synth 8-7129] Port Din[31] in module xlslice_v1_0_5_xlslice__parameterized2 is either unconnected or has no load
WARNING: [Synth 8-7129] Port Din[30] in module xlslice_v1_0_5_xlslice__parameterized2 is either unconnected or has no load
WARNING: [Synth 8-7129] Port Din[29] in module xlslice_v1_0_5_xlslice__parameterized2 is either unconnected or has no load
WARNING: [Synth 8-7129] Port Din[28] in module xlslice_v1_0_5_xlslice__parameterized2 is either unconnected or has no load
WARNING: [Synth 8-7129] Port Din[27] in module xlslice_v1_0_5_xlslice__parameterized2 is either unconnected or has no load
WARNING: [Synth 8-7129] Port Din[26] in module xlslice_v1_0_5_xlslice__parameterized2 is either unconnected or has no load
WARNING: [Synth 8-7129] Port Din[25] in module xlslice_v1_0_5_xlslice__parameterized2 is either unconnected or has no load
WARNING: [Synth 8-7129] Port Din[24] in module xlslice_v1_0_5_xlslice__parameterized2 is either unconnected or has no load
WARNING: [Synth 8-7129] Port Din[23] in module xlslice_v1_0_5_xlslice__parameterized2 is either unconnected or has no load
WARNING: [Synth 8-7129] Port Din[22] in module xlslice_v1_0_5_xlslice__parameterized2 is either unconnected or has no load
WARNING: [Synth 8-7129] Port Din[21] in module xlslice_v1_0_5_xlslice__parameterized2 is either unconnected or has no load
WARNING: [Synth 8-7129] Port Din[20] in module xlslice_v1_0_5_xlslice__parameterized2 is either unconnected or has no load
WARNING: [Synth 8-7129] Port Din[19] in module xlslice_v1_0_5_xlslice__parameterized2 is either unconnected or has no load
WARNING: [Synth 8-7129] Port Din[18] in module xlslice_v1_0_5_xlslice__parameterized2 is either unconnected or has no load
WARNING: [Synth 8-7129] Port Din[17] in module xlslice_v1_0_5_xlslice__parameterized2 is either unconnected or has no load
WARNING: [Synth 8-7129] Port Din[16] in module xlslice_v1_0_5_xlslice__parameterized2 is either unconnected or has no load
WARNING: [Synth 8-7129] Port Din[15] in module xlslice_v1_0_5_xlslice__parameterized2 is either unconnected or has no load
WARNING: [Synth 8-7129] Port Din[14] in module xlslice_v1_0_5_xlslice__parameterized2 is either unconnected or has no load
WARNING: [Synth 8-7129] Port Din[13] in module xlslice_v1_0_5_xlslice__parameterized2 is either unconnected or has no load
INFO: [Common 17-14] Message 'Synth 8-7129' appears 100 times and further instances of the messages will be disabled. Use the Tcl command set_msg_config to change the current settings.
---------------------------------------------------------------------------------
Finished RTL Elaboration : Time (s): cpu = 00:00:10 ; elapsed = 00:00:11 . Memory (MB): peak = 2740.707 ; gain = 225.656 ; free physical = 7672 ; free virtual = 43567
---------------------------------------------------------------------------------
---------------------------------------------------------------------------------
Start Handling Custom Attributes
---------------------------------------------------------------------------------
---------------------------------------------------------------------------------
Finished Handling Custom Attributes : Time (s): cpu = 00:00:10 ; elapsed = 00:00:11 . Memory (MB): peak = 2740.707 ; gain = 225.656 ; free physical = 7668 ; free virtual = 43564
---------------------------------------------------------------------------------
---------------------------------------------------------------------------------
Finished RTL Optimization Phase 1 : Time (s): cpu = 00:00:10 ; elapsed = 00:00:11 . Memory (MB): peak = 2740.707 ; gain = 225.656 ; free physical = 7668 ; free virtual = 43564
---------------------------------------------------------------------------------
Netlist sorting complete. Time (s): cpu = 00:00:00.04 ; elapsed = 00:00:00.04 . Memory (MB): peak = 2751.676 ; gain = 0.000 ; free physical = 7657 ; free virtual = 43553
INFO: [Netlist 29-17] Analyzing 3 Unisim elements for replacement
INFO: [Netlist 29-28] Unisim Transformation completed in 0 CPU seconds
INFO: [Project 1-570] Preparing netlist for logic optimization

Processing XDC Constraints
Initializing timing engine
Parsing XDC File [/home/tcollins/dev/qpsk_ai/TransceiverToolbox/trx_examples/targeting/QPSKTxRxHDLExample/hdl_prj_jupiter_txrx/vivado_ip_prj/vivado_prj.gen/sources_1/bd/system/ip/system_sys_ps8_0/system_sys_ps8_0/system_sys_ps8_0_in_context.xdc] for cell 'i_system_wrapper/system_i/sys_ps8'
create_clock: Time (s): cpu = 00:00:08 ; elapsed = 00:00:08 . Memory (MB): peak = 3208.957 ; gain = 31.836 ; free physical = 7405 ; free virtual = 43300
Finished Parsing XDC File [/home/tcollins/dev/qpsk_ai/TransceiverToolbox/trx_examples/targeting/QPSKTxRxHDLExample/hdl_prj_jupiter_txrx/vivado_ip_prj/vivado_prj.gen/sources_1/bd/system/ip/system_sys_ps8_0/system_sys_ps8_0/system_sys_ps8_0_in_context.xdc] for cell 'i_system_wrapper/system_i/sys_ps8'
Parsing XDC File [/home/tcollins/dev/qpsk_ai/TransceiverToolbox/trx_examples/targeting/QPSKTxRxHDLExample/hdl_prj_jupiter_txrx/vivado_ip_prj/vivado_prj.gen/sources_1/bd/system/ip/system_sys_rstgen_0/system_sys_rstgen_0/system_sys_rstgen_0_in_context.xdc] for cell 'i_system_wrapper/system_i/sys_rstgen'
Finished Parsing XDC File [/home/tcollins/dev/qpsk_ai/TransceiverToolbox/trx_examples/targeting/QPSKTxRxHDLExample/hdl_prj_jupiter_txrx/vivado_ip_prj/vivado_prj.gen/sources_1/bd/system/ip/system_sys_rstgen_0/system_sys_rstgen_0/system_sys_rstgen_0_in_context.xdc] for cell 'i_system_wrapper/system_i/sys_rstgen'
Parsing XDC File [/home/tcollins/dev/qpsk_ai/TransceiverToolbox/trx_examples/targeting/QPSKTxRxHDLExample/hdl_prj_jupiter_txrx/vivado_ip_prj/vivado_prj.gen/sources_1/bd/system/ip/system_sys_250m_rstgen_0/system_sys_250m_rstgen_0/system_sys_250m_rstgen_0_in_context.xdc] for cell 'i_system_wrapper/system_i/sys_250m_rstgen'
Finished Parsing XDC File [/home/tcollins/dev/qpsk_ai/TransceiverToolbox/trx_examples/targeting/QPSKTxRxHDLExample/hdl_prj_jupiter_txrx/vivado_ip_prj/vivado_prj.gen/sources_1/bd/system/ip/system_sys_250m_rstgen_0/system_sys_250m_rstgen_0/system_sys_250m_rstgen_0_in_context.xdc] for cell 'i_system_wrapper/system_i/sys_250m_rstgen'
Parsing XDC File [/home/tcollins/dev/qpsk_ai/TransceiverToolbox/trx_examples/targeting/QPSKTxRxHDLExample/hdl_prj_jupiter_txrx/vivado_ip_prj/vivado_prj.gen/sources_1/bd/system/ip/system_sys_500m_rstgen_0/system_sys_500m_rstgen_0/system_sys_500m_rstgen_0_in_context.xdc] for cell 'i_system_wrapper/system_i/sys_500m_rstgen'
Finished Parsing XDC File [/home/tcollins/dev/qpsk_ai/TransceiverToolbox/trx_examples/targeting/QPSKTxRxHDLExample/hdl_prj_jupiter_txrx/vivado_ip_prj/vivado_prj.gen/sources_1/bd/system/ip/system_sys_500m_rstgen_0/system_sys_500m_rstgen_0/system_sys_500m_rstgen_0_in_context.xdc] for cell 'i_system_wrapper/system_i/sys_500m_rstgen'
Parsing XDC File [/home/tcollins/dev/qpsk_ai/TransceiverToolbox/trx_examples/targeting/QPSKTxRxHDLExample/hdl_prj_jupiter_txrx/vivado_ip_prj/vivado_prj.gen/sources_1/bd/system/ip/system_axi_sysid_0_0/system_axi_sysid_0_0/system_axi_sysid_0_0_in_context.xdc] for cell 'i_system_wrapper/system_i/axi_sysid_0'
Finished Parsing XDC File [/home/tcollins/dev/qpsk_ai/TransceiverToolbox/trx_examples/targeting/QPSKTxRxHDLExample/hdl_prj_jupiter_txrx/vivado_ip_prj/vivado_prj.gen/sources_1/bd/system/ip/system_axi_sysid_0_0/system_axi_sysid_0_0/system_axi_sysid_0_0_in_context.xdc] for cell 'i_system_wrapper/system_i/axi_sysid_0'
Parsing XDC File [/home/tcollins/dev/qpsk_ai/TransceiverToolbox/trx_examples/targeting/QPSKTxRxHDLExample/hdl_prj_jupiter_txrx/vivado_ip_prj/vivado_prj.gen/sources_1/bd/system/ip/system_rom_sys_0_0/system_rom_sys_0_0/system_rom_sys_0_0_in_context.xdc] for cell 'i_system_wrapper/system_i/rom_sys_0'
Finished Parsing XDC File [/home/tcollins/dev/qpsk_ai/TransceiverToolbox/trx_examples/targeting/QPSKTxRxHDLExample/hdl_prj_jupiter_txrx/vivado_ip_prj/vivado_prj.gen/sources_1/bd/system/ip/system_rom_sys_0_0/system_rom_sys_0_0/system_rom_sys_0_0_in_context.xdc] for cell 'i_system_wrapper/system_i/rom_sys_0'
Parsing XDC File [/home/tcollins/dev/qpsk_ai/TransceiverToolbox/trx_examples/targeting/QPSKTxRxHDLExample/hdl_prj_jupiter_txrx/vivado_ip_prj/vivado_prj.gen/sources_1/bd/system/ip/system_axi_adrv9001_0/system_axi_adrv9001_0/system_axi_adrv9001_0_in_context.xdc] for cell 'i_system_wrapper/system_i/axi_adrv9001'
Finished Parsing XDC File [/home/tcollins/dev/qpsk_ai/TransceiverToolbox/trx_examples/targeting/QPSKTxRxHDLExample/hdl_prj_jupiter_txrx/vivado_ip_prj/vivado_prj.gen/sources_1/bd/system/ip/system_axi_adrv9001_0/system_axi_adrv9001_0/system_axi_adrv9001_0_in_context.xdc] for cell 'i_system_wrapper/system_i/axi_adrv9001'
Parsing XDC File [/home/tcollins/dev/qpsk_ai/TransceiverToolbox/trx_examples/targeting/QPSKTxRxHDLExample/hdl_prj_jupiter_txrx/vivado_ip_prj/vivado_prj.gen/sources_1/bd/system/ip/system_axi_adrv9001_rx1_dma_0/system_axi_adrv9001_rx1_dma_0/system_axi_adrv9001_rx1_dma_0_in_context.xdc] for cell 'i_system_wrapper/system_i/axi_adrv9001_rx1_dma'
Finished Parsing XDC File [/home/tcollins/dev/qpsk_ai/TransceiverToolbox/trx_examples/targeting/QPSKTxRxHDLExample/hdl_prj_jupiter_txrx/vivado_ip_prj/vivado_prj.gen/sources_1/bd/system/ip/system_axi_adrv9001_rx1_dma_0/system_axi_adrv9001_rx1_dma_0/system_axi_adrv9001_rx1_dma_0_in_context.xdc] for cell 'i_system_wrapper/system_i/axi_adrv9001_rx1_dma'
Parsing XDC File [/home/tcollins/dev/qpsk_ai/TransceiverToolbox/trx_examples/targeting/QPSKTxRxHDLExample/hdl_prj_jupiter_txrx/vivado_ip_prj/vivado_prj.gen/sources_1/bd/system/ip/system_util_adc_1_pack_0/system_util_adc_1_pack_0/system_util_adc_1_pack_0_in_context.xdc] for cell 'i_system_wrapper/system_i/util_adc_1_pack'
Finished Parsing XDC File [/home/tcollins/dev/qpsk_ai/TransceiverToolbox/trx_examples/targeting/QPSKTxRxHDLExample/hdl_prj_jupiter_txrx/vivado_ip_prj/vivado_prj.gen/sources_1/bd/system/ip/system_util_adc_1_pack_0/system_util_adc_1_pack_0/system_util_adc_1_pack_0_in_context.xdc] for cell 'i_system_wrapper/system_i/util_adc_1_pack'
Parsing XDC File [/home/tcollins/dev/qpsk_ai/TransceiverToolbox/trx_examples/targeting/QPSKTxRxHDLExample/hdl_prj_jupiter_txrx/vivado_ip_prj/vivado_prj.gen/sources_1/bd/system/ip/system_axi_adrv9001_rx2_dma_0/system_axi_adrv9001_rx2_dma_0/system_axi_adrv9001_rx1_dma_0_in_context.xdc] for cell 'i_system_wrapper/system_i/axi_adrv9001_rx2_dma'
Finished Parsing XDC File [/home/tcollins/dev/qpsk_ai/TransceiverToolbox/trx_examples/targeting/QPSKTxRxHDLExample/hdl_prj_jupiter_txrx/vivado_ip_prj/vivado_prj.gen/sources_1/bd/system/ip/system_axi_adrv9001_rx2_dma_0/system_axi_adrv9001_rx2_dma_0/system_axi_adrv9001_rx1_dma_0_in_context.xdc] for cell 'i_system_wrapper/system_i/axi_adrv9001_rx2_dma'
Parsing XDC File [/home/tcollins/dev/qpsk_ai/TransceiverToolbox/trx_examples/targeting/QPSKTxRxHDLExample/hdl_prj_jupiter_txrx/vivado_ip_prj/vivado_prj.gen/sources_1/bd/system/ip/system_util_adc_2_pack_0/system_util_adc_2_pack_0/system_util_adc_1_pack_0_in_context.xdc] for cell 'i_system_wrapper/system_i/util_adc_2_pack'
Finished Parsing XDC File [/home/tcollins/dev/qpsk_ai/TransceiverToolbox/trx_examples/targeting/QPSKTxRxHDLExample/hdl_prj_jupiter_txrx/vivado_ip_prj/vivado_prj.gen/sources_1/bd/system/ip/system_util_adc_2_pack_0/system_util_adc_2_pack_0/system_util_adc_1_pack_0_in_context.xdc] for cell 'i_system_wrapper/system_i/util_adc_2_pack'
Parsing XDC File [/home/tcollins/dev/qpsk_ai/TransceiverToolbox/trx_examples/targeting/QPSKTxRxHDLExample/hdl_prj_jupiter_txrx/vivado_ip_prj/vivado_prj.gen/sources_1/bd/system/ip/system_axi_adrv9001_tx1_dma_0/system_axi_adrv9001_tx1_dma_0/system_axi_adrv9001_tx1_dma_0_in_context.xdc] for cell 'i_system_wrapper/system_i/axi_adrv9001_tx1_dma'
Finished Parsing XDC File [/home/tcollins/dev/qpsk_ai/TransceiverToolbox/trx_examples/targeting/QPSKTxRxHDLExample/hdl_prj_jupiter_txrx/vivado_ip_prj/vivado_prj.gen/sources_1/bd/system/ip/system_axi_adrv9001_tx1_dma_0/system_axi_adrv9001_tx1_dma_0/system_axi_adrv9001_tx1_dma_0_in_context.xdc] for cell 'i_system_wrapper/system_i/axi_adrv9001_tx1_dma'
Parsing XDC File [/home/tcollins/dev/qpsk_ai/TransceiverToolbox/trx_examples/targeting/QPSKTxRxHDLExample/hdl_prj_jupiter_txrx/vivado_ip_prj/vivado_prj.gen/sources_1/bd/system/ip/system_util_dac_1_upack_0/system_util_dac_1_upack_0/system_util_dac_1_upack_0_in_context.xdc] for cell 'i_system_wrapper/system_i/util_dac_1_upack'
Finished Parsing XDC File [/home/tcollins/dev/qpsk_ai/TransceiverToolbox/trx_examples/targeting/QPSKTxRxHDLExample/hdl_prj_jupiter_txrx/vivado_ip_prj/vivado_prj.gen/sources_1/bd/system/ip/system_util_dac_1_upack_0/system_util_dac_1_upack_0/system_util_dac_1_upack_0_in_context.xdc] for cell 'i_system_wrapper/system_i/util_dac_1_upack'
Parsing XDC File [/home/tcollins/dev/qpsk_ai/TransceiverToolbox/trx_examples/targeting/QPSKTxRxHDLExample/hdl_prj_jupiter_txrx/vivado_ip_prj/vivado_prj.gen/sources_1/bd/system/ip/system_axi_adrv9001_tx2_dma_0/system_axi_adrv9001_tx2_dma_0/system_axi_adrv9001_tx2_dma_0_in_context.xdc] for cell 'i_system_wrapper/system_i/axi_adrv9001_tx2_dma'
Finished Parsing XDC File [/home/tcollins/dev/qpsk_ai/TransceiverToolbox/trx_examples/targeting/QPSKTxRxHDLExample/hdl_prj_jupiter_txrx/vivado_ip_prj/vivado_prj.gen/sources_1/bd/system/ip/system_axi_adrv9001_tx2_dma_0/system_axi_adrv9001_tx2_dma_0/system_axi_adrv9001_tx2_dma_0_in_context.xdc] for cell 'i_system_wrapper/system_i/axi_adrv9001_tx2_dma'
Parsing XDC File [/home/tcollins/dev/qpsk_ai/TransceiverToolbox/trx_examples/targeting/QPSKTxRxHDLExample/hdl_prj_jupiter_txrx/vivado_ip_prj/vivado_prj.gen/sources_1/bd/system/ip/system_util_dac_2_upack_0/system_util_dac_2_upack_0/system_util_dac_2_upack_0_in_context.xdc] for cell 'i_system_wrapper/system_i/util_dac_2_upack'
Finished Parsing XDC File [/home/tcollins/dev/qpsk_ai/TransceiverToolbox/trx_examples/targeting/QPSKTxRxHDLExample/hdl_prj_jupiter_txrx/vivado_ip_prj/vivado_prj.gen/sources_1/bd/system/ip/system_util_dac_2_upack_0/system_util_dac_2_upack_0/system_util_dac_2_upack_0_in_context.xdc] for cell 'i_system_wrapper/system_i/util_dac_2_upack'
Parsing XDC File [/home/tcollins/dev/qpsk_ai/TransceiverToolbox/trx_examples/targeting/QPSKTxRxHDLExample/hdl_prj_jupiter_txrx/vivado_ip_prj/vivado_prj.gen/sources_1/bd/system/ip/system_pl_sysmon_0/system_pl_sysmon_0/system_pl_sysmon_0_in_context.xdc] for cell 'i_system_wrapper/system_i/pl_sysmon'
Finished Parsing XDC File [/home/tcollins/dev/qpsk_ai/TransceiverToolbox/trx_examples/targeting/QPSKTxRxHDLExample/hdl_prj_jupiter_txrx/vivado_ip_prj/vivado_prj.gen/sources_1/bd/system/ip/system_pl_sysmon_0/system_pl_sysmon_0/system_pl_sysmon_0_in_context.xdc] for cell 'i_system_wrapper/system_i/pl_sysmon'
Parsing XDC File [/home/tcollins/dev/qpsk_ai/TransceiverToolbox/trx_examples/targeting/QPSKTxRxHDLExample/hdl_prj_jupiter_txrx/vivado_ip_prj/vivado_prj.gen/sources_1/bd/system/ip/system_axi_hpm0_lpd_interconnect_0/system_axi_hpm0_lpd_interconnect_0/system_axi_hpm0_lpd_interconnect_0_in_context.xdc] for cell 'i_system_wrapper/system_i/axi_hpm0_lpd_interconnect'
Finished Parsing XDC File [/home/tcollins/dev/qpsk_ai/TransceiverToolbox/trx_examples/targeting/QPSKTxRxHDLExample/hdl_prj_jupiter_txrx/vivado_ip_prj/vivado_prj.gen/sources_1/bd/system/ip/system_axi_hpm0_lpd_interconnect_0/system_axi_hpm0_lpd_interconnect_0/system_axi_hpm0_lpd_interconnect_0_in_context.xdc] for cell 'i_system_wrapper/system_i/axi_hpm0_lpd_interconnect'
Parsing XDC File [/home/tcollins/dev/qpsk_ai/TransceiverToolbox/trx_examples/targeting/QPSKTxRxHDLExample/hdl_prj_jupiter_txrx/vivado_ip_prj/vivado_prj.gen/sources_1/bd/system/ip/system_axi_hpc0_interconnect_0/system_axi_hpc0_interconnect_0/system_axi_hpc0_interconnect_0_in_context.xdc] for cell 'i_system_wrapper/system_i/axi_hpc0_interconnect'
Finished Parsing XDC File [/home/tcollins/dev/qpsk_ai/TransceiverToolbox/trx_examples/targeting/QPSKTxRxHDLExample/hdl_prj_jupiter_txrx/vivado_ip_prj/vivado_prj.gen/sources_1/bd/system/ip/system_axi_hpc0_interconnect_0/system_axi_hpc0_interconnect_0/system_axi_hpc0_interconnect_0_in_context.xdc] for cell 'i_system_wrapper/system_i/axi_hpc0_interconnect'
Parsing XDC File [/home/tcollins/dev/qpsk_ai/TransceiverToolbox/trx_examples/targeting/QPSKTxRxHDLExample/hdl_prj_jupiter_txrx/vivado_ip_prj/vivado_prj.gen/sources_1/bd/system/ip/system_sync_slow_to_fast_0/system_sync_slow_to_fast_0/system_sync_slow_to_fast_0_in_context.xdc] for cell 'i_system_wrapper/system_i/sync_input/sync_slow_to_fast'
Finished Parsing XDC File [/home/tcollins/dev/qpsk_ai/TransceiverToolbox/trx_examples/targeting/QPSKTxRxHDLExample/hdl_prj_jupiter_txrx/vivado_ip_prj/vivado_prj.gen/sources_1/bd/system/ip/system_sync_slow_to_fast_0/system_sync_slow_to_fast_0/system_sync_slow_to_fast_0_in_context.xdc] for cell 'i_system_wrapper/system_i/sync_input/sync_slow_to_fast'
Parsing XDC File [/home/tcollins/dev/qpsk_ai/TransceiverToolbox/trx_examples/targeting/QPSKTxRxHDLExample/hdl_prj_jupiter_txrx/vivado_ip_prj/vivado_prj.gen/sources_1/bd/system/ip/system_util_delay_0/system_util_delay_0/system_util_delay_0_in_context.xdc] for cell 'i_system_wrapper/system_i/sync_input/util_delay'
Finished Parsing XDC File [/home/tcollins/dev/qpsk_ai/TransceiverToolbox/trx_examples/targeting/QPSKTxRxHDLExample/hdl_prj_jupiter_txrx/vivado_ip_prj/vivado_prj.gen/sources_1/bd/system/ip/system_util_delay_0/system_util_delay_0/system_util_delay_0_in_context.xdc] for cell 'i_system_wrapper/system_i/sync_input/util_delay'
Parsing XDC File [/home/tcollins/dev/qpsk_ai/TransceiverToolbox/trx_examples/targeting/QPSKTxRxHDLExample/hdl_prj_jupiter_txrx/vivado_ip_prj/vivado_prj.gen/sources_1/bd/system/ip/system_sync_slow_to_fast_1/system_sync_slow_to_fast_1/system_sync_slow_to_fast_0_in_context.xdc] for cell 'i_system_wrapper/system_i/sync_output/sync_slow_to_fast'
Finished Parsing XDC File [/home/tcollins/dev/qpsk_ai/TransceiverToolbox/trx_examples/targeting/QPSKTxRxHDLExample/hdl_prj_jupiter_txrx/vivado_ip_prj/vivado_prj.gen/sources_1/bd/system/ip/system_sync_slow_to_fast_1/system_sync_slow_to_fast_1/system_sync_slow_to_fast_0_in_context.xdc] for cell 'i_system_wrapper/system_i/sync_output/sync_slow_to_fast'
Parsing XDC File [/home/tcollins/dev/qpsk_ai/TransceiverToolbox/trx_examples/targeting/QPSKTxRxHDLExample/hdl_prj_jupiter_txrx/vivado_ip_prj/vivado_prj.gen/sources_1/bd/system/ip/system_util_delay_1/system_util_delay_1/system_util_delay_0_in_context.xdc] for cell 'i_system_wrapper/system_i/sync_output/util_delay'
Finished Parsing XDC File [/home/tcollins/dev/qpsk_ai/TransceiverToolbox/trx_examples/targeting/QPSKTxRxHDLExample/hdl_prj_jupiter_txrx/vivado_ip_prj/vivado_prj.gen/sources_1/bd/system/ip/system_util_delay_1/system_util_delay_1/system_util_delay_0_in_context.xdc] for cell 'i_system_wrapper/system_i/sync_output/util_delay'
Parsing XDC File [/home/tcollins/dev/qpsk_ai/TransceiverToolbox/trx_examples/targeting/QPSKTxRxHDLExample/hdl_prj_jupiter_txrx/vivado_ip_prj/vivado_prj.gen/sources_1/bd/system/ip/system_rx_rstn_inverter_0/system_rx_rstn_inverter_0/system_tx_rstn_inverter_0_in_context.xdc] for cell 'i_system_wrapper/system_i/rx_rstn_inverter'
Finished Parsing XDC File [/home/tcollins/dev/qpsk_ai/TransceiverToolbox/trx_examples/targeting/QPSKTxRxHDLExample/hdl_prj_jupiter_txrx/vivado_ip_prj/vivado_prj.gen/sources_1/bd/system/ip/system_rx_rstn_inverter_0/system_rx_rstn_inverter_0/system_tx_rstn_inverter_0_in_context.xdc] for cell 'i_system_wrapper/system_i/rx_rstn_inverter'
Parsing XDC File [/home/tcollins/dev/qpsk_ai/TransceiverToolbox/trx_examples/targeting/QPSKTxRxHDLExample/hdl_prj_jupiter_txrx/vivado_ip_prj/vivado_prj.gen/sources_1/bd/system/ip/system_tx_rstn_inverter_0/system_tx_rstn_inverter_0/system_tx_rstn_inverter_0_in_context.xdc] for cell 'i_system_wrapper/system_i/tx_rstn_inverter'
Finished Parsing XDC File [/home/tcollins/dev/qpsk_ai/TransceiverToolbox/trx_examples/targeting/QPSKTxRxHDLExample/hdl_prj_jupiter_txrx/vivado_ip_prj/vivado_prj.gen/sources_1/bd/system/ip/system_tx_rstn_inverter_0/system_tx_rstn_inverter_0/system_tx_rstn_inverter_0_in_context.xdc] for cell 'i_system_wrapper/system_i/tx_rstn_inverter'
Parsing XDC File [/home/tcollins/dev/qpsk_ai/TransceiverToolbox/trx_examples/targeting/QPSKTxRxHDLExample/hdl_prj_jupiter_txrx/vivado_ip_prj/vivado_prj.gen/sources_1/bd/system/ip/system_Receiver_ip_0_0/system_Receiver_ip_0_0/system_Receiver_ip_0_0_in_context.xdc] for cell 'i_system_wrapper/system_i/Receiver_ip_0'
Finished Parsing XDC File [/home/tcollins/dev/qpsk_ai/TransceiverToolbox/trx_examples/targeting/QPSKTxRxHDLExample/hdl_prj_jupiter_txrx/vivado_ip_prj/vivado_prj.gen/sources_1/bd/system/ip/system_Receiver_ip_0_0/system_Receiver_ip_0_0/system_Receiver_ip_0_0_in_context.xdc] for cell 'i_system_wrapper/system_i/Receiver_ip_0'
Parsing XDC File [/home/tcollins/dev/qpsk_ai/TransceiverToolbox/trx_examples/targeting/QPSKTxRxHDLExample/hdl_prj_jupiter_txrx/vivado_ip_prj/projects/jupiter_sdr/system_constr.xdc]
WARNING: [Vivado 12-508] No pins matched '*/EMIOSPI0SCLKO'. [/home/tcollins/dev/qpsk_ai/TransceiverToolbox/trx_examples/targeting/QPSKTxRxHDLExample/hdl_prj_jupiter_txrx/vivado_ip_prj/projects/jupiter_sdr/system_constr.xdc:181]
WARNING: [Vivado 12-508] No pins matched 'i_system_wrapper/system_i/axi_adrv9001/inst/i_if/i_rx_1_phy/i_div_clk_buf/O'. [/home/tcollins/dev/qpsk_ai/TransceiverToolbox/trx_examples/targeting/QPSKTxRxHDLExample/hdl_prj_jupiter_txrx/vivado_ip_prj/projects/jupiter_sdr/system_constr.xdc:196]
WARNING: [Vivado 12-1023] No nets matched for command 'get_nets -of [get_pins i_system_wrapper/system_i/axi_adrv9001/inst/i_if/i_rx_1_phy/i_div_clk_buf/O]'. [/home/tcollins/dev/qpsk_ai/TransceiverToolbox/trx_examples/targeting/QPSKTxRxHDLExample/hdl_prj_jupiter_txrx/vivado_ip_prj/projects/jupiter_sdr/system_constr.xdc:196]
WARNING: [Vivado 12-508] No pins matched 'i_system_wrapper/system_i/axi_adrv9001/inst/i_if/i_rx_1_phy/i_clk_buf_fast/O'. [/home/tcollins/dev/qpsk_ai/TransceiverToolbox/trx_examples/targeting/QPSKTxRxHDLExample/hdl_prj_jupiter_txrx/vivado_ip_prj/projects/jupiter_sdr/system_constr.xdc:196]
WARNING: [Vivado 12-1023] No nets matched for command 'get_nets -of [get_pins i_system_wrapper/system_i/axi_adrv9001/inst/i_if/i_rx_1_phy/i_clk_buf_fast/O]'. [/home/tcollins/dev/qpsk_ai/TransceiverToolbox/trx_examples/targeting/QPSKTxRxHDLExample/hdl_prj_jupiter_txrx/vivado_ip_prj/projects/jupiter_sdr/system_constr.xdc:196]
WARNING: [Vivado 12-508] No pins matched 'i_system_wrapper/system_i/axi_adrv9001/inst/i_if/i_rx_2_phy/i_div_clk_buf/O'. [/home/tcollins/dev/qpsk_ai/TransceiverToolbox/trx_examples/targeting/QPSKTxRxHDLExample/hdl_prj_jupiter_txrx/vivado_ip_prj/projects/jupiter_sdr/system_constr.xdc:201]
WARNING: [Vivado 12-1023] No nets matched for command 'get_nets -of [get_pins i_system_wrapper/system_i/axi_adrv9001/inst/i_if/i_rx_2_phy/i_div_clk_buf/O]'. [/home/tcollins/dev/qpsk_ai/TransceiverToolbox/trx_examples/targeting/QPSKTxRxHDLExample/hdl_prj_jupiter_txrx/vivado_ip_prj/projects/jupiter_sdr/system_constr.xdc:201]
WARNING: [Vivado 12-508] No pins matched 'i_system_wrapper/system_i/axi_adrv9001/inst/i_if/i_rx_2_phy/i_clk_buf_fast/O'. [/home/tcollins/dev/qpsk_ai/TransceiverToolbox/trx_examples/targeting/QPSKTxRxHDLExample/hdl_prj_jupiter_txrx/vivado_ip_prj/projects/jupiter_sdr/system_constr.xdc:201]
WARNING: [Vivado 12-1023] No nets matched for command 'get_nets -of [get_pins i_system_wrapper/system_i/axi_adrv9001/inst/i_if/i_rx_2_phy/i_clk_buf_fast/O]'. [/home/tcollins/dev/qpsk_ai/TransceiverToolbox/trx_examples/targeting/QPSKTxRxHDLExample/hdl_prj_jupiter_txrx/vivado_ip_prj/projects/jupiter_sdr/system_constr.xdc:201]
WARNING: [Vivado 12-508] No pins matched 'i_system_wrapper/system_i/axi_adrv9001/inst/i_if/i_tx_1_phy/i_dac_div_clk_rbuf/O'. [/home/tcollins/dev/qpsk_ai/TransceiverToolbox/trx_examples/targeting/QPSKTxRxHDLExample/hdl_prj_jupiter_txrx/vivado_ip_prj/projects/jupiter_sdr/system_constr.xdc:206]
WARNING: [Vivado 12-1023] No nets matched for command 'get_nets -of [get_pins i_system_wrapper/system_i/axi_adrv9001/inst/i_if/i_tx_1_phy/i_dac_div_clk_rbuf/O]'. [/home/tcollins/dev/qpsk_ai/TransceiverToolbox/trx_examples/targeting/QPSKTxRxHDLExample/hdl_prj_jupiter_txrx/vivado_ip_prj/projects/jupiter_sdr/system_constr.xdc:206]
WARNING: [Vivado 12-508] No pins matched 'i_system_wrapper/system_i/axi_adrv9001/inst/i_if/i_tx_1_phy/i_dac_clk_in_gbuf/O'. [/home/tcollins/dev/qpsk_ai/TransceiverToolbox/trx_examples/targeting/QPSKTxRxHDLExample/hdl_prj_jupiter_txrx/vivado_ip_prj/projects/jupiter_sdr/system_constr.xdc:206]
WARNING: [Vivado 12-1023] No nets matched for command 'get_nets -of [get_pins i_system_wrapper/system_i/axi_adrv9001/inst/i_if/i_tx_1_phy/i_dac_clk_in_gbuf/O]'. [/home/tcollins/dev/qpsk_ai/TransceiverToolbox/trx_examples/targeting/QPSKTxRxHDLExample/hdl_prj_jupiter_txrx/vivado_ip_prj/projects/jupiter_sdr/system_constr.xdc:206]
WARNING: [Vivado 12-508] No pins matched 'i_system_wrapper/system_i/axi_adrv9001/inst/i_if/i_tx_2_phy/i_dac_div_clk_rbuf/O'. [/home/tcollins/dev/qpsk_ai/TransceiverToolbox/trx_examples/targeting/QPSKTxRxHDLExample/hdl_prj_jupiter_txrx/vivado_ip_prj/projects/jupiter_sdr/system_constr.xdc:211]
WARNING: [Vivado 12-1023] No nets matched for command 'get_nets -of [get_pins i_system_wrapper/system_i/axi_adrv9001/inst/i_if/i_tx_2_phy/i_dac_div_clk_rbuf/O]'. [/home/tcollins/dev/qpsk_ai/TransceiverToolbox/trx_examples/targeting/QPSKTxRxHDLExample/hdl_prj_jupiter_txrx/vivado_ip_prj/projects/jupiter_sdr/system_constr.xdc:211]
WARNING: [Vivado 12-508] No pins matched 'i_system_wrapper/system_i/axi_adrv9001/inst/i_if/i_tx_2_phy/i_dac_clk_in_gbuf/O'. [/home/tcollins/dev/qpsk_ai/TransceiverToolbox/trx_examples/targeting/QPSKTxRxHDLExample/hdl_prj_jupiter_txrx/vivado_ip_prj/projects/jupiter_sdr/system_constr.xdc:211]
WARNING: [Vivado 12-1023] No nets matched for command 'get_nets -of [get_pins i_system_wrapper/system_i/axi_adrv9001/inst/i_if/i_tx_2_phy/i_dac_clk_in_gbuf/O]'. [/home/tcollins/dev/qpsk_ai/TransceiverToolbox/trx_examples/targeting/QPSKTxRxHDLExample/hdl_prj_jupiter_txrx/vivado_ip_prj/projects/jupiter_sdr/system_constr.xdc:211]
WARNING: [Vivado 12-508] No pins matched 'i_system_wrapper/system_i/axi_adrv9001/inst/i_sync/mssi_sync_in_d_reg/D'. [/home/tcollins/dev/qpsk_ai/TransceiverToolbox/trx_examples/targeting/QPSKTxRxHDLExample/hdl_prj_jupiter_txrx/vivado_ip_prj/projects/jupiter_sdr/system_constr.xdc:219]
Finished Parsing XDC File [/home/tcollins/dev/qpsk_ai/TransceiverToolbox/trx_examples/targeting/QPSKTxRxHDLExample/hdl_prj_jupiter_txrx/vivado_ip_prj/projects/jupiter_sdr/system_constr.xdc]
WARNING: [Project 1-498] One or more constraints failed evaluation while reading constraint file [/home/tcollins/dev/qpsk_ai/TransceiverToolbox/trx_examples/targeting/QPSKTxRxHDLExample/hdl_prj_jupiter_txrx/vivado_ip_prj/projects/jupiter_sdr/system_constr.xdc] and the design contains unresolved black boxes. These constraints will be read post-synthesis (as long as their source constraint file is marked as used_in_implementation) and should be applied correctly then. You should review the constraints listed in the file [.Xil/system_top_propImpl.xdc] and check the run log file to verify that these constraints were correctly applied.
INFO: [Project 1-236] Implementation specific constraints were found while reading constraint file [/home/tcollins/dev/qpsk_ai/TransceiverToolbox/trx_examples/targeting/QPSKTxRxHDLExample/hdl_prj_jupiter_txrx/vivado_ip_prj/projects/jupiter_sdr/system_constr.xdc]. These constraints will be ignored for synthesis but will be used in implementation. Impacted constraints are listed in the file [.Xil/system_top_propImpl.xdc].
Resolution: To avoid this warning, move constraints listed in [.Xil/system_top_propImpl.xdc] to another XDC file and exclude this new file from synthesis with the used_in_synthesis property (File Properties dialog in GUI) and re-run elaboration/synthesis.
Parsing XDC File [/home/tcollins/dev/qpsk_ai/TransceiverToolbox/trx_examples/targeting/QPSKTxRxHDLExample/hdl_prj_jupiter_txrx/vivado_ip_prj/vivado_prj.runs/synth_1/dont_touch.xdc]
Finished Parsing XDC File [/home/tcollins/dev/qpsk_ai/TransceiverToolbox/trx_examples/targeting/QPSKTxRxHDLExample/hdl_prj_jupiter_txrx/vivado_ip_prj/vivado_prj.runs/synth_1/dont_touch.xdc]
Completed Processing XDC Constraints

Netlist sorting complete. Time (s): cpu = 00:00:00 ; elapsed = 00:00:00 . Memory (MB): peak = 3209.957 ; gain = 0.000 ; free physical = 7389 ; free virtual = 43285
INFO: [Project 1-111] Unisim Transformation Summary:
  A total of 3 instances were transformed.
  IBUFDS => IBUFDS (DIFFINBUF, IBUFCTRL): 2 instances
  OBUFDS => OBUFDS_DUAL_BUF (INV, OBUF(x2)): 1 instance 

Constraint Validation Runtime : Time (s): cpu = 00:00:00.02 ; elapsed = 00:00:00.01 . Memory (MB): peak = 3209.992 ; gain = 0.000 ; free physical = 7389 ; free virtual = 43285
---------------------------------------------------------------------------------
Finished Constraint Validation : Time (s): cpu = 00:00:39 ; elapsed = 00:00:41 . Memory (MB): peak = 3209.992 ; gain = 694.941 ; free physical = 7369 ; free virtual = 43265
---------------------------------------------------------------------------------
---------------------------------------------------------------------------------
Start Loading Part and Timing Information
---------------------------------------------------------------------------------
Loading part: xczu3eg-sfva625-2-e
INFO: [Synth 8-6742] Reading net delay rules and data
---------------------------------------------------------------------------------
Finished Loading Part and Timing Information : Time (s): cpu = 00:00:39 ; elapsed = 00:00:41 . Memory (MB): peak = 3222.168 ; gain = 707.117 ; free physical = 7369 ; free virtual = 43265
---------------------------------------------------------------------------------
---------------------------------------------------------------------------------
Start Applying 'set_property' XDC Constraints
---------------------------------------------------------------------------------
---------------------------------------------------------------------------------
Finished applying 'set_property' XDC Constraints : Time (s): cpu = 00:00:40 ; elapsed = 00:00:42 . Memory (MB): peak = 3222.168 ; gain = 707.117 ; free physical = 7373 ; free virtual = 43269
---------------------------------------------------------------------------------
---------------------------------------------------------------------------------
Finished RTL Optimization Phase 2 : Time (s): cpu = 00:00:40 ; elapsed = 00:00:42 . Memory (MB): peak = 3222.168 ; gain = 707.117 ; free physical = 7363 ; free virtual = 43260
---------------------------------------------------------------------------------
---------------------------------------------------------------------------------
Start RTL Component Statistics 
---------------------------------------------------------------------------------
Detailed RTL Component Info : 
---------------------------------------------------------------------------------
Finished RTL Component Statistics 
---------------------------------------------------------------------------------
---------------------------------------------------------------------------------
Start Part Resource Summary
---------------------------------------------------------------------------------
Part Resources:
DSPs: 360 (col length:72)
BRAMs: 432 (col length: RAMB18 72 RAMB36 36)
---------------------------------------------------------------------------------
Finished Part Resource Summary
---------------------------------------------------------------------------------
---------------------------------------------------------------------------------
Start Cross Boundary and Area Optimization
---------------------------------------------------------------------------------
WARNING: [Synth 8-7080] Parallel synthesis criteria is not met
WARNING: [Synth 8-3917] design system_top has port usb_pd_reset driven by constant 0
WARNING: [Synth 8-3917] design system_top has port fan_en driven by constant 1
---------------------------------------------------------------------------------
Finished Cross Boundary and Area Optimization : Time (s): cpu = 00:00:43 ; elapsed = 00:00:45 . Memory (MB): peak = 3222.168 ; gain = 707.117 ; free physical = 7358 ; free virtual = 43260
---------------------------------------------------------------------------------
---------------------------------------------------------------------------------
Start Applying XDC Timing Constraints
---------------------------------------------------------------------------------
---------------------------------------------------------------------------------
Finished Applying XDC Timing Constraints : Time (s): cpu = 00:00:55 ; elapsed = 00:00:59 . Memory (MB): peak = 3492.598 ; gain = 977.547 ; free physical = 7089 ; free virtual = 42992
---------------------------------------------------------------------------------
---------------------------------------------------------------------------------
Start Timing Optimization
---------------------------------------------------------------------------------
---------------------------------------------------------------------------------
Finished Timing Optimization : Time (s): cpu = 00:00:55 ; elapsed = 00:00:59 . Memory (MB): peak = 3493.598 ; gain = 978.547 ; free physical = 7087 ; free virtual = 42990
---------------------------------------------------------------------------------
---------------------------------------------------------------------------------
Start Technology Mapping
---------------------------------------------------------------------------------
---------------------------------------------------------------------------------
Finished Technology Mapping : Time (s): cpu = 00:00:56 ; elapsed = 00:00:59 . Memory (MB): peak = 3507.152 ; gain = 992.102 ; free physical = 7084 ; free virtual = 42987
---------------------------------------------------------------------------------
---------------------------------------------------------------------------------
Start IO Insertion
---------------------------------------------------------------------------------
---------------------------------------------------------------------------------
Start Flattening Before IO Insertion
---------------------------------------------------------------------------------
---------------------------------------------------------------------------------
Finished Flattening Before IO Insertion
---------------------------------------------------------------------------------
---------------------------------------------------------------------------------
Start Final Netlist Cleanup
---------------------------------------------------------------------------------
---------------------------------------------------------------------------------
Finished Final Netlist Cleanup
---------------------------------------------------------------------------------
---------------------------------------------------------------------------------
Finished IO Insertion : Time (s): cpu = 00:01:01 ; elapsed = 00:01:04 . Memory (MB): peak = 3685.965 ; gain = 1170.914 ; free physical = 6940 ; free virtual = 42843
---------------------------------------------------------------------------------
---------------------------------------------------------------------------------
Start Renaming Generated Instances
---------------------------------------------------------------------------------
---------------------------------------------------------------------------------
Finished Renaming Generated Instances : Time (s): cpu = 00:01:01 ; elapsed = 00:01:04 . Memory (MB): peak = 3685.965 ; gain = 1170.914 ; free physical = 6940 ; free virtual = 42843
---------------------------------------------------------------------------------
---------------------------------------------------------------------------------
Start Rebuilding User Hierarchy
---------------------------------------------------------------------------------
---------------------------------------------------------------------------------
Finished Rebuilding User Hierarchy : Time (s): cpu = 00:01:01 ; elapsed = 00:01:05 . Memory (MB): peak = 3685.965 ; gain = 1170.914 ; free physical = 6937 ; free virtual = 42840
---------------------------------------------------------------------------------
---------------------------------------------------------------------------------
Start Renaming Generated Ports
---------------------------------------------------------------------------------
---------------------------------------------------------------------------------
Finished Renaming Generated Ports : Time (s): cpu = 00:01:01 ; elapsed = 00:01:05 . Memory (MB): peak = 3685.965 ; gain = 1170.914 ; free physical = 6937 ; free virtual = 42840
---------------------------------------------------------------------------------
---------------------------------------------------------------------------------
Start Handling Custom Attributes
---------------------------------------------------------------------------------
---------------------------------------------------------------------------------
Finished Handling Custom Attributes : Time (s): cpu = 00:01:01 ; elapsed = 00:01:05 . Memory (MB): peak = 3685.965 ; gain = 1170.914 ; free physical = 6937 ; free virtual = 42840
---------------------------------------------------------------------------------
---------------------------------------------------------------------------------
Start Renaming Generated Nets
---------------------------------------------------------------------------------
---------------------------------------------------------------------------------
Finished Renaming Generated Nets : Time (s): cpu = 00:01:01 ; elapsed = 00:01:05 . Memory (MB): peak = 3685.965 ; gain = 1170.914 ; free physical = 6937 ; free virtual = 42840
---------------------------------------------------------------------------------
---------------------------------------------------------------------------------
Start Writing Synthesis Report
---------------------------------------------------------------------------------

Report BlackBoxes: 
+------+-----------------------------------+----------+
|      |BlackBox name                      |Instances |
+------+-----------------------------------+----------+
|1     |system_Receiver_ip_0_0             |         1|
|2     |system_axi_adrv9001_0              |         1|
|3     |system_axi_adrv9001_rx1_dma_0      |         1|
|4     |system_axi_adrv9001_rx2_dma_0      |         1|
|5     |system_axi_adrv9001_tx1_dma_0      |         1|
|6     |system_axi_adrv9001_tx2_dma_0      |         1|
|7     |system_axi_hpc0_interconnect_0     |         1|
|8     |system_axi_hpm0_lpd_interconnect_0 |         1|
|9     |system_axi_sysid_0_0               |         1|
|10    |system_pl_sysmon_0                 |         1|
|11    |system_rom_sys_0_0                 |         1|
|12    |system_rx_rstn_inverter_0          |         1|
|13    |system_sys_250m_rstgen_0           |         1|
|14    |system_sys_500m_rstgen_0           |         1|
|15    |system_sys_ps8_0                   |         1|
|16    |system_sys_rstgen_0                |         1|
|17    |system_tx_rstn_inverter_0          |         1|
|18    |system_util_adc_1_pack_0           |         1|
|19    |system_util_adc_2_pack_0           |         1|
|20    |system_util_dac_1_upack_0          |         1|
|21    |system_util_dac_2_upack_0          |         1|
|22    |system_sync_slow_to_fast_0         |         1|
|23    |system_util_delay_0                |         1|
|24    |system_sync_slow_to_fast_1         |         1|
|25    |system_util_delay_1                |         1|
+------+-----------------------------------+----------+

Report Cell Usage: 
+------+---------------------------------+------+
|      |Cell                             |Count |
+------+---------------------------------+------+
|1     |system_Receiver_ip_0             |     1|
|2     |system_axi_adrv9001              |     1|
|3     |system_axi_adrv9001_rx1_dma      |     1|
|4     |system_axi_adrv9001_rx2_dma      |     1|
|5     |system_axi_adrv9001_tx1_dma      |     1|
|6     |system_axi_adrv9001_tx2_dma      |     1|
|7     |system_axi_hpc0_interconnect     |     1|
|8     |system_axi_hpm0_lpd_interconnect |     1|
|9     |system_axi_sysid_0               |     1|
|10    |system_pl_sysmon                 |     1|
|11    |system_rom_sys_0                 |     1|
|12    |system_rx_rstn_inverter          |     1|
|13    |system_sync_slow_to_fast         |     2|
|15    |system_sys_250m_rstgen           |     1|
|16    |system_sys_500m_rstgen           |     1|
|17    |system_sys_ps8                   |     1|
|18    |system_sys_rstgen                |     1|
|19    |system_tx_rstn_inverter          |     1|
|20    |system_util_adc_1_pack           |     1|
|21    |system_util_adc_2_pack           |     1|
|22    |system_util_dac_1_upack          |     1|
|23    |system_util_dac_2_upack          |     1|
|24    |system_util_delay                |     2|
|26    |LUT2                             |     4|
|27    |IBUF                             |     5|
|28    |IBUFDS                           |     2|
|29    |IOBUF                            |    43|
|30    |OBUF                             |    24|
|31    |OBUFDS                           |     1|
+------+---------------------------------+------+
---------------------------------------------------------------------------------
Finished Writing Synthesis Report : Time (s): cpu = 00:01:01 ; elapsed = 00:01:05 . Memory (MB): peak = 3685.965 ; gain = 1170.914 ; free physical = 6937 ; free virtual = 42840
---------------------------------------------------------------------------------
Synthesis finished with 0 errors, 0 critical warnings and 1043 warnings.
Synthesis Optimization Runtime : Time (s): cpu = 00:00:41 ; elapsed = 00:00:43 . Memory (MB): peak = 3685.965 ; gain = 701.629 ; free physical = 6928 ; free virtual = 42831
Synthesis Optimization Complete : Time (s): cpu = 00:01:01 ; elapsed = 00:01:05 . Memory (MB): peak = 3685.965 ; gain = 1170.914 ; free physical = 6928 ; free virtual = 42831
INFO: [Project 1-571] Translating synthesized netlist
Netlist sorting complete. Time (s): cpu = 00:00:00.03 ; elapsed = 00:00:00.02 . Memory (MB): peak = 3685.965 ; gain = 0.000 ; free physical = 7077 ; free virtual = 42982
INFO: [Netlist 29-17] Analyzing 51 Unisim elements for replacement
INFO: [Netlist 29-28] Unisim Transformation completed in 0 CPU seconds
INFO: [Project 1-570] Preparing netlist for logic optimization
INFO: [Opt 31-138] Pushed 0 inverter(s) to 0 load pin(s).
Netlist sorting complete. Time (s): cpu = 00:00:00 ; elapsed = 00:00:00 . Memory (MB): peak = 3685.965 ; gain = 0.000 ; free physical = 7052 ; free virtual = 42955
INFO: [Project 1-111] Unisim Transformation Summary:
  A total of 51 instances were transformed.
  IBUF => IBUF (IBUFCTRL, INBUF): 5 instances
  IBUFDS => IBUFDS (DIFFINBUF, IBUFCTRL): 2 instances
  IOBUF => IOBUF (IBUFCTRL, INBUF, OBUFT): 43 instances
  OBUFDS => OBUFDS_DUAL_BUF (INV, OBUF(x2)): 1 instance 

Synth Design complete | Checksum: fb53838e
INFO: [Common 17-83] Releasing license: Synthesis
152 Infos, 204 Warnings, 0 Critical Warnings and 0 Errors encountered.
synth_design completed successfully
synth_design: Time (s): cpu = 00:01:27 ; elapsed = 00:01:29 . Memory (MB): peak = 3685.965 ; gain = 2083.852 ; free physical = 7052 ; free virtual = 42955
INFO: [Common 17-2834] synth_design peak Physical Memory [PSS] (MB): overall = 2857.000; main = 2751.629; forked = 273.305
INFO: [Common 17-2834] synth_design peak Virtual Memory [VSS] (MB): overall = 4548.863; main = 3612.281; forked = 997.707
Write ShapeDB Complete: Time (s): cpu = 00:00:00.01 ; elapsed = 00:00:00 . Memory (MB): peak = 3685.965 ; gain = 0.000 ; free physical = 7048 ; free virtual = 42951
INFO: [Common 17-1381] The checkpoint '/home/tcollins/dev/qpsk_ai/TransceiverToolbox/trx_examples/targeting/QPSKTxRxHDLExample/hdl_prj_jupiter_txrx/vivado_ip_prj/vivado_prj.runs/synth_1/system_top.dcp' has been generated.
INFO: [Vivado 12-24828] Executing command : report_utilization -file system_top_utilization_synth.rpt -pb system_top_utilization_synth.pb
INFO: [Common 17-206] Exiting Vivado at Tue May 26 19:47:35 2026...
